{"dim": 3, "delta": 2.4, "mu": 10, "dmu": 3.2, "g": -0.3736672803269388, "k_c": 50, "data": [[0.6791238621887797, 1.217246466954867, 0.0], [0.678657786605353, 1.2171943083823826, 0.050505050505050504], [0.6772544016864046, 1.2170377012607418, 0.10101010101010101], [0.674894792235523, 1.2167762499186776, 0.15151515151515152], [0.6715298549684676, 1.216409289718818, 0.20202020202020202], [0.6669775654341101, 1.2159358787468635, 0.25252525252525254], [0.6613007177229608, 1.2153547851160067, 0.30303030303030304], [0.6556007609128168, 1.2146644749148707, 0.35353535353535354], [0.6498242055288818, 1.2138630866357658, 0.40404040404040403], [0.6439257039248131, 1.2129484105664492, 0.45454545454545453], [0.6378679575548558, 1.211917855596698, 0.5050505050505051], [0.6316183785788357, 1.2107684120168867, 0.5555555555555556], [0.6251471373838446, 1.209496604681636, 0.6060606060606061], [0.6184259596320916, 1.208098436343232, 0.6565656565656566], [0.6114273882589071, 1.2065693184796553, 0.7070707070707071], [0.6041242726777295, 1.204903985984754, 0.7575757575757576], [0.5964895299417654, 1.2030963918742466, 0.8080808080808081], [0.5884960034340708, 1.2011395759528387, 0.8585858585858586], [0.5801164742689371, 1.199025499968727, 0.9090909090909091], [0.57132379141025, 1.1967448377747156, 0.9595959595959596], [0.5620911238506332, 1.1942867053584845, 1.0101010101010102], [0.5523923316455209, 1.1916383078452695, 1.0606060606060606], [0.5422024680269041, 1.1887844703223664, 1.1111111111111112], [0.5422024680267695, 1.1887844703223707, 1.1111111111111112], [0.5314984008656942, 1.1857070016126992, 1.1616161616161615], [0.5314984008655703, 1.1857070016126996, 1.1616161616161615], [0.5202595550910547, 1.1823838109046108, 1.2121212121212122], [0.5202595550909237, 1.1823838109045912, 1.2121212121212122], [0.5084687566714904, 1.178787647578428, 1.2626262626262625], [0.5084687566713829, 1.1787876475784262, 1.2626262626262625], [0.4961131525022988, 1.1748842431728335, 1.3131313131313131], [0.49611315250196697, 1.1748842431728368, 1.3131313131313131], [0.4831851650787635, 1.170629458638916, 1.3636363636363635], [0.4831851650786788, 1.1706294586389343, 1.3636363636363635], [0.4696834324108661, 1.16596469336223, 1.4141414141414141], [0.4696834324108034, 1.1659646933622363, 1.4141414141414141], [0.4556136674911428, 1.1608089690066663, 1.4646464646464645], [0.4556136674910879, 1.160808969006666, 1.4646464646464645], [0.44098937082856954, 1.1550441945471308, 1.5151515151515151], [0.4409893708285498, 1.155044194547158, 1.5151515151515151], [0.42583233248526126, 1.1484840359850457, 1.5656565656565655], [0.4258323324852317, 1.1484840359850643, 1.5656565656565655], [0.41017286446948165, 1.1407954280618593, 1.6161616161616161], [0.41017286446946044, 1.1407954280621677, 1.6161616161616161], [0.3940497280540872, 1.1312209107165943, 1.6666666666666667], [0.3940497280540712, 1.1312209107166062, 1.6666666666666667], [0.3775097456875944, 1.1152949602281035, 1.7171717171717171], [0.3775097456875977, 1.1152949602276212, 1.7171717171717171], [0.3606071066094992, 1.092769596787014, 1.7676767676767677], [0.3434024233279776, 1.0716060644551055, 1.8181818181818181], [0.3259615810952576, 1.0517350934308907, 1.8686868686868687], [0.32596158109524787, 1.05173509343128, 1.8686868686868687], [0.3083544715772824, 1.033084908004117, 1.9191919191919191], [0.308354471577284, 1.0330849080045348, 1.9191919191919191], [0.29065369024758664, 1.0155823139788116, 1.9696969696969697], [0.29065369024759546, 1.0155823139792113, 1.9696969696969697], [0.27293323867670827, 0.9991537747832628, 2.0202020202020203], [0.2729332386767135, 0.9991537747836916, 2.0202020202020203], [0.25526737777188263, 0.9837264126450485, 2.0707070707070705], [0.2552673777717189, 0.9837264126454591, 2.0707070707070705], [0.23651043762316673, 0.9692288931327773, 2.121212121212121], [0.23651043762330592, 0.9692288931332353, 2.121212121212121], [0.21496661053709293, 0.9555921556432275, 2.1717171717171717], [0.19037847072612024, 0.9427499926915188, 2.2222222222222223], [0.16157587694363926, 0.9306394967774141, 2.2727272727272725], [0.12583004994240712, 0.9192012793232506, 2.323232323232323], [0.07378148029699064, 0.9083796831767926, 2.3737373737373737], [0.8981227975163861, null, 2.4242424242424243], [0.8883824230829132, null, 2.474747474747475], [0.8791139666438451, null, 2.525252525252525], [0.8702762906101241, null, 2.5757575757575757], [0.8618315235366997, null, 2.6262626262626263], [0.8537448588222054, null, 2.676767676767677], [0.8459843416790366, null, 2.727272727272727], [0.8385206463501691, null, 2.7777777777777777], [0.8313268706075068, null, 2.8282828282828283], [0.824378321210258, null, 2.878787878787879], [0.8176523240156957, null, 2.929292929292929], [0.8111280356848184, null, 2.9797979797979797], [0.8047862725736444, null, 3.0303030303030303], [0.7986093479802018, null, 3.080808080808081], [0.7925809290651795, null, 3.131313131313131], [0.7866858932197108, null, 3.1818181818181817], [0.7809102097050471, null, 3.2323232323232323], [0.7752408216179066, null, 3.282828282828283], [0.7696655407270642, null, 3.3333333333333335], [0.7641729511555027, null, 3.3838383838383836], [0.7587523195841684, null, 3.4343434343434343], [0.7533935135251417, null, 3.484848484848485], [0.7480869243081569, null, 3.5353535353535355], [0.7428233957631191, null, 3.5858585858585856], [0.7375941566798782, null, 3.6363636363636362], [0.7323907582281108, null, 3.686868686868687], [0.7272050101748007, null, 3.7373737373737375], [0.7220289238390281, null, 3.7878787878787876], [0.71685465162254, null, 3.8383838383838382], [0.7116744310189002, null, 3.888888888888889], [0.706480520305082, null, 3.9393939393939394], [0.7012651409439796, null, 3.9898989898989896], [0.6960204098774817, null, 4.040404040404041], [0.690738271895601, null, 4.090909090909091], [0.6854104151393174, null, 4.141414141414141], [0.6800282036842821, null, 4.191919191919192], [0.674582554858784, null, 4.242424242424242], [0.6690638429087108, null, 4.292929292929293], [0.6634617663404588, null, 4.343434343434343], [0.6577651843182233, null, 4.393939393939394], [0.6519619303525047, null, 4.444444444444445], [0.6460386012877253, null, 4.494949494949495], [0.6399801941580623, null, 4.545454545454545], [0.6337698164008443, null, 4.595959595959596], [0.6273881679995431, null, 4.646464646464646], [0.6208129097893214, null, 4.696969696969697], [0.6140178274922605, null, 4.747474747474747], [0.6069716643532926, null, 4.797979797979798], [0.5996364827779438, null, 4.848484848484849], [0.5919652806993627, null, 4.898989898989899], [0.5838983977172505, null, 4.94949494949495], [0.5753578534238502, null, 5.0]]}