{"dim": 3, "delta": 2.4, "mu": 10, "dmu": 3.0, "g": -0.3704768712923317, "k_c": 50, "data": [[0.6604639323797961, 1.0958484941187612, 0.0], [0.6596591461542259, 1.0957818514601454, 0.050505050505050504], [0.6568845138714423, 1.0955816731197963, 0.10101010101010101], [0.6531684798292423, 1.095247206175065, 0.15151515151515152], [0.6496882174738314, 1.094777179557477, 0.20202020202020202], [0.6462897894611922, 1.0941697644643695, 0.25252525252525254], [0.6428931455813767, 1.0934226274441254, 0.30303030303030304], [0.6394473303909175, 1.0925327100028135, 0.35353535353535354], [0.6359147662114761, 1.0914963392919999, 0.40404040404040403], [0.6322643722585601, 1.09030907887713, 0.45454545454545453], [0.6284680433994841, 1.088965616198787, 0.5050505050505051], [0.6244985886416785, 1.087459666037107, 0.5555555555555556], [0.6203283716074349, 1.0857837950189964, 0.6060606060606061], [0.615928299552351, 1.0839292166799124, 0.6565656565656566], [0.6112669895674461, 1.0818855187779723, 0.7070707070707071], [0.6063100207295922, 1.0796403316755165, 0.7575757575757576], [0.6010192343612014, 1.0771788153403004, 0.8080808080808081], [0.5953520211092361, 1.074483064397259, 0.8585858585858586], [0.5892607320638271, 1.071531201289433, 0.9090909090909091], [0.5826920320096233, 1.0682961203397294, 0.9595959595959596], [0.5755864782282185, 1.0647436363864606, 1.0101010101010102], [0.5678782684158984, 1.0608296598447013, 1.0606060606060606], [0.5594954458282264, 1.0564956788979762, 1.1111111111111112], [0.5503606045843954, 1.051661091151067, 1.1616161616161615], [0.5403925033449306, 1.0462091301302041, 1.2121212121212122], [0.529508767731821, 1.0399581048964741, 1.2626262626262625], [0.5295087677321506, 1.0399581048964581, 1.2626262626262625], [0.5176299458164635, 1.0325923027240727, 1.3131313131313131], [0.5176299458169817, 1.03259230272447, 1.3131313131313131], [0.5046850062969068, 1.023446160412585, 1.3636363636363635], [0.5046850062965833, 1.0234461604125837, 1.3636363636363635], [0.4906180929089341, 1.0101621315695515, 1.4141414141414141], [0.49061809290875424, 1.0101621315694156, 1.4141414141414141], [0.475395957480701, 0.9798627692327705, 1.4646464646464645], [0.4590150499547984, 0.9501714714024901, 1.5151515151515151], [0.44150695907642995, 0.9229562018027396, 1.5656565656565655], [0.4229409204868375, 0.8981371420355243, 1.6161616161616161], [0.4034225979542621, 0.8756007359213831, 1.6666666666666667], [0.38308915101412927, 0.8552041774087704, 1.7171717171717171], [0.36210145213706046, 0.8367827829269986, 1.7676767676767677], [0.34063487343387777, 0.8201588414738672, 1.8181818181818181], [0.3188701470758581, 0.8051504161892283, 1.8686868686868687], [0.29698547126448605, 0.7915789461491144, 1.9191919191919191], [0.27515050656136814, 0.7792749852712897, 1.9696969696969697], [0.2535223990823506, 0.7680819436502787, 2.0202020202020203], [0.2322436151041497, 0.7578580504630369, 2.0707070707070705], [0.21144119976687112, 0.7484769624834794, 2.121212121212121], [0.19122704151910935, 0.7398273261503956, 2.1717171717171717], [0.17105581535408215, 0.7318117908830747, 2.2222222222222223], [0.14611926342365839, 0.7243457349202821, 2.2727272727272725], [0.11427047602510278, 0.7173558042848276, 2.323232323232323], [0.06721356864262634, 0.7107785368789472, 2.3737373737373737], [0.7045589815195219, null, 2.4242424242424243], [0.698649554861925, null, 2.474747474747475], [0.6930089516854717, null, 2.525252525252525], [0.6876012260103208, null, 2.5757575757575757], [0.6823949943082893, null, 2.6262626262626263], [0.6773627535887687, null, 2.676767676767677], [0.6724803002690622, null, 2.727272727272727], [0.6677262359185281, null, 2.7777777777777777], [0.6630815468911107, null, 2.8282828282828283], [0.6585292487125928, null, 2.878787878787879], [0.6540540777094399, null, 2.929292929292929], [0.6496422353094623, null, 2.9797979797979797], [0.6452811600386964, null, 3.0303030303030303], [0.6409593368728439, null, 3.080808080808081], [0.6366661296150365, null, 3.131313131313131], [0.632391632243486, null, 3.1818181818181817], [0.628126537979133, null, 3.2323232323232323], [0.6238620253485421, null, 3.282828282828283], [0.6195896497910649, null, 3.3333333333333335], [0.6153012464005847, null, 3.3838383838383836], [0.6109888371452116, null, 3.4343434343434343], [0.6066445421305887, null, 3.484848484848485], [0.6022604912822023, null, 3.5353535353535355], [0.59782873560298, null, 3.5858585858585856], [0.593341154401048, null, 3.6363636363636362], [0.5887893563702754, null, 3.686868686868687], [0.5841645710923976, null, 3.7373737373737375], [0.5794575269950597, null, 3.7878787878787876], [0.5746583116329589, null, 3.8383838383838382], [0.5697562055529668, null, 3.888888888888889], [0.5647394863809705, null, 3.9393939393939394], [0.5595951846692435, null, 3.9898989898989896], [0.5543087851191114, null, 4.040404040404041], [0.5488638412487877, null, 4.090909090909091], [0.5432414808369453, null, 4.141414141414141], [0.5374197590961758, null, 4.191919191919192], [0.531372761070651, null, 4.242424242424242], [0.5250693969033025, null, 4.292929292929293], [0.5184716588015217, null, 4.343434343434343], [0.5115320741648627, null, 4.393939393939394], [0.5041898155520274, null, 4.444444444444445], [0.49636447919284044, null, 4.494949494949495], [0.4879455338546993, null, 4.545454545454545], [0.47877301748114004, null, 4.595959595959596], [0.468598400369225, null, 4.646464646464646], [0.4685984003692111, null, 4.646464646464646], [0.4569924830786587, null, 4.696969696969697], [0.45699248307865914, null, 4.696969696969697], [0.4430691971863056, null, 4.747474747474747], [0.44306919718630056, null, 4.747474747474747], [0.42410385637018616, null, 4.797979797979798], [0.4241038563701329, null, 4.797979797979798], [0.2980794602338579, null, 4.848484848484849]]}