{"dim": 3, "delta": 2.4, "mu": 10, "dmu": 2.85, "g": -0.3677100852622088, "k_c": 50, "data": [[0.2720925296892294, 0.5459449562784661, 2.0], [0.2531125953455884, 0.5470365264596837, 2.0303030303030303], [0.25311259534564357, 0.5470365264597226, 2.0303030303030303], [0.23502910173503722, 0.547800789843707, 2.0606060606060606], [0.23502910173498606, 0.5478007898436739, 2.0606060606060606], [0.21777662346086357, 0.5483018258205918, 2.090909090909091], [0.2177766234612655, 0.5483018258206268, 2.090909090909091], [0.20130682868370725, 0.5485862468980284, 2.121212121212121], [0.2013068286837438, 0.5485862468980279, 2.121212121212121], [0.18558289878413164, 0.5486892241176582, 2.1515151515151514], [0.18558289878419085, 0.5486892241176465, 2.1515151515151514], [0.17057604774666835, 0.5486377545134657, 2.1818181818181817], [0.17057604774673998, 0.5486377545134183, 2.1818181818181817], [0.15626326179240743, 0.5484529742667569, 2.212121212121212], [0.15626326179251496, 0.5484529742667489, 2.212121212121212], [0.1426257823363213, 0.5481516985400681, 2.242424242424242], [0.14262578233644238, 0.5481516985399361, 2.242424242424242], [0.1296480614851928, 0.5477474803600416, 2.2727272727272725], [0.12964806148518773, 0.5477474803596343, 2.2727272727272725], [0.11477853049215855, 0.5472513691354491, 2.303030303030303], [0.11477853049206753, 0.5472513691358823, 2.303030303030303], [0.0960553915559742, 0.5466724612310522, 2.3333333333333335], [0.09605539155547144, 0.5466724612313265, 2.3333333333333335], [null, 0.5460183078092218, 2.3636363636363638], [null, 0.5452952220123277, 2.393939393939394], [null, 0.5445085135645926, 2.4242424242424243], [null, 0.5436626704390763, 2.4545454545454546], [null, 0.5427615008759881, 2.484848484848485], [null, 0.5418082461575807, 2.515151515151515], [null, 0.5408056700818502, 2.5454545454545454], [null, 0.5397561314500009, 2.5757575757575757], [null, 0.5386616433817197, 2.606060606060606], [null, 0.5375239170837708, 2.6363636363636362], [null, 0.5363444094924927, 2.666666666666667], [null, 0.535124347230851, 2.6969696969696972], [null, 0.5338647577343194, 2.7272727272727275], [null, 0.5325664906915097, 2.757575757575758], [null, 0.5312302360655836, 2.787878787878788], [null, 0.5298565407665227, 2.8181818181818183], [null, 0.5284458202165693, 2.8484848484848486], [null, 0.5269983696167508, 2.878787878787879], [null, 0.5255143715032188, 2.909090909090909], [null, 0.5239939083818917, 2.9393939393939394], [null, 0.5224369575078354, 2.9696969696969697], [null, 0.5208434063225172, 3.0], [null, 0.5192130493958584, 3.0303030303030303], [null, 0.5175455972238748, 3.0606060606060606], [null, 0.5158406667443146, 3.090909090909091], [null, 0.5140977929287366, 3.121212121212121], [null, 0.5123164230554313, 3.1515151515151514], [null, 0.5104959167050855, 3.1818181818181817], [null, 0.5086355434016201, 3.212121212121212], [null, 0.506734480446064, 3.242424242424242], [null, 0.5047918088410032, 3.2727272727272725], [null, 0.5028065087528051, 3.3030303030303028], [null, 0.5007774538552837, 3.3333333333333335], [null, 0.4987034045736285, 3.3636363636363638], [null, 0.496583000069422, 3.393939393939394], [null, 0.4944147488335265, 3.4242424242424243], [null, 0.49219701772369395, 3.4545454545454546], [null, 0.4899280191137614, 3.484848484848485], [null, 0.48760579596815856, 3.515151515151515], [null, 0.48522820443571385, 3.5454545454545454], [null, 0.4827928934803368, 3.5757575757575757], [null, 0.48029728112042497, 3.6060606060606064], [null, 0.47773852639104464, 3.6363636363636367], [null, 0.47511349635526245, 3.666666666666667], [null, 0.4724187267461755, 3.6969696969696972], [null, 0.46965037672889126, 3.7272727272727275], [null, 0.4668041687441272, 3.757575757575758], [null, 0.46387532704695694, 3.787878787878788], [null, 0.46085849004904045, 3.8181818181818183], [null, 0.45774761127064845, 3.8484848484848486], [null, 0.45453582767139755, 3.878787878787879], [null, 0.4512153293921369, 3.909090909090909], [null, 0.44777710473049775, 3.9393939393939394], [null, 0.44421073664351096, 3.9696969696969697], [null, 0.44050403898364043, 4.0], [null, 0.4366426135736956, 4.03030303030303], [null, 0.4326092415428909, 4.0606060606060606], [null, 0.4283830402650996, 4.090909090909091], [null, 0.42393825834232474, 4.121212121212121], [null, 0.4192425039979389, 4.151515151515151], [null, 0.414254034879956, 4.181818181818182], [null, 0.4089174150616569, 4.212121212121213], [null, 0.4031561336589432, 4.242424242424242], [null, 0.3968590618711794, 4.272727272727273], [null, 0.38985288041700183, 4.303030303030303], [null, 0.38183675811360807, 4.333333333333334], [null, 0.3721840555856383, 4.363636363636363], [null, 0.35891468539320726, 4.3939393939393945], [null, 0.3589146853934702, 4.3939393939393945], [0.2611494566658522, null, 4.424242424242424]]}