{"dim": 3, "delta": 2.4, "mu": 10, "dmu": 3.025, "g": -0.37090256423333795, "k_c": 50, "data": [[0.6630139260511719, 1.1120542567476004, 0.0001], [0.662288337456282, 1.1119897927515872, 0.05060404040404041], [0.6599689679987168, 1.1117966817858114, 0.10110808080808081], [0.6559548590742572, 1.1114742400373039, 0.1516121212121212], [0.6520968463540375, 1.1110213149492438, 0.2021161616161616], [0.6483345996162165, 1.1104362659578568, 0.252620202020202], [0.6445789793515175, 1.1097169356714107, 0.3031242424242424], [0.6407735539727148, 1.1088606105414358, 0.35362828282828285], [0.6368770554190335, 1.107863970097344, 0.40413232323232323], [0.6328557262005644, 1.1067230214019252, 0.4546363636363636], [0.6286794325352887, 1.105433016243406, 0.5051404040404041], [0.6243194300070973, 1.1039883461351703, 0.5556444444444445], [0.6197469324927333, 1.1023824095016723, 0.6061484848484848], [0.6149320922478061, 1.1006074431618726, 0.6566525252525253], [0.6098432091807268, 1.0986543042061039, 0.7071565656565657], [0.6044460683252376, 1.0965121905442157, 0.757660606060606], [0.5987033639197282, 1.0941682697007087, 0.8081646464646465], [0.5925741933822863, 1.0916071866008763, 0.8586686868686869], [0.5860136320465685, 1.08881039140934, 0.9091727272727272], [0.5789724231696791, 1.0857552043532306, 0.9596767676767677], [0.5713968356984342, 1.0824134776117311, 1.0101808080808081], [0.5632287827347071, 1.078749618712886, 1.0606848484848486], [0.5544063060469185, 1.0747175476780584, 1.111188888888889], [0.5448645678037204, 1.0702557949558236, 1.1616929292929292], [0.5345375077758833, 1.0652790507206193, 1.2121969696969697], [0.534537507776339, 1.0652790507206158, 1.2121969696969697], [0.5233602954547181, 1.0596624147286253, 1.26270101010101], [0.5233602954542643, 1.0596624147286362, 1.26270101010101], [0.5112726758607508, 1.053208357264855, 1.3132050505050505], [0.5112726758604127, 1.053208357264921, 1.3132050505050505], [0.4982231694859615, 1.0455642877470668, 1.363709090909091], [0.4982231694857276, 1.0455642877466524, 1.363709090909091], [0.48417394337392855, 1.0359417587891016, 1.4142131313131314], [0.4841739433738048, 1.035941758789104, 1.4142131313131314], [0.4691058881433683, 1.0201858931148062, 1.4647171717171716], [0.4691058881433115, 1.0201858931147803, 1.4647171717171716], [0.45302329149072945, 0.9903275236699914, 1.515221212121212], [0.4359573245103883, 0.9627644995972533, 1.5657252525252525], [0.41796763085904975, 0.9374259984036808, 1.616229292929293], [0.39914157401304146, 0.914216245834418, 1.6667333333333334], [0.3795911255226395, 0.8930171882998286, 1.7172373737373738], [0.3594478275290454, 0.8736931409028023, 1.7677414141414143], [0.33885659674941315, 0.8560966246058858, 1.8182454545454545], [0.317969251961781, 0.8400745138851343, 1.868749494949495], [0.2969385499835211, 0.8254737174479455, 1.9192535353535354], [0.2759132298787377, 0.8121458639994799, 1.9697575757575758], [0.2550343341605929, 0.7999507555709096, 2.0202616161616165], [0.23443278551884278, 0.788758588273281, 2.0707656565656567], [0.21422806763683785, 0.7784511022363353, 2.1212696969696974], [0.19452777975403507, 0.7689218863648466, 2.1717737373737376], [0.1945277797540569, 0.7689218863650638, 2.1717737373737376], [0.173901025176751, 0.7600760933327163, 2.2222777777777782], [0.148303596336926, 0.7518297509725985, 2.2727818181818185], [0.11586156166581857, 0.7441088727070361, 2.3232858585858587], [0.0680633907502176, 0.7368484574089061, 2.3737898989898993], [0.7299915085458263, null, 2.4242939393939396], [0.7234880295432538, null, 2.47479797979798], [0.7172941760248605, null, 2.5253020202020204], [0.7113714308153483, null, 2.575806060606061], [0.7056858908330365, null, 2.6263101010101013], [0.7002076381956455, null, 2.6768141414141415], [0.6949101900927259, null, 2.727318181818182], [0.6897700262232294, null, 2.7778222222222224], [0.6847661679645157, null, 2.828326262626263], [0.6798798304991046, null, 2.8788303030303033], [0.6750941107605495, null, 2.9293343434343435], [0.6703937220560922, null, 2.979838383838384], [0.665764763259604, null, 3.0303424242424244], [0.6611945177172971, null, 3.080846464646465], [0.6566712791861228, null, 3.1313505050505053], [0.6521841957786015, null, 3.181854545454546], [0.6477231334000345, null, 3.232358585858586], [0.6432785552581547, null, 3.2828626262626264], [0.6388414102441525, null, 3.333366666666667], [0.6344030320453506, null, 3.3838707070707073], [0.6299550450296858, null, 3.434374747474748], [0.6254892753084709, null, 3.484878787878788], [0.6209976645724429, null, 3.535382828282829], [0.6164721847871388, null, 3.585886868686869], [0.6119047518875326, null, 3.6363909090909092], [0.6072871362887955, null, 3.68689494949495], [0.602610866786252, null, 3.73739898989899], [0.5978671265094648, null, 3.7879030303030308], [0.5930466336145305, null, 3.838407070707071], [0.5881395174864955, null, 3.888911111111111], [0.583135141962852, null, 3.939415151515152], [0.5780219377847874, null, 3.989919191919192], [0.5727871653990096, null, 4.040423232323232], [0.5674166347564777, null, 4.0909272727272725], [0.561894349081563, null, 4.141431313131313], [0.5562020469204633, null, 4.191935353535354], [0.5503185992536362, null, 4.242439393939394], [0.5442192154187645, null, 4.292943434343434], [0.5378743172786977, null, 4.3434474747474745], [0.5312480052888611, null, 4.393951515151515], [0.5242957912064375, null, 4.444455555555556], [0.5169611926387997, null, 4.494959595959596], [0.5091703844272986, null, 4.545463636363636], [0.5008233017154833, null, 4.5959676767676765], [0.49177780032585666, null, 4.646471717171717], [0.4818187203523286, null, 4.696975757575758], [0.47058897013754847, null, 4.747479797979798], [0.47058897013754986, null, 4.747479797979798], [0.457401471945156, null, 4.797983838383838], [0.4574014719451603, null, 4.797983838383838], [0.4404871098815862, null, 4.8484878787878785], [0.4404871098816135, null, 4.8484878787878785], [0.3828004743815269, null, 4.898991919191919]]}