{"dim": 3, "delta": 2.4, "mu": 10, "dmu": 3.01, "g": -0.37064820365623924, "k_c": 50, "data": [[0.6614941926992367, 1.1023730471204858, 0.0001], [0.6607221412810868, 1.1023071492778742, 0.05060404040404041], [0.658144740416936, 1.1021097344766857, 0.10110808080808081], [0.6542623567764358, 1.1017800781653786, 0.1516121212121212], [0.6506282153860675, 1.1013169585472011, 0.2021161616161616], [0.6470812327151719, 1.100718636254199, 0.252620202020202], [0.6435377032981424, 1.0999828185374594, 0.3031242424242424], [0.6399444462851392, 1.0991066241336407, 0.35362828282828285], [0.6362623643369804, 1.0980865189487719, 0.40413232323232323], [0.6324592581019547, 1.0969182473194115, 0.4546363636363636], [0.6285061548978826, 1.095596739704505, 0.5051404040404041], [0.6243751819007513, 1.0941159944596948, 0.5556444444444445], [0.6200381759932794, 1.0924689297320362, 0.6061484848484848], [0.6154656695731272, 1.0906471923352845, 0.6566525252525253], [0.6106260752512379, 1.0886409118070814, 0.7071565656565657], [0.6054849746292771, 1.0864383787797103, 0.757660606060606], [0.6000044669330492, 1.0840256187834147, 0.8081646464646465], [0.59414256396942, 1.0813858186198355, 0.8586686868686869], [0.5878526385614444, 1.078498535677056, 0.9091727272727272], [0.5810829620512498, 1.075338583425095, 0.9596767676767677], [0.5737763925815609, 1.0718744120589354, 1.0101808080808081], [0.565870312573101, 1.0680656708285052, 1.0606848484848486], [0.5572969456508883, 1.0638593743283058, 1.111188888888889], [0.54798423999852, 1.0591835326458439, 1.1616929292929292], [0.5378575147483473, 1.053935787074822, 1.2121969696969697], [0.5378575147486282, 1.053935787074828, 1.2121969696969697], [0.526842082543426, 1.0479610846239127, 1.26270101010101], [0.5268420825438946, 1.0479610846239398, 1.26270101010101], [0.5148670186613308, 1.0410012853940136, 1.3132050505050505], [0.5148670186609043, 1.0410012853942048, 1.3132050505050505], [0.501870086214314, 1.0325529360640409, 1.363709090909091], [0.5018700862140215, 1.0325529360640335, 1.363709090909091], [0.4878036470756285, 1.021230963314094, 1.4142131313131314], [0.487803647075479, 1.021230963314064, 1.4142131313131314], [0.47264099711758406, 0.9962993624348061, 1.4647171717171716], [0.45638232285583413, 0.9665387773227934, 1.515221212121212], [0.4390592107017337, 0.939176399566598, 1.5657252525252525], [0.4207367126286904, 0.9141363581154094, 1.616229292929293], [0.4015123483707987, 0.8913130387163744, 1.6667333333333334], [0.3815120372273405, 0.8705747066145022, 1.7172373737373738], [0.3608836106363661, 0.8517695946986887, 1.7677414141414143], [0.33978900075111496, 0.8347333499297928, 1.8182454545454545], [0.31839631789867046, 0.819296630108077, 1.868749494949495], [0.296872798963487, 0.8052918576693464, 1.9192535353535354], [0.2753792375316679, 0.792558529352139, 1.9697575757575758], [0.2540660904178531, 0.7809468771590629, 2.0202616161616165], [0.23307114783922872, 0.7703199938042102, 2.0707656565656567], [0.21251851280017228, 0.7605546958190363, 2.1212696969696974], [0.19251851854683885, 0.751541469715919, 2.1717737373737376], [0.19251851854686797, 0.7515414697161418, 2.1717737373737376], [0.17220294496598637, 0.7431837884670384, 2.2222777777777782], [0.14698733373795994, 0.7353970722642091, 2.2727818181818185], [0.1148912314061527, 0.7281075356556145, 2.3232858585858587], [0.06751733328094227, 0.7212509035656657, 2.3737898989898993], [0.7147712467095998, null, 2.4242939393939396], [0.7086198728561547, null, 2.47479797979798], [0.7027543350955058, null, 2.5253020202020204], [0.6971375521245226, null, 2.575806060606061], [0.6917370426911278, null, 2.6263101010101013], [0.6865242622742748, null, 2.6768141414141415], [0.6814740328009574, null, 2.727318181818182], [0.6765640534748554, null, 2.7778222222222224], [0.6717744822370715, null, 2.828326262626263], [0.667087577343809, null, 2.8788303030303033], [0.6624873903333096, null, 2.9293343434343435], [0.657959502198711, null, 2.979838383838384], [0.6534907959152431, null, 3.0303424242424244], [0.6490692599206098, null, 3.080846464646465], [0.6446838166567821, null, 3.1313505050505053], [0.6403241716483902, null, 3.181854545454546], [0.6359806799193327, null, 3.232358585858586], [0.6316442282442598, null, 3.2828626262626264], [0.6273061262061971, null, 3.333366666666667], [0.6229580069921429, null, 3.3838707070707073], [0.6185917340099462, null, 3.434374747474748], [0.6141993119233388, null, 3.484878787878788], [0.6097728004903339, null, 3.535382828282829], [0.605304224971161, null, 3.585886868686869], [0.6007854885540916, null, 3.6363909090909092], [0.5962083401470375, null, 3.68689494949495], [0.591563952822556, null, 3.73739898989899], [0.5868434474385065, null, 3.7879030303030308], [0.5820371247714622, null, 3.838407070707071], [0.5771346332397134, null, 3.888911111111111], [0.5721247255136502, null, 3.939415151515152], [0.5669950411288427, null, 3.989919191919192], [0.5617318380009803, null, 4.040423232323232], [0.5563196506387605, null, 4.0909272727272725], [0.5507408805530961, null, 4.141431313131313], [0.5449751869946625, null, 4.191935353535354], [0.5389987789063673, null, 4.242439393939394], [0.5327833656555448, null, 4.292943434343434], [0.526294722721562, null, 4.3434474747474745], [0.5194906161558501, null, 4.393951515151515], [0.5123177015604082, null, 4.444455555555556], [0.5047066915220111, null, 4.494959595959596], [0.4965644245993342, null, 4.545463636363636], [0.48775997222592005, null, 4.5959676767676765], [0.4780980557676778, null, 4.646471717171717], [0.4672617221370246, null, 4.696975757575758], [0.4672617221370169, null, 4.696975757575758], [0.4546636555724417, null, 4.747479797979798], [0.45466365557243665, null, 4.747479797979798], [0.4389118141227723, null, 4.797983838383838], [0.43891181412279157, null, 4.797983838383838], [0.41228089124375666, null, 4.8484878787878785], [0.13915264628500734, null, 4.898991919191919]]}