{"dim": 3, "delta": 2.4, "mu": 10, "dmu": 3.1, "g": -0.3721303222839676, "k_c": 50, "data": [[0.670228547275358, 1.1587428356491185, 0.0], [0.6696572352228569, 1.1586846596821947, 0.050505050505050504], [0.6679154943167828, 1.1585099567267405, 0.10101010101010101], [0.6648679379639701, 1.1582182004176844, 0.15151515151515152], [0.6602335007957916, 1.1578085033013894, 0.20202020202020202], [0.6555152560973894, 1.1572796064050652, 0.25252525252525254], [0.6508263009177896, 1.1566298588328832, 0.30303030303030304], [0.6460959431366621, 1.1558571928685013, 0.35353535353535354], [0.6412738536523181, 1.1549590907553366, 0.40404040404040403], [0.6363202297655371, 1.153932547108814, 0.45454545454545453], [0.6312008859698157, 1.1527740092701015, 0.5050505050505051], [0.6258845285393259, 1.1514793209359115, 0.5555555555555556], [0.6203411077308761, 1.150043638219439, 0.6060606060606061], [0.6145407519241024, 1.1484613307669884, 0.6565656565656566], [0.6084530409221246, 1.146725857242675, 0.7070707070707071], [0.6020464980032045, 1.1448296080710005, 0.7575757575757576], [0.5952882407503335, 1.1427637061540314, 0.8080808080808081], [0.5881437657914287, 1.1405177485958835, 0.8585858585858586], [0.5805768655469344, 1.138079472315827, 0.9090909090909091], [0.5725496874158404, 1.1354343088421877, 0.9595959595959596], [0.5640229678599162, 1.1325647838132296, 1.0101010101010102], [0.5549564621225941, 1.1294496877254563, 1.0606060606060606], [0.5453096179581757, 1.1260629006910687, 1.1111111111111112], [0.535042524452015, 1.122371675261838, 1.1616161616161615], [0.535042524451743, 1.1223716752618227, 1.1616161616161615], [0.5241171628119983, 1.1183340288095824, 1.2121212121212122], [0.5241171628117706, 1.1183340288095809, 1.2121212121212122], [0.512498960653267, 1.1138946006539414, 1.2626262626262625], [0.5124989606530549, 1.1138946006539363, 1.2626262626262625], [0.5001586433722409, 1.1089776672100633, 1.3131313131313131], [0.5001586433720735, 1.1089776672100613, 1.3131313131313131], [0.48707427534107733, 1.1034744339519595, 1.3636363636363635], [0.4870742753409693, 1.1034744339519729, 1.3636363636363635], [0.4732334197620451, 1.0972173224587483, 1.4141414141414141], [0.4732334197619628, 1.0972173224587805, 1.4141414141414141], [0.4586351969802693, 1.0899191779052582, 1.4646464646464645], [0.45863519698022315, 1.0899191779054762, 1.4646464646464645], [0.44329207036416596, 1.0809858206413094, 1.5151515151515151], [0.44329207036413104, 1.0809858206413174, 1.5151515151515151], [0.4272311189186574, 1.0683963696944694, 1.5656565656565655], [0.42723111891864246, 1.0683963696943706, 1.5656565656565655], [0.4104946216320877, 1.0432314890785443, 1.6161616161616161], [0.39313981928016517, 1.0186866897528233, 1.6666666666666667], [0.37523784173944963, 0.9958731066030105, 1.7171717171717171], [0.35687187770671563, 0.9747021904527082, 1.7676767676767677], [0.3381347690487067, 0.9550774941795133, 1.8181818181818181], [0.3381347690487164, 0.9550774941794852, 1.8181818181818181], [0.3191262683705015, 0.9368974819330044, 1.8686868686868687], [0.3191262683705054, 0.9368974819328852, 1.8686868686868687], [0.2999502008232389, 0.9200573678882553, 1.9191919191919191], [0.2999502008232244, 0.9200573678882163, 1.9191919191919191], [0.28071178942675173, 0.9044522834178106, 1.9696969696969697], [0.28071178942675434, 0.90445228341697, 1.9696969696969697], [0.2615152613853925, 0.8899790750571414, 2.0202020202020203], [0.26151526138539427, 0.8899790750564427, 2.0202020202020203], [0.24246189319441727, 0.8765381372859465, 2.0707070707070705], [0.24246189319441963, 0.8765381372861921, 2.0707070707070705], [0.22364850333395378, 0.8640347458404182, 2.121212121212121], [0.2236485033339697, 0.8640347458405699, 2.121212121212121], [0.20443522696553917, 0.852379965737733, 2.1717171717171717], [0.20443522696550162, 0.8523799657376973, 2.1717171717171717], [0.1816078578099728, 0.8414911758180582, 2.2222222222222223], [0.15443366353345664, 0.8312922892056632, 2.2727272727272725], [0.1204417787559939, 0.821713721451958, 2.323232323232323], [0.0707027144304533, 0.812692182248031, 2.3737373737373737], [0.8041703453060945, null, 2.4242424242424243], [0.7960964437558649, null, 2.474747474747475], [0.7884238266841983, null, 2.525252525252525], [0.7811105048813822, null, 2.5757575757575757], [0.7741187033726145, null, 2.6262626262626263], [0.7674144326156445, null, 2.676767676767677], [0.7609670923016791, null, 2.727272727272727], [0.7547490924761384, null, 2.7777777777777777], [0.7487355249929362, null, 2.8282828282828283], [0.7429038532465155, null, 2.878787878787879], [0.7372336388405422, null, 2.929292929292929], [0.7317062935931286, null, 2.9797979797979797], [0.7263048606369844, null, 3.0303030303030303], [0.7210138167120546, null, 3.080808080808081], [0.7158188969263323, null, 3.131313131313131], [0.7107069372411449, null, 3.1818181818181817], [0.705665733698036, null, 3.2323232323232323], [0.7006839156831922, null, 3.282828282828283], [0.6957508312578803, null, 3.3333333333333335], [0.6908564436810792, null, 3.3838383838383836], [0.6859912354447295, null, 3.4343434343434343], [0.6811461201494092, null, 3.484848484848485], [0.6763123597975979, null, 3.5353535353535355], [0.6714814864614664, null, 3.5858585858585856], [0.6666452267502097, null, 3.6363636363636362], [0.6617954275239527, null, 3.686868686868687], [0.6569239818926208, null, 3.7373737373737375], [0.6520227534331257, null, 3.7878787878787876], [0.6470834977536225, null, 3.8383838383838382], [0.6420977769002152, null, 3.888888888888889], [0.6370568683159664, null, 3.9393939393939394], [0.6319516630070652, null, 3.9898989898989896], [0.6267725496483828, null, 4.040404040404041], [0.6215092737319224, null, 4.090909090909091], [0.6161507852706425, null, 4.141414141414141], [0.6106850449430526, null, 4.191919191919192], [0.6050987839290257, null, 4.242424242424242], [0.5993772173052536, null, 4.292929292929293], [0.5935036696600512, null, 4.343434343434343], [0.5874590974320745, null, 4.393939393939394], [0.5812214588170258, null, 4.444444444444445], [0.5747648692343102, null, 4.494949494949495], [0.5680584356775988, null, 4.545454545454545], [0.5610646155385483, null, 4.595959595959596], [0.5537368210930035, null, 4.646464646464646], [0.546015798635688, null, 4.696969696969697], [0.5378239055223869, null, 4.747474747474747], [0.5290555464257327, null, 4.797979797979798], [0.5195600121130894, null, 4.848484848484849], [0.5091075998274167, null, 4.898989898989899], [0.509107599827415, null, 4.898989898989899], [0.49731297818784964, null, 4.94949494949495], [0.49731297818784537, null, 4.94949494949495], [0.48342042741371305, null, 5.0], [0.4834204274137319, null, 5.0]]}