{"dim": 3, "delta": 2.4, "mu": 10, "dmu": 2.95, "g": -0.3695977745109435, "k_c": 50, "data": [[0.6550713548043382, 1.0623048555019965, 0.0], [0.653975102595467, 1.0622324850791323, 0.050505050505050504], [0.6508401887714531, 1.0620150643234707, 0.10101010101010101], [0.6480261161579005, 1.0616516565251026, 0.15151515151515152], [0.6453839483915957, 1.0611406799070755, 0.20202020202020202], [0.6427992691478726, 1.0604798739728616, 0.25252525252525254], [0.6402124551069476, 1.0596662512000736, 0.30303030303030304], [0.637585326660642, 1.0586960303289659, 0.35353535353535354], [0.6348894113073419, 1.0575645482008502, 0.40404040404040403], [0.6321007622824221, 1.0562661451308246, 0.45454545454545453], [0.6291972490325495, 1.0547940158791846, 0.5050505050505051], [0.6261569063936397, 1.053140017047044, 0.5555555555555556], [0.6229567604809202, 1.0512944160412758, 0.6060606060606061], [0.6195718650400238, 1.0492455612483378, 0.6565656565656566], [0.6159743948394354, 1.046979442562481, 0.7070707070707071], [0.6121327138809722, 1.0444790965072885, 0.7575757575757576], [0.6080103519809933, 1.041723785063937, 0.8080808080808081], [0.6035648455313549, 1.0386878315974934, 0.8585858585858586], [0.5987464073497375, 1.0353389265784, 0.9090909090909091], [0.5934964096013181, 1.0316355661156578, 0.9595959595959596], [0.5877456946300144, 1.0275230080067175, 1.0101010101010102], [0.5814127855685045, 1.0229265255656093, 1.0606060606060606], [0.5744021683603315, 1.0177393059550954, 1.1111111111111112], [0.5666029770071751, 1.011798536950728, 1.1616161616161615], [0.5578886618652679, 1.0048310077557654, 1.2121212121212122], [0.5481185229955892, 0.9962979865158164, 1.2626262626262625], [0.5371423232279755, 0.9846903110646429, 1.3131313131313131], [0.5371423232279556, 0.9846903110645293, 1.3131313131313131], [0.5248093080576354, 0.9563587842651444, 1.3636363636363635], [0.5109825528926276, 0.9209904428375483, 1.4141414141414141], [0.4955582087060649, 0.8886783077884248, 1.4646464646464645], [0.4784868833354232, 0.8594557110121241, 1.5151515151515151], [0.4597918860536724, 0.833286906140142, 1.5656565656565655], [0.43957813962046993, 0.8100575597064095, 1.6161616161616161], [0.4180277105566404, 0.7895786851584319, 1.6666666666666667], [0.3953826455226157, 0.771603325529502, 1.7171717171717171], [0.371920352573888, 0.7558507392765327, 1.7676767676767677], [0.3479284446531204, 0.7420311679198069, 1.8181818181818181], [0.3236843799022154, 0.7298658527888532, 1.8686868686868687], [0.2994421282550308, 0.7191000415113491, 1.9191919191919191], [0.2754255908005255, 0.7095093421498637, 1.9696969696969697], [0.25182695151249185, 0.7009011057510147, 2.0202020202020203], [0.22880821114033079, 0.6931127250510557, 2.0707070707070705], [0.20650428866426201, 0.6860083672521541, 2.121212121212121], [0.18502669515480863, 0.6794753001590125, 2.1717171717171717], [0.16446718463473942, 0.6734199893110031, 2.2222222222222223], [0.14134597938583507, 0.6677649521122221, 2.2727272727272725], [0.11079888610393977, 0.6624457782406178, 2.323232323232323], [0.06527221198610901, 0.6574087385329065, 2.3737373737373737], [0.652608804673343, null, 2.4242424242424243], [0.6480080339100894, null, 2.474747474747475], [0.6435742617916977, null, 2.525252525252525], [0.6392800541266522, null, 2.5757575757575757], [0.6351018382843343, null, 2.6262626262626263], [0.6310192266843407, null, 2.676767676767677], [0.6270144484949814, null, 2.727272727272727], [0.6230718921742802, null, 2.7777777777777777], [0.6191777292295448, null, 2.8282828282828283], [0.6153196047560566, null, 2.878787878787879], [0.6114863770597183, null, 2.929292929292929], [0.6076679032385544, null, 2.9797979797979797], [0.6038548542441027, null, 3.0303030303030303], [0.6000385608452037, null, 3.080808080808081], [0.5962108721190358, null, 3.131313131313131], [0.5923640409071291, null, 3.1818181818181817], [0.5884906129772158, null, 3.2323232323232323], [0.5845833297827788, null, 3.282828282828283], [0.5806350350680781, null, 3.3333333333333335], [0.5766385861164726, null, 3.3838383838383836], [0.5725867650313996, null, 3.4343434343434343], [0.5684721884897482, null, 3.484848484848485], [0.5642872125012605, null, 3.5353535353535355], [0.5600238295059111, null, 3.5858585858585856], [0.5556735537560797, null, 3.6363636363636362], [0.5512272905847132, null, 3.686868686868687], [0.5466751835822453, null, 3.7373737373737375], [0.5420064326194429, null, 3.7878787878787876], [0.5372090721364204, null, 3.8383838383838382], [0.5322696963547042, null, 3.888888888888889], [0.5271731121777178, null, 3.9393939393939394], [0.5219018923996337, null, 3.9898989898989896], [0.5164357858661369, null, 4.040404040404041], [0.510750947513644, null, 4.090909090909091], [0.5048188256987328, null, 4.141414141414141], [0.4986046734507343, null, 4.191919191919192], [0.4920653197725349, null, 4.242424242424242], [0.48514583893453744, null, 4.292929292929293], [0.4777742999405862, null, 4.343434343434343], [0.46985303618252294, null, 4.393939393939394], [0.4612430827030123, null, 4.444444444444445], [0.4517337337187524, null, 4.494949494949495], [0.44097463328569947, null, 4.545454545454545], [0.4409746332857066, null, 4.545454545454545], [0.428289944833969, null, 4.595959595959596], [0.42828994483396277, null, 4.595959595959596], [0.4119316760347243, null, 4.646464646464646], [0.4119316760347956, null, 4.646464646464646], [0.3506707867405845, null, 4.696969696969697]]}