{"dim": 3, "delta": 2.4, "mu": 10, "dmu": 2.85, "g": -0.3677100852622088, "k_c": 50, "data": [[0.6423734691452923, 0.9895148483707604, 0.001], [0.6418325994203726, 0.9894991472565524, 0.021191919191919192], [0.6414231210913686, 0.9894548608503054, 0.041383838383838384], [0.6410998008811603, 0.98938194513165, 0.061575757575757575], [0.6408172612854482, 0.989280330264884, 0.08176767676767677], [0.6405591984938935, 0.9891499176709457, 0.10195959595959596], [0.6403177771775153, 0.9889905802439832, 0.12215151515151515], [0.640088635851949, 0.988802162609038, 0.14234343434343433], [0.6398691291230878, 0.9885844782652624, 0.16253535353535353], [0.6396575683747805, 0.9883373108963994, 0.18272727272727274], [0.6394528471325284, 0.9880604122351015, 0.20291919191919192], [0.639254238062026, 0.9877535010948958, 0.2231111111111111], [0.6390612749609889, 0.9874162619468296, 0.2433030303030303], [0.6388736806845184, 0.9870483433690703, 0.2634949494949495], [0.6386913211886958, 0.9866493563037559, 0.28368686868686865], [0.6385141754893525, 0.9862188719566739, 0.30387878787878786], [0.6383423156812154, 0.9857564191292117, 0.32407070707070706], [0.6381758936508041, 0.9852614820919438, 0.34426262626262627], [0.6380151321779837, 0.9847334893719711, 0.3644545454545455], [0.6378603195461044, 0.984171851036153, 0.3846464646464646], [0.6377118063999652, 0.9835758733764022, 0.40483838383838383], [0.6375700045881122, 0.982944836054404, 0.42503030303030304], [0.637435387482726, 0.9822779470927772, 0.4452222222222222], [0.6373084918376448, 0.9815743424582737, 0.4654141414141414], [0.637189920610547, 0.9808330916579304, 0.4856060606060606], [0.6370803471661635, 0.9800531680849146, 0.5057979797979798], [0.6369805206516942, 0.9792334632124431, 0.525989898989899], [0.6368912725434535, 0.9783727662059741, 0.5461818181818182], [0.6368135246795279, 0.9774697555435471, 0.5663737373737373], [0.6367482987840904, 0.9765229865390918, 0.5865656565656565], [0.636696727405528, 0.9755308774721825, 0.6067575757575757], [0.6366600678534262, 0.9744916921312637, 0.6269494949494949], [0.6366397168322052, 0.9734035213348273, 0.6471414141414141], [0.6366372298239434, 0.9722642591243976, 0.6673333333333333], [0.6366543420546596, 0.9710715763845373, 0.6875252525252525], [0.636692994549387, 0.9698228875384401, 0.7077171717171717], [0.6367553646270594, 0.9685153126007613, 0.727909090909091], [0.6368439027512334, 0.9671456292296535, 0.74810101010101], [0.6369613758966918, 0.9657102158673985, 0.7682929292929292], [0.6371109213015919, 0.9642049802829867, 0.7884848484848485], [0.637296110855831, 0.9626252716238427, 0.8086767676767677], [0.6375210303315302, 0.9609657688778565, 0.8288686868686869], [0.6377903775194832, 0.9592203392660746, 0.8490606060606061], [0.6381095843714822, 0.9573818527850746, 0.8692525252525253], [0.6384849709010202, 0.9554419400680597, 0.8894444444444444], [0.6389239411102638, 0.9533906678367051, 0.9096363636363636], [0.6394352354624967, 0.9512160902400918, 0.9298282828282828], [0.6400292605018019, 0.9489036207102656, 0.950020202020202], [0.6407185258771806, 0.9464351215376934, 0.9702121212121212], [0.6415182334473356, 0.9437875348831528, 0.9904040404040404], [0.6424470878909129, 0.940930738696183, 1.0105959595959595], [0.6435284335650912, 0.9378239967155602, 1.0307878787878786], [0.6447918983779706, 0.9344096667144678, 1.050979797979798], [0.6462758299253147, 0.9306009439712534, 1.071171717171717], [0.6480310633346054, 0.9262546342850896, 1.0913636363636363], [0.6501269697141097, 0.9210966150218314, 1.1115555555555554], [0.6526617618045326, 0.9144164209852174, 1.1317474747474745], [0.6557812797642748, 0.8985720102230729, 1.1519393939393938], [0.6557812797643122, 0.8985720102231848, 1.1519393939393938], [0.6597166074824456, 0.8716335710726228, 1.172131313131313], [0.6648699450598029, 0.8437626200637358, 1.1923232323232322], [0.6720545917503322, 0.8141431130159725, 1.2125151515151513], [0.6834674606913436, 0.7805756147791981, 1.2327070707070706]]}