{"dim": 3, "delta": 2.4, "mu": 10, "dmu": 2.9, "g": -0.36867755569680166, "k_c": 50, "data": [[0.6491508396313551, 1.02699869634344, 0.0], [0.6474458204939003, 1.0269190163253143, 0.050505050505050504], [0.6453615288306738, 1.0266795774230482, 0.10101010101010101], [0.6435798176508727, 1.026279172822789, 0.15151515151515152], [0.6419092177866076, 1.0257157593151625, 0.20202020202020202], [0.6402800172459917, 1.0249864072283095, 0.25252525252525254], [0.6386567453215988, 1.024087226288834, 0.30303030303030304], [0.6370173963249826, 1.0230132631359217, 0.35353535353535354], [0.6353461285774786, 1.0217583635485903, 0.40404040404040403], [0.6336300451139723, 1.0203149901157953, 0.45454545454545453], [0.6318575058337794, 1.018673981103189, 0.5050505050505051], [0.630017086123152, 1.0168242306363497, 0.5555555555555556], [0.6280968130131822, 1.0147522610560114, 0.6060606060606061], [0.6260834970685455, 1.0124416426409113, 0.6565656565656566], [0.6239620507532415, 1.0098721891801516, 0.7070707070707071], [0.6217147075687568, 1.0070188233863047, 0.7575757575757576], [0.6193200570144763, 1.0038499231708122, 0.8080808080808081], [0.6167517908637125, 1.000324831576489, 0.8585858585858586], [0.6139770239446461, 0.9963899428575971, 0.9090909090909091], [0.6109539947613908, 0.9919722111149654, 0.9595959595959596], [0.6076288647645333, 0.9869676117558782, 1.0101010101010102], [0.6039312171386114, 0.9812186298791051, 1.0606060606060606], [0.5997676866868252, 0.9744641044723631, 1.1111111111111112], [0.5950129941718816, 0.9662015332661127, 1.1616161616161615], [0.5894975090202575, 0.955120791478863, 1.2121212121212122], [0.5894975090202292, 0.9551207914787935, 1.2121212121212122], [0.5829909532823793, 0.9273688058025819, 1.2626262626262625], [0.5751833065162969, 0.8824802190753093, 1.3131313131313131], [0.5656691543282443, 0.8408894028586409, 1.3636363636363635], [0.553952140113285, 0.8030691107857658, 1.4141414141414141], [0.5395006550619041, 0.769532291822411, 1.4646464646464645], [0.5218841291378811, 0.7406949804203635, 1.5151515151515151], [0.500962991821073, 0.7166856122267419, 1.5656565656565655], [0.47701088630864086, 0.6972221863157378, 1.6161616161616161], [0.4506537710807976, 0.681672571664383, 1.6666666666666667], [0.4226701877250428, 0.6692537314240291, 1.7171717171717171], [0.3938021448018169, 0.6592203889262919, 1.7676767676767677], [0.36466008336042005, 0.6509596449986523, 1.8181818181818181], [0.33570780252824445, 0.6440057021898851, 1.8686868686868687], [0.3072844041660226, 0.6380176094622411, 1.9191919191919191], [0.27963429991394223, 0.632748999287757, 1.9696969696969697], [0.2529334540697398, 0.6280216387427723, 2.0202020202020203], [0.2273092161686722, 0.6237054344025394, 2.0707070707070705], [0.2028544418522643, 0.6197042206104715, 2.121212121212121], [0.17963733078302938, 0.6159458469265303, 2.1717171717171717], [0.15770826825128872, 0.6123753660626622, 2.2222222222222223], [0.135985956939388, 0.608950278604978, 2.2727272727272725], [0.10699737083956457, 0.605637214061174, 2.323232323232323], [0.06316807327028535, 0.6024095783227585, 2.3737373737373737], [0.5992458672768771, null, 2.4242424242424243], [0.596128440172007, null, 2.474747474747475], [0.5930426170158495, null, 2.525252525252525], [0.5899760059455684, null, 2.5757575757575757], [0.5869179920092193, null, 2.6262626262626263], [0.5838593492220666, null, 2.676767676767677], [0.5807919368473908, null, 2.727272727272727], [0.5777084612598293, null, 2.7777777777777777], [0.5746022857331908, null, 2.8282828282828283], [0.571467275357186, null, 2.878787878787879], [0.568297671438656, null, 2.929292929292929], [0.5650879788142261, null, 2.9797979797979797], [0.5618328807492264, null, 3.0303030303030303], [0.5585271466424871, null, 3.080808080808081], [0.5551655645510578, null, 3.131313131313131], [0.5517428665569247, null, 3.1818181818181817], [0.5482536597792039, null, 3.2323232323232323], [0.5446923563635799, null, 3.282828282828283], [0.5410531008144521, null, 3.3333333333333335], [0.5373296907900005, null, 3.3838383838383836], [0.5335154905873117, null, 3.4343434343434343], [0.5296033322767145, null, 3.484848484848485], [0.5255854012081005, null, 3.5353535353535355], [0.5214531011469131, null, 3.5858585858585856], [0.5171968901597741, null, 3.6363636363636362], [0.5128060818630221, null, 3.686868686868687], [0.5082685959722986, null, 3.7373737373737375], [0.5035706442317448, null, 3.7878787878787876], [0.4986963235581954, null, 3.8383838383838382], [0.4936270860425817, null, 3.888888888888889], [0.4883410241509659, null, 3.9393939393939394], [0.48281191813293434, null, 3.9898989898989896], [0.47700783847095574, null, 4.040404040404041], [0.47088921741441253, null, 4.090909090909091], [0.4644059065762819, null, 4.141414141414141], [0.45749259940910086, null, 4.191919191919192], [0.45006136921696815, null, 4.242424242424242], [0.4419885843937844, null, 4.292929292929293], [0.43308999668929243, null, 4.343434343434343], [0.42306725994039657, null, 4.393939393939394], [0.4230672599403997, null, 4.393939393939394], [0.41137044873855216, null, 4.444444444444445], [0.41137044873855155, null, 4.444444444444445], [0.396712799064418, null, 4.494949494949495], [0.39671279906449813, null, 4.494949494949495], [0.37267370187331256, null, 4.545454545454545]]}