{"dim": 3, "delta": 2.4, "mu": 10, "dmu": 3.05, "g": -0.37131973087069203, "k_c": 50, "data": [[0.6654847136562243, 1.1279224794330238, 0.0001], [0.6648217224451441, 1.1278602243508666, 0.05060404040404041], [0.6627610763322025, 1.1276737426847094, 0.10110808080808081], [0.6588800529690493, 1.1273624105454167, 0.1516121212121212], [0.6546673995957527, 1.1269251771053606, 0.2021161616161616], [0.6505655613911506, 1.1263605479839534, 0.252620202020202], [0.6464767716565616, 1.1256665604174085, 0.3031242424242424], [0.6423395220917218, 1.124840749752632, 0.35362828282828285], [0.6381092363948907, 1.1238801057655001, 0.40413232323232323], [0.6337498672620516, 1.1227810172350894, 0.4546363636363636], [0.6292296581283806, 1.121539201845936, 0.5051404040404041], [0.6245187421399265, 1.1201496178287127, 0.5556444444444445], [0.6195876388186101, 1.1186063532511525, 0.6061484848484848], [0.6144062258827406, 1.1169024863349999, 0.6566525252525253], [0.6089429795927983, 1.1150299037051215, 0.7071565656565657], [0.6031643815146044, 1.112979089366919, 0.757660606060606], [0.5970344423970584, 1.1107387951077903, 0.8081646464646465], [0.5905143277143371, 1.108295683726295, 0.8586686868686869], [0.5835620920100089, 1.1056337900771296, 0.9091727272727272], [0.5761325500578814, 1.1027338107513542, 0.9596767676767677], [0.5681773310823279, 1.0995721054771697, 1.0101808080808081], [0.5596451799042749, 1.0961192599702496, 1.0606848484848486], [0.5504825881942379, 1.0923379462480975, 1.111188888888889], [0.5406348426417875, 1.088179602687752, 1.1616929292929292], [0.530047582501, 1.0835790082067602, 1.2121969696969697], [0.5300475825006024, 1.0835790082067691, 1.2121969696969697], [0.5186689362730066, 1.078444808043902, 1.26270101010101], [0.5186689362726756, 1.0784448080438886, 1.26270101010101], [0.5064522508059836, 1.0726414546988463, 1.3132050505050505], [0.506452250805729, 1.0726414546988834, 1.3132050505050505], [0.4933593473931521, 1.0659500711400143, 1.363709090909091], [0.4933593473929716, 1.0659500711400995, 1.363709090909091], [0.4793641398997532, 1.0579656168348768, 1.4142131313131314], [0.4793641398996368, 1.0579656168348013, 1.4142131313131314], [0.46445626913976185, 1.047705004493617, 1.4647171717171716], [0.46445626913971344, 1.0477050044936127, 1.4647171717171716], [0.4486443615272038, 1.0280725001322661, 1.515221212121212], [0.44864436152717924, 1.0280725001322957, 1.515221212121212], [0.43195841335780194, 1.0002327917979015, 1.5657252525252525], [0.4144508736872842, 0.9744803428469153, 1.616229292929293], [0.39619615228487387, 0.9507317977064168, 1.6667333333333334], [0.3772885296821827, 0.9288863322409421, 1.7172373737373738], [0.3578387020625616, 0.908828728100112, 1.7677414141414143], [0.3379694156916526, 0.8904333951130123, 1.8182454545454545], [0.3379694156916496, 0.8904333951131471, 1.8182454545454545], [0.3178107298408161, 0.8735687910562344, 1.868749494949495], [0.29749543532010136, 0.8581017220654289, 1.9192535353535354], [0.2771550258157592, 0.8439011142090368, 1.9697575757575758], [0.25691646120906814, 0.8308410208727346, 2.0202616161616165], [0.2368998021283007, 0.818802788075108, 2.0707656565656567], [0.21721667470506523, 0.807676415452799, 2.1212696969696974], [0.21721667470529715, 0.8076764154532441, 2.1212696969696974], [0.19796945413976563, 0.7973612320043236, 2.1717737373737376], [0.19796945414002873, 0.7973612320046286, 2.1717737373737376], [0.17659647806155604, 0.7877660357554931, 2.2222777777777782], [0.15042076679991098, 0.7788088442924019, 2.2727818181818185], [0.11742982290501601, 0.7704163880614315, 2.3232858585858587], [0.06894836843782401, 0.7625234526156008, 2.3737898989898993], [0.7550721493201777, null, 2.4242939393939396], [0.7480111694985847, null, 2.47479797979798], [0.7412950607333922, null, 2.5253020202020204], [0.7348835459343758, null, 2.575806060606061], [0.7287408980095831, null, 2.6263101010101013], [0.7228353761169813, null, 2.6768141414141415], [0.7171387176552599, null, 2.727318181818182], [0.7116256994711919, null, 2.7778222222222224], [0.7062737318655767, null, 2.828326262626263], [0.7010625247670562, null, 2.8788303030303033], [0.6959737798242667, null, 2.9293343434343435], [0.6909909267939368, null, 2.979838383838384], [0.6860988919855556, null, 3.0303424242424244], [0.681283894995495, null, 3.080846464646465], [0.6765332692284243, null, 3.1313505050505053], [0.6718353071980968, null, 3.181854545454546], [0.6671791147402714, null, 3.232358585858586], [0.6625544896441564, null, 3.2828626262626264], [0.6579518080210405, null, 3.333366666666667], [0.6533619204253848, null, 3.3838707070707073], [0.648776057003959, null, 3.434374747474748], [0.6441857383841035, null, 3.484878787878788], [0.6395826909318902, null, 3.535382828282829], [0.6349587642390475, null, 3.585886868686869], [0.6303058493889607, null, 3.6363909090909092], [0.6256157959473649, null, 3.68689494949495], [0.6208803256704543, null, 3.73739898989899], [0.6160909404098359, null, 3.7879030303030308], [0.611238822291502, null, 3.838407070707071], [0.6063147207983818, null, 3.888911111111111], [0.6013088255850502, null, 3.939415151515152], [0.5962106172619432, null, 3.989919191919192], [0.5910086896692771, null, 4.040423232323232], [0.5856905354036247, null, 4.0909272727272725], [0.580242281389512, null, 4.141431313131313], [0.574648354145361, null, 4.191935353535354], [0.568891064979561, null, 4.242439393939394], [0.5629500313224983, null, 4.292943434343434], [0.5568014647927961, null, 4.3434474747474745], [0.5504171522915052, null, 4.393951515151515], [0.5437630555068487, null, 4.444455555555556], [0.5367972927595804, null, 4.494959595959596], [0.5294671362903154, null, 4.545463636363636], [0.5217043554957337, null, 4.5959676767676765], [0.5134176208795195, null, 4.646471717171717], [0.5044792994224779, null, 4.696975757575758], [0.4947004601061817, null, 4.747479797979798], [0.483777764107761, null, 4.797983838383838], [0.4837777641077596, null, 4.797983838383838], [0.4711589525646283, null, 4.8484878787878785], [0.4711589525646368, null, 4.8484878787878785], [0.45558125123320875, null, 4.898991919191919], [0.45558125123324, null, 4.898991919191919], [0.4314151395912842, null, 4.94949595959596], [0.22112334102588976, null, 5.0]]}