{"dim": 1, "delta": 0.2, "mu": 10, "dmu": 0.7, "g": -3.077012439639267, "data": [[0.1000588837788118, 0.11371485920423752, 0.001], [0.1000508161286542, 0.11372310866041302, 0.00301010101010101], [0.10003466212526495, 0.11373962983279011, 0.00502020202020202], [0.10001042504245232, 0.11376442569671996, 0.00703030303030303], [0.09997810989525675, 0.1137975007171927, 0.00904040404040404], [0.0999377246326265, 0.11383886085871504, 0.01105050505050505], [0.09988927196499003, 0.11388851359192059, 0.01306060606060606], [0.09983276463576565, 0.11394646790975307, 0.015070707070707071], [0.09976821380256373, 0.11401273433849902, 0.017080808080808082], [0.09969563220685451, 0.114087324965842, 0.019090909090909092], [0.0996150341978334, 0.11417025347471191, 0.021101010101010103], [0.0995264357195322, 0.11426153519590583, 0.023111111111111114], [0.0994298543232072, 0.11436118719836869, 0.02512121212121212], [0.09932530918093044, 0.11446922841991358, 0.02713131313131313], [0.09921282111239724, 0.11458567994085439, 0.02914141414141414], [0.09909241260546348, 0.11471056552925991, 0.031151515151515152], [0.09896410788640368, 0.11484391311940072, 0.03316161616161616], [0.09882793298377081, 0.11498576166863278, 0.03517171717171717], [0.09868391586848513, 0.11513615050131347, 0.037181818181818184], [0.09853208665831951, 0.11529502179959611, 0.039191919191919194], [0.09837247794442584, 0.11546246996289224, 0.041202020202020205], [0.09820512533436382, 0.11563853538926154, 0.043212121212121216], [0.09803006836973713, 0.11582326581038489, 0.045222222222222226], [0.0978473521150241, 0.11601672045904168, 0.04723232323232324], [0.09765703002582105, 0.11621897799653969, 0.04924242424242424], [0.09745916937238434, 0.11643015240873361, 0.05125252525252525], [0.09725386211302642, 0.11665042674806404, 0.05326262626262626], [0.09704124856419523, 0.11688012926443132, 0.05527272727272727], [0.09682157551202816, 0.11711991498316272, 0.05728282828282828], [0.09659537313524627, 0.11737120916520052, 0.05929292929292929], [0.09636440752726622, 0.11763719838019511, 0.061303030303030304], [0.0961306643348579, 0.11792446890646749, 0.06331313131313131], [0.09589269822521654, 0.11823433483264553, 0.06532323232323232], [0.09571165092673661, 0.11841833337794937, 0.06733333333333333], [0.0953813594302309, 0.11875156695067632, 0.06934343434343435], [0.09504224445001248, 0.11908501179199636, 0.07135353535353535], [0.09470510926031507, 0.11475900471676369, 0.07336363636363637], [0.09457008572543947, 0.10830809920358997, 0.07537373737373737], [0.09402998711129408, null, 0.07738383838383839], [0.09369143679612116, null, 0.07939393939393939]]}