{"dim": 1, "delta": 0.2, "mu": 10, "dmu": 0.3, "g": -3.077012439639267, "data": [[0.025488850395151325, 0.05969588783298685, 0.001], [0.025477596569583264, 0.059707286979908895, 0.005030303030303031], [0.02545130746025081, 0.05973392964949339, 0.00906060606060606], [0.02541000111387417, 0.0597758314103106, 0.013090909090909094], [0.025353705830414186, 0.05983301677357353, 0.017121212121212124], [0.025282460074764566, 0.05990551924025221, 0.021151515151515154], [0.025196312348426092, 0.059993381346721227, 0.025181818181818187], [0.02509532103392443, 0.06009665463523683, 0.029212121212121217], [0.024979554195782, 0.06021540009237488, 0.03324242424242425], [0.02484908935577085, 0.060349689921241775, 0.03727272727272728], [0.024704013224870734, 0.06049960296212119, 0.04130303030303031], [0.02454442140015717, 0.060665229048713604, 0.04533333333333334], [0.024370418022960937, 0.06084666798194386, 0.04936363636363637], [0.024182115398410343, 0.06104402976298954, 0.0533939393939394], [0.023979633568922028, 0.061257434858274264, 0.05742424242424243], [0.02376309984358119, 0.0614870144938983, 0.06145454545454546], [0.02353264828207393, 0.061732910999586554, 0.06548484848484849], [0.02328841912338543, 0.06199527819976047, 0.06951515151515153], [0.02303055815900034, 0.06227428188377305, 0.07354545454545455], [0.022759216046410458, 0.06257010039051032, 0.07757575757575759], [0.02247454755061306, 0.06288292537977944, 0.08160606060606061], [0.02217671071133621, 0.06321296294746266, 0.08563636363636365], [0.021865865922752227, 0.0635604353922437, 0.08966666666666667], [0.021542174914435348, 0.06392558435814301, 0.09369696969696971], [0.021205799618979525, 0.06430867706493534, 0.09772727272727275], [0.020856900908668194, 0.0647100201069936, 0.10175757575757577], [0.02049563717758638, 0.06512999370870381, 0.1057878787878788], [0.02012216274188163, 0.06556914905536494, 0.10981818181818183], [0.019736626027671737, 0.06602854489409092, 0.11384848484848487], [0.019339167494366923, 0.06651186434895422, 0.11787878787878789], [0.01892991725272684, 0.06702023200216359, 0.12190909090909093], [0.018508992300181645, 0.06725277957352066, 0.12593939393939393], [0.01807649328763342, 0.06813624586892573, 0.12996969696969699], [0.01763250071601034, 0.06851902083988187, 0.134], [0.017177070405286172, 0.06919455972671204, 0.13803030303030306], [0.016710228068084164, 0.06987077526692367, 0.14206060606060608], [0.016231962704865814, 0.06808439723284598, 0.1460909090909091], [0.015742218576528015, 0.06495855981974875, 0.15012121212121213], [0.015240885183446944, 0.062009898328566786, 0.15415151515151518], [0.014727784777200534, 0.05922547776943477, 0.1581818181818182], [0.014202656491228536, 0.05659367688446146, 0.16221212121212122], [0.013665135945305416, 0.05410402738425627, 0.16624242424242427], [0.013114728628965913, 0.051747076256486925, 0.1702727272727273], [0.012550774590734523, 0.049514267379996944, 0.17430303030303032], [0.011972400718255881, 0.0473978393575145, 0.17833333333333334], [0.011378454866273056, 0.045390737011822946, 0.1823636363636364], [0.010767412651974652, 0.043486534490448044, 0.18639393939393942], [0.010137241979695285, 0.04167936818488401, 0.19042424242424244], [0.009485197104497323, 0.03996387809407181, 0.1944545454545455], [0.008807499974071872, 0.03833515635131231, 0.19848484848484851], [0.008098806738786414, 0.03678870198752222, 0.20251515151515154], [0.007351275010299464, 0.035320380992253285, 0.20654545454545456], [0.006552778275023805, 0.03392639100349389, 0.2105757575757576], [0.005683084047080941, 0.03260323000517512, 0.21460606060606063], [0.004704180688958407, 0.03134766850570639, 0.21863636363636366], [0.003527831838217405, 0.03015672475603342, 0.22266666666666668], [0.001804433439562149, 0.02902764262667981, 0.22669696969696973], [0.0279578718162606, null, 0.23072727272727275], [0.02694505010858362, null, 0.23475757575757578], [0.025986987436850822, null, 0.23878787878787883], [0.025081651541290495, null, 0.24281818181818185], [0.024227155039827798, null, 0.24684848484848487], [0.023421743747547154, null, 0.25087878787878787], [0.022663786114794592, null, 0.2549090909090909], [0.021951763648561308, null, 0.25893939393939397], [0.0212842622234263, null, 0.262969696969697], [0.02065996418035534, null, 0.267], [0.020077641133158217, null, 0.27103030303030307], [0.01953614740959555, null, 0.2750606060606061], [0.019034414063563057, null, 0.2790909090909091], [0.018571443398093093, null, 0.28312121212121216], [0.018146303953635763, null, 0.28715151515151516], [0.01775812591031791, null, 0.2911818181818182], [0.017406096876905926, null, 0.29521212121212126], [0.01708945799960664, null, 0.29924242424242425], [0.016807500409415855, null, 0.3032727272727273], [0.01655956192880534, null, 0.30730303030303036], [0.016345024041917764, null, 0.31133333333333335], [0.016163309096541203, null, 0.3153636363636364], [0.01601387771527389, null, 0.31939393939393945], [0.015896226403836637, null, 0.32342424242424245], [0.01580988532848618, null, 0.3274545454545455], [0.01575441625829179, null, 0.33148484848484855], [0.015729410658136714, null, 0.33551515151515154], [0.015734487916781913, null, 0.3395454545454546], [0.015769293719374952, null, 0.3435757575757576], [0.015833498579680104, null, 0.34760606060606064], [0.015926796607114473, null, 0.3516363636363637], [0.01604890472577896, null, 0.3556666666666667], [0.016199562966155195, null, 0.35969696969696974], [0.01637853772618001, null, 0.3637272727272728], [0.016585634332297556, null, 0.3677575757575758], [0.01682074497429147, null, 0.37178787878787883], [0.017084139363209412, null, 0.3758181818181819], [0.017375855651156142, null, 0.3798484848484849], [0.017695271914132605, null, 0.38387878787878793], [0.01804371305234605, null, 0.387909090909091], [0.018422955249107607, null, 0.391939393939394], [0.018836411648841426, null, 0.395969696969697], [0.019287550752844156, null, 0.4]]}