{"dim": 3, "delta": 0.2, "mu": 10, "dmu": 0.41, "g": -0.32131015897507, "data": [[0.05435846763605865, 0.21059806436233974, 0.001], [0.05432889697594855, 0.2105948509247214, 0.0060404040404040404], [0.05425697127059611, 0.2105870350006441, 0.01108080808080808], [0.05414265434274085, 0.21057461349375267, 0.016121212121212123], [0.05398588738995298, 0.21055758143590664, 0.021161616161616163], [0.05378658713033879, 0.21053593201213847, 0.026202020202020202], [0.05354464324122402, 0.21050965652698703, 0.031242424242424245], [0.053259914981684975, 0.21047874440042721, 0.036282828282828285], [0.052932227003801305, 0.21044318308059112, 0.041323232323232324], [0.05256136416018943, 0.21040295610209916, 0.046363636363636364], [0.05214706531497463, 0.21035805363788992, 0.0514040404040404], [0.05168901593006632, 0.2103084506170825, 0.05644444444444444], [0.05118683927542596, 0.21025412894857767, 0.06148484848484849], [0.05064008604964163, 0.21019506600819884, 0.06652525252525253], [0.0500482220958822, 0.21013123747842452, 0.07156565656565657], [0.049410613902660445, 0.2100626163583129, 0.07660606060606061], [0.04872651139354769, 0.2099891737024939, 0.08164646464646465], [0.047995027428324684, 0.2099108781049693, 0.08668686868686869], [0.04721511327688136, 0.20982769637607412, 0.09172727272727273], [0.04638552903797672, 0.20973959198056427, 0.09676767676767677], [0.04550480772457442, 0.209646526492754, 0.1018080808080808], [0.04457121121999491, 0.2095484587049716, 0.10684848484848485], [0.043582675719382416, 0.20944534475273638, 0.11188888888888888], [0.04253674335269671, 0.2093371379297046, 0.11692929292929292], [0.041430475324760116, 0.20922378863285893, 0.12196969696969698], [0.04026033999002482, 0.20910524431183705, 0.12701010101010102], [0.03902206608801734, 0.20898144873764282, 0.13205050505050506], [0.03771044679528581, 0.20885234357734575, 0.1370909090909091], [0.036319072226507744, 0.20871786562706277, 0.14213131313131314], [0.03483995564753291, 0.2085779488226264, 0.14717171717171718], [0.033262995244834406, 0.2084325231278451, 0.15221212121212122], [0.031575173644138414, 0.20828151449853088, 0.15725252525252525], [0.029759318312844497, 0.20812484464319617, 0.1622929292929293], [0.027792084664242094, 0.20796243077731782, 0.16733333333333333], [0.025640467734418877, 0.20779418543543163, 0.17237373737373737], [0.023255262530697766, 0.20762001612194392, 0.1774141414141414], [0.020557391565155157, 0.20743982501508776, 0.18245454545454545], [0.017404381018557156, 0.2072535087583248, 0.1874949494949495], [0.013483436638834188, 0.20706095789529355, 0.19253535353535353], [0.00770400625613192, 0.2068620565643152, 0.19757575757575757], [null, 0.2066566821327173, 0.2026161616161616], [null, 0.2064447046236271, 0.20765656565656565], [null, 0.20622598620414315, 0.2126969696969697], [null, 0.2060003807069902, 0.21773737373737373], [null, 0.2057677327079307, 0.22277777777777777], [null, 0.2055278773216374, 0.2278181818181818], [null, 0.20528063872750862, 0.23285858585858585], [null, 0.2050258298753117, 0.2378989898989899], [null, 0.20476325120837696, 0.24293939393939395], [null, 0.20449268967224182, 0.247979797979798], [null, 0.20421391736419703, 0.25302020202020203], [null, 0.20392669025729376, 0.25806060606060605], [null, 0.2036307464157174, 0.2631010101010101], [null, 0.20332580487332994, 0.2681414141414141], [null, 0.20301156244814123, 0.2731818181818182], [null, 0.20268769231313272, 0.2782222222222222], [null, 0.20235384113288302, 0.28326262626262627], [null, 0.20200962588000962, 0.2883030303030303], [null, 0.2016546302484301, 0.29334343434343435], [null, 0.2012884003214593, 0.29838383838383836], [null, 0.2009104409206277, 0.30342424242424243], [null, 0.20052020730690756, 0.30846464646464644], [null, 0.20011704647308992, 0.3135050505050505], [null, 0.19970045979284454, 0.3185454545454545], [null, 0.19926954911034067, 0.3235858585858586], [null, 0.1988235493644266, 0.32862626262626266], [null, 0.1983615413914266, 0.33366666666666667], [null, 0.19788248771272468, 0.33870707070707073], [null, 0.19738521035607953, 0.34374747474747475], [null, 0.19686836136712343, 0.3487878787878788], [null, 0.19633038461347965, 0.3538282828282828], [null, 0.1957694667281144, 0.3588686868686869], [null, 0.1951834702632695, 0.3639090909090909], [null, 0.19456984256744636, 0.36894949494949497], [null, 0.19392548766378856, 0.373989898989899], [null, 0.1932465794956026, 0.37903030303030305], [null, 0.19252828106676495, 0.38407070707070706], [null, 0.1917642997956434, 0.38911111111111113], [null, 0.19094613975333938, 0.39415151515151514], [null, 0.1900617426227791, 0.3991919191919192], [null, 0.18909272124664683, 0.4042323232323232], [null, 0.18800768542677204, 0.4092727272727273], [null, 0.1867403163301292, 0.4143131313131313], [null, 0.1849750405820658, 0.41935353535353537], [null, 0.182653246714676, 0.4243939393939394], [null, 0.18040188235223262, 0.42943434343434345], [null, 0.1782175019430864, 0.43447474747474746], [null, 0.17609682973719643, 0.4395151515151515], [null, 0.17403675127433618, 0.44455555555555554], [null, 0.17203430426776398, 0.4495959595959596], [null, 0.17008667100510647, 0.4546363636363636], [null, 0.16819116897651296, 0.4596767676767677], [null, 0.1663452461048784, 0.4647171717171717], [null, 0.1645464695184688, 0.46975757575757576], [null, 0.16279252229580415, 0.4747979797979798], [null, 0.16108119376038296, 0.47983838383838384], [null, 0.15941038082280448, 0.4848787878787879], [null, 0.1577780674155108, 0.4899191919191919], [null, 0.15618233447115346, 0.494959595959596], [null, 0.1546213448952459, 0.5]]}