{"dim": 1, "delta": 0.2, "mu": 10, "dmu": 0.201, "g": -3.077012439639267, "data": [[0.04901494706055941, null, 0.001], [0.049023391610374195, null, 0.005030303030303031], [0.04904312753558843, null, 0.00906060606060606], [0.04907416370872808, null, 0.013090909090909094], [0.049116514170802254, null, 0.017121212121212124], [0.04917019791724708, null, 0.021151515151515154], [0.04923523847403203, null, 0.025181818181818187], [0.04931166579841504, null, 0.029212121212121217], [0.04939951460243796, null, 0.03324242424242425], [0.04949882496619128, null, 0.03727272727272728], [0.04960964243410268, null, 0.04130303030303031], [0.04973201812127325, null, 0.04533333333333334], [0.049866008837036235, null, 0.04936363636363637], [0.05001167722230101, null, 0.0533939393939394], [0.05016909189985248, null, 0.05742424242424243], [0.050338327643555884, null, 0.06145454545454546], [0.05051946556147187, null, 0.06548484848484849], [0.0507125932989354, null, 0.06951515151515153], [0.050917805257975325, null, 0.07354545454545455], [0.051135202840915835, null, 0.07757575757575759], [0.05136489471165711, null, 0.08160606060606061], [0.051606997083717784, null, 0.08563636363636365], [0.05186163403484704, null, 0.08966666666666667], [0.05212893785291341, null, 0.09369696969696971], [0.052409049423468204, null, 0.09772727272727275], [0.05270211865078103, null, 0.10175757575757577], [0.05300830495783106, null, 0.1057878787878788], [0.05332777785469535, null, 0.10981818181818183], [0.053660717634778095, null, 0.11384848484848487], [0.05400731626649821, null, 0.11787878787878789], [0.05436777859590094, null, 0.12190909090909093], [0.0547423241167229, null, 0.12593939393939393], [0.05513118976078923, null, 0.12996969696969699], [0.0555346346711249, null, 0.134], [0.055952948895272525, null, 0.13803030303030306], [0.056386469936141555, null, 0.14206060606060608], [0.056835614150854995, null, 0.1460909090909091], [0.05730092670287693, null, 0.15012121212121213], [0.05778306539068213, null, 0.15415151515151518], [0.05828161890125783, null, 0.1581818181818182], [0.05878181931503134, null, 0.16221212121212122], [0.0590309744725396, null, 0.16624242424242427], [0.05994189842364013, null, 0.1702727272727273], [0.06031554774963101, null, 0.17430303030303032], [0.06099776307001853, null, 0.17833333333333334], [0.06168058894895827, null, 0.1823636363636364], [0.0613279916634329, null, 0.18639393939393942], [0.05951922236199498, null, 0.19042424242424244], [0.057802244285657285, null, 0.1944545454545455], [0.056172139857952746, null, 0.19848484848484851], [0.054624399370258536, null, 0.20251515151515154], [0.053154880946483046, null, 0.20654545454545456], [0.05175977512857952, null, 0.2105757575757576], [0.05043557348459379, null, 0.21460606060606063], [0.049179040709167024, null, 0.21863636363636366], [0.04798718977506529, null, 0.22266666666666668], [0.046857259751367925, null, 0.22669696969696973], [0.04578669595974467, null, 0.23072727272727275], [0.04477313218723499, null, 0.23475757575757578], [0.043814374709927106, null, 0.23878787878787883], [0.042908387914684674, null, 0.24281818181818185], [0.0420532813408696, null, 0.24684848484848487], [0.04124729797144132, null, 0.25087878787878787], [0.040488803644013506, null, 0.2549090909090909], [0.03977627745403315, null, 0.25893939393939397], [0.03910830304461058, null, 0.262969696969697], [0.03848356068739074, null, 0.267], [0.03790082007526386, null, 0.27103030303030307], [0.03735893374823995, null, 0.2750606060606061], [0.03685683109306262, null, 0.2790909090909091], [0.036393512856473485, null, 0.28312121212121216], [0.03596804612241677, null, 0.28715151515151516], [0.03557955943305989, null, 0.2911818181818182], [0.03522723966785812, null, 0.29521212121212126], [0.03491032674848283, null, 0.29924242424242425], [0.03462811014845706, null, 0.3032727272727273], [0.03437992689195226, null, 0.30730303030303036], [0.03416515746586699, null, 0.31133333333333335], [0.033983223288468874, null, 0.3153636363636364], [0.03383358412956716, null, 0.31939393939393945], [0.03371573573146541, null, 0.32342424242424245], [0.033629207623586344, null, 0.3274545454545455], [0.03357356093123312, null, 0.33148484848484855], [0.033548387612462864, null, 0.33551515151515154], [0.033553306983938685, null, 0.3395454545454546], [0.03358796687087962, null, 0.3435757575757576], [0.03365204353728541, null, 0.34760606060606064], [0.033745259094310545, null, 0.3516363636363637], [0.0338672922840244, null, 0.3556666666666667], [0.0340178772971559, null, 0.35969696969696974], [0.034196800486667615, null, 0.3637272727272728], [0.03440385412938958, null, 0.3677575757575758], [0.03463885831473935, null, 0.37178787878787883], [0.034901663493047255, null, 0.3758181818181819], [0.03519214497092232, null, 0.3798484848484849], [0.03551014959919942, null, 0.38387878787878793], [0.035855202500688854, null, 0.387909090909091], [0.036224922253428236, null, 0.391939393939394], [0.03660245470443263, null, 0.395969696969697], [0.03708590307818275, null, 0.4]]}