{"dim": 1, "delta": 0.2, "mu": 10, "dmu": 0.5, "g": -2.8, "data": [[0.0750743020932318, 0.08243537320673959, 0.001], [0.07505854486593123, 0.0824513751256649, 0.00301010101010101], [0.07502699853843263, 0.08248342712152111, 0.00502020202020202], [0.07497967908900316, 0.08253154496114548, 0.00703030303030303], [0.07491661184157278, 0.0825957523815687, 0.00904040404040404], [0.07483782993618318, 0.08267608123709301, 0.01105050505050505], [0.07474337461098793, 0.08277257175810998, 0.01306060606060606], [0.0746332957835783, 0.0828852732114497, 0.015070707070707071], [0.07450765170727282, 0.08301424598350086, 0.017080808080808082], [0.07436650963566625, 0.08315957945466747, 0.019090909090909092], [0.07420994668895696, 0.08332129611680732, 0.021101010101010103], [0.07403805214996488, 0.08349951946448536, 0.023111111111111114], [0.07385093343813846, 0.08369436965306044, 0.02512121212121212], [0.07364873368836919, 0.0839060250428317, 0.02713131313131313], [0.07343169287739021, 0.08413483717379522, 0.02914141414141414], [0.07320043902832982, 0.08438184716978794, 0.031151515151515152], [0.07295826143515406, 0.08465162057789578, 0.03316161616161616], [0.07277361968665855, 0.08495852731002275, 0.03517171717171717], [0.0724729098808012, 0.08528826116402556, 0.037181818181818184], [0.07215678777218627, 0.08268189149732177, 0.039191919191919194], [0.0718258588112036, null, 0.041202020202020205]]}