{"dim": 1, "delta": 0.2, "mu": 10, "dmu": 0.4, "g": -2.8, "data": [[0.05829697135729943, 0.06750718241340739, 0.001], [0.05828439969326703, 0.06752005247647547, 0.00301010101010101], [0.058259231408592405, 0.06754583118946027, 0.00502020202020202], [0.058221479953355366, 0.06758453093199318, 0.00703030303030303], [0.05817116550843178, 0.06763617030356453, 0.00904040404040404], [0.058108315036509164, 0.0677007741691958, 0.01105050505050505], [0.05803296261628535, 0.06777837371864608, 0.01306060606060606], [0.05794514755723975, 0.06786900655304619, 0.015070707070707071], [0.057844915014929534, 0.06797271682421721, 0.017080808080808082], [0.057732319825343, 0.06808955547300567, 0.019090909090909092], [0.057607421964084735, 0.06821958067051796, 0.021101010101010103], [0.057470288098328645, 0.0683628588059887, 0.023111111111111114], [0.05732099175605931, 0.06851946719418527, 0.02512121212121212], [0.057159613696607874, 0.0686895070730917, 0.02713131313131313], [0.056986242736776105, 0.06887307745214007, 0.02914141414141414], [0.05680097753895378, 0.06907022209301573, 0.031151515151515152], [0.05660393077316878, 0.06928114078293617, 0.03316161616161616], [0.05639523939209128, 0.06950607479450199, 0.03517171717171717], [0.05617509289504644, 0.06974552161057425, 0.037181818181818184], [0.05594382460461195, 0.07000088904723133, 0.039191919191919194], [0.05570231127219749, 0.07027713578872134, 0.041202020202020205], [0.05545567250707259, 0.07058880187378322, 0.043212121212121216], [0.05520954637542069, 0.07091853954270622, 0.045222222222222226], [0.0549840329745873, 0.07124085412478733, 0.04723232323232324], [0.05467185752613433, 0.06546005648332529, 0.04924242424242424], [0.054348456245129184, null, 0.05125252525252525], [0.05401452742715011, null, 0.05326262626262626]]}