{"dim": 1, "delta": 0.2, "mu": 10, "dmu": 0.22, "g": -2.8, "data": [[0.024987525824820823, 0.042215172399053535, 0.001], [0.02498054330742525, 0.042222520064994995, 0.00301010101010101], [0.024966564641673863, 0.04223723700754903, 0.00502020202020202], [0.02494559774448391, 0.04225932945156194, 0.00703030303030303], [0.024917654494229412, 0.04228880674691611, 0.00904040404040404], [0.024882750704105613, 0.04232568138240966, 0.01105050505050505], [0.02484090611379988, 0.042369969004678404, 0.01306060606060606], [0.024792144364459326, 0.0424216884389674, 0.015070707070707071], [0.024736492968379035, 0.042480861716327895, 0.017080808080808082], [0.02467398328932583, 0.04254751410458196, 0.019090909090909092], [0.024604650498139726, 0.04262167409562541, 0.021101010101010103], [0.02452853353645967, 0.04270337365288654, 0.023111111111111114], [0.02444567507990414, 0.04279264782382134, 0.02512121212121212], [0.024356121484940346, 0.0428895350960942, 0.02713131313131313], [0.02425992274415589, 0.04299407751996842, 0.02914141414141414], [0.024157132429259737, 0.0431063220311648, 0.031151515151515152], [0.024047807637705018, 0.0432263170191558, 0.03316161616161616], [0.023932008933744427, 0.04335411545810338, 0.03517171717171717], [0.023809800282555763, 0.04348977411620769, 0.037181818181818184], [0.023681248988197255, 0.043633353663893336, 0.039191919191919194], [0.023546425627286306, 0.04378491881309159, 0.041202020202020205], [0.02340540397995227, 0.04394453849162173, 0.043212121212121216], [0.023258260963446808, 0.04411228608801037, 0.045222222222222226], [0.023105076559557985, 0.04428823981368342, 0.04723232323232324], [0.022945933750853298, 0.0444724833025743, 0.04924242424242424], [0.022780918459558964, 0.04466510670349172, 0.05125252525252525], [0.022610119497463218, 0.04486620884169261, 0.05326262626262626], [0.02243362852830145, 0.045075901965921955, 0.05527272727272727], [0.022251540079502686, 0.04529432327837162, 0.05728282828282828], [0.022063951636964948, 0.045521666906789715, 0.05929292929292929], [0.021870964022429475, 0.04575829344864977, 0.061303030303030304], [0.0216726830779767, 0.04600557462589482, 0.06331313131313131], [0.021469231014269938, 0.04626295498118501, 0.06532323232323232], [0.021260653508431183, 0.04653236354518379, 0.06733333333333333], [0.021047095615717062, 0.04681793292276364, 0.06934343434343435], [0.02082866897222566, 0.047124448994792054, 0.07135353535353535], [0.020605487793827655, 0.04745169929736583, 0.07336363636363637], [0.02037766904902486, 0.04779315305482357, 0.07537373737373737], [0.020145332737082054, 0.04814303800799924, 0.07738383838383839], [0.019908602334942724, 0.046245581820416666, 0.07939393939393939], [0.019667605480297293, 0.04416714628849147, 0.08140404040404041], [0.019422475053313418, 0.042193849952396674, 0.08341414141414141], [0.019173350836728623, 0.04031847513434595, 0.08542424242424243], [0.018920382150073273, 0.038534476449801125, 0.08743434343434343], [0.01866373209444335, 0.036835904844489606, 0.08944444444444445], [0.01840358462031318, 0.03521734171886727, 0.09145454545454546], [0.018140156817207584, 0.033673841597790306, 0.09346464646464647], [0.01787372164015292, 0.03220088208942308, 0.09547474747474748], [0.01760465379674034, 0.030794320069022035, 0.09748484848484848], [0.017333535472297396, 0.02945035320037178, 0.0994949494949495], [0.01706145840927805, 0.02816548605367849, 0.1015050505050505], [0.01679134629242487, 0.026936500189881186, 0.10351515151515152], [0.016556601922419426, 0.02576042767943621, 0.10552525252525252], [0.016448687248715795, 0.024634527589111534, 0.10753535353535354], [0.016142644227441362, 0.023556265137219534, 0.10954545454545454], [0.01583446665080039, 0.022523292995905775, 0.11155555555555556], [0.015524303902473302, 0.021533434678336096, 0.11356565656565656], [0.015212305083095368, 0.020584669633915816, 0.11557575757575758], [0.014898619028171637, 0.01967511988060026, 0.11758585858585859], [0.014583394376842966, 0.018803037984857118, 0.1195959595959596], [0.014266779703397988, 0.017966796264869984, 0.1216060606060606], [0.013948923744933195, 0.01716487700728077, 0.12361616161616162], [0.013629975741026873, 0.016395863632105597, 0.1256262626262626], [0.013310085912685215, 0.01565843275661329, 0.12763636363636363], [0.01298940606007488, 0.014951346917308758, 0.12964646464646465], [0.012668090184132542, 0.014273448010112297, 0.13165656565656567], [null, 0.013623651308001377, 0.13366666666666666], [null, 0.01300094001405564, 0.13567676767676767], [null, 0.012404360293242383, 0.1376868686868687], [null, 0.01183301673492612, 0.1396969696969697]]}