{"dim": 1, "delta": 0.2, "mu": 10, "dmu": 0.27, "g": -3.077012439639267, "data": [[0.015798173701788206, 0.056242959233062224, 0.001], [0.015785829729637546, 0.05625342418686101, 0.005030303030303031], [0.015756982049514593, 0.05627788308274765, 0.00906060606060606], [0.015711621534415146, 0.05631634940194166, 0.013090909090909094], [0.015649733330572162, 0.05636884422513842, 0.017121212121212124], [0.015571296157528978, 0.05643539715247068, 0.021151515151515154], [0.015476281343322162, 0.05651604552445393, 0.025181818181818187], [0.01536465154156985, 0.056610833858755955, 0.029212121212121217], [0.015236359109483486, 0.05671981520296632, 0.03324242424242425], [0.0150913440893672, 0.05684305079396892, 0.03727272727272728], [0.014929531735707288, 0.056980610196636056, 0.04130303030303031], [0.014750829502726074, 0.05713257146126949, 0.04533333333333334], [0.01455512338494716, 0.05729902049480342, 0.04936363636363637], [0.014342273472619621, 0.057480055304768976, 0.0533939393939394], [0.014112108541656268, 0.057675778143455536, 0.05742424242424243], [0.013864419443844415, 0.05788630383782914, 0.06145454545454546], [0.013598950974642452, 0.05811175603189741, 0.06548484848484849], [0.013315391812706355, 0.05835226830634235, 0.06951515151515153], [0.013013361938816505, 0.058607984533711986, 0.07354545454545455], [0.012692396775110552, 0.058879059281656425, 0.07757575757575759], [0.012351926924552746, 0.05916565828838535, 0.08160606060606061], [0.01199125195955306, 0.059467959042370566, 0.08563636363636365], [0.011609505996068824, 0.05978615152228049, 0.08966666666666667], [0.011205611697445368, 0.06012043922856671, 0.09369696969696971], [0.010778217578477698, 0.06047104073577253, 0.09772727272727275], [0.010325610623762542, 0.06083819230210945, 0.10175757575757577], [0.00984559120328551, 0.06122215270462559, 0.1057878787878788], [0.009335288406216832, 0.061623213185339996, 0.10981818181818183], [0.008790877098755135, 0.06204172001303107, 0.11384848484848487], [0.008207124337268112, 0.062478131285585194, 0.11787878787878789], [0.007576620129267785, 0.06293317791898154, 0.12190909090909093], [0.006888374935455537, 0.06340839828218382, 0.12593939393939393], [0.0061250024288844246, 0.06390881315372325, 0.12996969696969699], [0.005256225471606814, 0.06443807646172468, 0.134], [0.00422031194198439, 0.06496653003767018, 0.13803030303030306], [0.0028441533395260595, 0.06531809166828004, 0.14206060606060608], [null, 0.06599482086787661, 0.1460909090909091], [null, 0.06667223415500671, 0.15012121212121213], [null, 0.06726995966507111, 0.15415151515151518], [null, 0.06463546887422955, 0.1581818181818182], [null, 0.06200285669794464, 0.16221212121212122], [null, 0.05951246258576103, 0.16624242424242427], [null, 0.05715482695438721, 0.1702727272727273], [null, 0.054921387889974735, 0.17430303030303032], [null, 0.05280437887714571, 0.17833333333333334], [null, 0.05079674020034739, 0.1823636363636364], [null, 0.04889204197357172, 0.18639393939393942], [null, 0.04708441699704162, 0.19042424242424244], [null, 0.0453685020462116, 0.1944545454545455], [null, 0.04373938638828991, 0.19848484848484851], [null, 0.042192566469265114, 0.20251515151515154], [null, 0.04072390595372887, 0.20654545454545456], [null, 0.039329600384564026, 0.2105757575757576], [null, 0.038006145852114, 0.21460606060606063], [null, 0.036750311150024736, 0.21863636363636366], [null, 0.03555911297242459, 0.22266666666666668], [null, 0.034429793776145606, 0.22669696969696973], [null, 0.033359801970527334, 0.23072727272727275], [null, 0.03234677416324637, 0.23475757575757578], [null, 0.03138851921166998, 0.23878787878787883], [null, 0.030483003870647236, 0.24281818181818185], [null, 0.029628339853067703, 0.24684848484848487], [null, 0.02882277214336996, 0.25087878787878787], [null, 0.02806466842447141, 0.2549090909090909], [null, 0.027352509496162934, 0.25893939393939397], [null, 0.026684880579032722, 0.262969696969697], [null, 0.02606046340771764, 0.267], [null, 0.025478029033593693, 0.27103030303030307], [null, 0.024936431260909175, 0.2750606060606061], [null, 0.024434600656111298, 0.2790909090909091], [null, 0.023971539067190947, 0.28312121212121216], [null, 0.02354631460864539, 0.28715151515151516], [null, 0.02315805706281201, 0.2911818181818182], [null, 0.022805953659890365, 0.29521212121212126], [null, 0.022489245198487447, 0.29924242424242425], [null, 0.02220722247691825, 0.3032727272727273], [null, 0.02195922300643543, 0.30730303030303036], [null, 0.021744627978941677, 0.31133333333333335], [null, 0.021562859468849723, 0.3153636363636364], [null, 0.02141337784676558, 0.31939393939393945], [null, 0.021295679387785184, 0.32342424242424245], [null, 0.021209294059578818, 0.3274545454545455], [null, 0.021153783476897434, 0.33148484848484855], [null, 0.0211287390175031, 0.33551515151515154], [null, 0.021133780101383764, 0.3395454545454546], [null, 0.02116855266142965, 0.3435757575757576], [null, 0.0212327278836469, 0.34760606060606064], [null, 0.021326001440752942, 0.3516363636363637], [null, 0.021448093843696822, 0.3556666666666667], [null, 0.021598753877888142, 0.35969696969696974], [null, 0.021777772920828782, 0.3637272727272728], [null, 0.02198507615105433, 0.3677575757575758], [null, 0.02222044799361497, 0.37178787878787883], [null, 0.02248354110843276, 0.3758181818181819], [null, 0.02277452300444392, 0.3798484848484849], [null, 0.02309355683246097, 0.38387878787878793], [null, 0.023441089539307246, 0.387909090909091], [null, 0.023817906536525574, 0.391939393939394], [null, 0.024224081982119325, 0.395969696969697], [null, 0.024647661674989316, 0.4]]}