{"dim": 3, "delta": 2.0, "mu": 10, "dmu": 2.5, "g": -0.364969207512281, "k_c": 50, "data": [[0.5433317544816378, 0.943435376198181, 0.001], [0.5431618968178417, 0.9434193263402685, 0.023608040201005025], [0.5426751297135304, 0.9433737686877017, 0.04621608040201005], [0.5418547645406862, 0.9432986650347486, 0.06882412060301507], [0.5406568271013614, 0.9431939475981372, 0.0914321608040201], [0.5389138185730168, 0.9430595227238604, 0.11404020100502513], [0.5370350214935782, 0.9428952696086362, 0.13664824120603014], [0.5352123212996656, 0.9427010398283417, 0.15925628140703518], [0.5334238062968492, 0.942476656717365, 0.1818643216080402], [0.5316542453212009, 0.9422219144091872, 0.2044723618090452], [0.5298924026674013, 0.9419365771971713, 0.22708040201005025], [0.5281295743989941, 0.9416203782177169, 0.24968844221105527], [0.5263587299202279, 0.9412730184537237, 0.2722964824120603], [0.5245739786238139, 0.9408941650593653, 0.2949045226130653], [0.5227702222201355, 0.94048344999428, 0.31751256281407036], [0.5209429188433712, 0.9400404681102799, 0.34012060301507535], [0.5190879171422922, 0.9395647751255262, 0.3627286432160804], [0.5172013357009403, 0.9390558852940367, 0.38533668341708543], [0.5152794726586117, 0.9385132690096957, 0.4079447236180904], [0.5133187363669047, 0.9379363495475377, 0.43055276381909546], [0.5113155901028075, 0.9373245000406395, 0.4531608040201005], [0.5092665073333539, 0.9366770397005307, 0.4757688442211055], [0.507167934043444, 0.9359932300499378, 0.49837688442211053], [0.505016257007103, 0.9352722693193334, 0.5209849246231155], [0.5028077741229992, 0.9345132882136916, 0.5435929648241206], [0.5005386718335642, 0.933715338969021, 0.5662010050251256], [0.49820499938333157, 0.9328774095083964, 0.5888090452261306], [0.4958026488150056, 0.9319983745203079, 0.6114170854271357], [0.49332733458280625, 0.9310770275215071, 0.6340251256281407], [0.4907745752847945, 0.9301120502031561, 0.6566331658291457], [0.488139675295211, 0.9291020047661466, 0.6792412060301507], [0.4854177089381527, 0.9280453203351212, 0.7018492462311557], [0.4826035050562278, 0.9269402771245472, 0.7244572864321608], [0.4796916334005394, 0.9257849881779192, 0.7470653266331658], [0.4766763931333091, 0.9245773774393983, 0.7696733668341709], [0.4735518031961436, 0.9233151543475019, 0.7922814070351759], [0.4703115962954699, 0.9219957835461601, 0.8148894472361808], [0.46694921604750433, 0.9206164482307454, 0.8374974874371859], [0.4634578189800417, 0.919174005596565, 0.8601055276381909], [0.4598302821529125, 0.9176649378346643, 0.882713567839196], [0.45605921750861583, 0.9160852774469619, 0.905321608040201], [0.45213699427928344, 0.9144305350515916, 0.927929648241206], [0.4480557711029803, 0.9126955926821639, 0.950537688442211], [0.4438075153246319, 0.910874574594127, 0.973145728643216], [0.4393841776238179, 0.9089606808982099, 0.9957537688442211], [0.4347775243242679, 0.906945966628115, 1.018361809045226], [0.42997946081211746, 0.9048210491763721, 1.040969849246231], [0.4249820135770593, 0.9025747154265622, 1.063577889447236], [0.4197774760250001, 0.9001933512733765, 1.086185929648241], [0.4143585426230797, 0.8976601520779517, 1.1087939698492462], [0.4087184633781748, 0.8949539237982294, 1.131402010050251], [0.4028512116608846, 0.8920472289215018, 1.1540100502512562], [0.3967516622069622, 0.8889033493727522, 1.1766180904522612], [0.39041578026692814, 0.8854709631876239, 1.199226130653266], [0.38384080683206456, 0.8816739267613526, 1.2218341708542713], [0.3770254434065812, 0.8773888737441186, 1.2444422110552762], [0.36997001972349597, 0.872384952122237, 1.2670502512562813], [0.3626766431151638, 0.8660791068191379, 1.2896582914572863], [0.35514931627353596, 0.8545036950940608, 1.3122663316582912], [0.3551493162735254, 0.8545036950940731, 1.3122663316582912], [0.34739401800318687, 0.840143037063327, 1.3348743718592964], [0.3473940180031856, 0.840143037063359, 1.3348743718592964], [0.3394187415885191, 0.8264055720951983, 1.3574824120603013], [0.3394187415885104, 0.8264055720952124, 1.3574824120603013], [0.3312334794620286, 0.8132789582583543, 1.3800904522613064], [0.33123347946203674, 0.8132789582583694, 1.3800904522613064], [0.3228501731842636, 0.8007490462641413, 1.4026984924623114], [0.32285017318425374, 0.8007490462641714, 1.4026984924623114], [0.31428259488944826, 0.7887999643871506, 1.4253065326633165], [0.3142825948894511, 0.7887999643871705, 1.4253065326633165], [0.3055461999213047, 0.7774142593855802, 1.4479145728643215], [0.30554619992131565, 0.7774142593856003, 1.4479145728643215], [0.2966579327458908, 0.7665730731168712, 1.4705226130653264], [0.2966579327459018, 0.7665730731169028, 1.4705226130653264], [0.28763600846108706, 0.7562563506004193, 1.4931306532663315], [0.28763600846109283, 0.7562563506003872, 1.4931306532663315], [0.2784996677121703, 0.7464430703680179, 1.5157386934673365], [0.26926892444960565, 0.7371114865985489, 1.5383467336683416], [0.2599643130229104, 0.728239368332723, 1.5609547738693466], [0.25060664214911854, 0.7198042618695681, 1.5835628140703517], [0.2412167540212883, 0.7117836644235926, 1.6061708542713566], [0.23181533419409198, 0.7041552777489277, 1.6287788944723616], [0.22242270498401315, 0.6968971624865982, 1.6513869346733667], [0.21305867690486077, 0.6899878976346184, 1.6739949748743717], [0.2037424380029181, 0.6834067059933405, 1.6966030150753768], [0.19449233804831711, 0.6771335558515146, 1.7192110552763817], [0.18532603414875118, 0.6711492354346751, 1.7418190954773867], [0.1762602128626929, 0.6654354059460307, 1.7644271356783918], [0.16731066838082062, 0.6599746336548894, 1.7870351758793968], [0.15849226531193827, 0.6547504054896405, 1.809643216080402], [0.1498189386496299, 0.6497471273352876, 1.8322512562814068], [0.1403347553663375, 0.6449501159390608, 1.854859296482412], [0.12957108068075046, 0.6403455727961953, 1.877467336683417], [0.129571080680674, 0.6403455727964438, 1.877467336683417], [0.11747675810139624, 0.6359205593205902, 1.9000753768844219], [0.1174767581013127, 0.635920559320759, 1.9000753768844219], [0.1036926782248534, 0.6316629593138107, 1.922683417085427], [0.10369267822477804, 0.6316629593136783, 1.922683417085427], [0.08749172146845793, 0.6275614469462006, 1.945291457286432], [0.08749172146838569, 0.6275614469467444, 1.945291457286432], [0.06720403460597303, 0.623605441941677, 1.967899497487437], [0.03663769400831318, 0.6197850644422754, 1.990507537688442], [0.6160911026895158, null, 2.013115577889447], [0.6125149654016236, null, 2.035723618090452], [0.6090486428118509, null, 2.0583316582914573], [0.6056846675346227, null, 2.080939698492462], [0.6024160770536784, null, 2.103547738693467], [0.5992363780424875, null, 2.1261557788944723], [0.5961395125059769, null, 2.1487638190954774], [0.5931198259597703, null, 2.171371859296482], [0.5901720375060983, null, 2.1939798994974873], [0.5872912119023571, null, 2.2165879396984924], [0.5844727334492252, null, 2.239195979899497], [0.5817122812771811, null, 2.2618040201005023], [0.5790058090526605, null, 2.2844120603015075], [0.576349519476523, null, 2.3070201005025126], [0.5737398494776635, null, 2.3296281407035173], [0.5711734498988813, null, 2.3522361809045225], [0.568647165783405, null, 2.3748442211055276], [0.5661580389992249, null, 2.3974522613065323], [0.5637032578486034, null, 2.4200603015075375], [0.5612801799581386, null, 2.4426683417085426], [0.5588863021876357, null, 2.4652763819095473], [0.5565192513317646, null, 2.4878844221105525], [0.5541767806239655, null, 2.5104924623115576], [0.5518567462028279, null, 2.533100502512563], [0.5495571118040906, null, 2.5557085427135675], [0.5472759334982394, null, 2.5783165829145727], [0.5450113531954193, null, 2.600924623115578], [0.5427615912224694, null, 2.6235326633165825], [0.5405249395758452, null, 2.6461407035175877], [0.5382997554488703, null, 2.668748743718593], [0.5360844551589781, null, 2.691356783919598], [0.5338775082835194, null, 2.7139648241206027], [0.5316774325053752, null, 2.736572864321608], 