{"dim": 1, "delta": 0.2, "mu": 10, "dmu": 0.35, "g": -2.7, "data": [[0.05212354658071647, 0.059247937353515835, 0.001], [0.052106985064671756, 0.05926483626819705, 0.00301010101010101], [0.05207383346379589, 0.05929868887683908, 0.00502020202020202], [0.052024118137769616, 0.059349519694155965, 0.00703030303030303], [0.051957878885929516, 0.05941736559804895, 0.00904040404040404], [0.05187516758142503, 0.0595022759661052, 0.01105050505050505], [0.05177604873630414, 0.05960431292458389, 0.01306060606060606], [0.05166060170267932, 0.05972355179247768, 0.015070707070707071], [0.05152891797716153, 0.05986008212638857, 0.017080808080808082], [0.0513811023344894, 0.0600140108731644, 0.019090909090909092], [0.05121727352651501, 0.06018548610844087, 0.021101010101010103], [0.05103756622035104, 0.06037460735563161, 0.023111111111111114], [0.05084213649571319, 0.06058156129770017, 0.02512121212121212], [0.05063117914243364, 0.06080665190238281, 0.02713131313131313], [0.05040499192415209, 0.06105055490147641, 0.02914141414141414], [0.05016430299642615, 0.061315981718788784, 0.031151515151515152], [0.04991363540134452, 0.06161647900246456, 0.03316161616161616], [0.04970451166381458, 0.06194971128439698, 0.03517171717171717], [0.04939406190591965, 0.06005079244260213, 0.037181818181818184], [0.049068359899076965, null, 0.039191919191919194]]}