{
    "dim": 3,
    "delta": 0.2,
    "mu": 10,
    "dmu": 0.31,
    "g": -0.32,
    "data": [
        [
            0.20462587049761777,
            null,
            0.19
        ],
        [
            0.20452810437129731,
            null,
            0.19313131313131313
        ],
        [
            0.20442847825552063,
            null,
            0.19626262626262628
        ],
        [
            0.20432697734241673,
            null,
            0.1993939393939394
        ],
        [
            0.2042235862785383,
            null,
            0.20252525252525252
        ],
        [
            0.20411828933134185,
            null,
            0.20565656565656565
        ],
        [
            0.20401107026823145,
            null,
            0.2087878787878788
        ],
        [
            0.20390191236280453,
            null,
            0.21191919191919192
        ],
        [
            0.2037907884733051,
            null,
            0.21505050505050505
        ],
        [
            0.20367771094962586,
            null,
            0.21818181818181817
        ],
        [
            0.20356263137956715,
            null,
            0.22131313131313132
        ],
        [
            0.2034455410370684,
            null,
            0.22444444444444445
        ],
        [
            0.2033264205566959,
            null,
            0.22757575757575757
        ],
        [
            0.20320524995285588,
            null,
            0.2307070707070707
        ],
        [
            0.2030820087538707,
            null,
            0.23383838383838385
        ],
        [
            0.20295667566983533,
            null,
            0.23696969696969697
        ],
        [
            0.20282922888177066,
            null,
            0.2401010101010101
        ],
        [
            0.20269964586027622,
            null,
            0.24323232323232324
        ],
        [
            0.2025679033729627,
            null,
            0.24636363636363637
        ],
        [
            0.20243397744976227,
            null,
            0.2494949494949495
        ],
        [
            0.20229784337123147,
            null,
            0.25262626262626264
        ],
        [
            0.20215947560834915,
            null,
            0.25575757575757574
        ],
        [
            0.2020188478591064,
            null,
            0.2588888888888889
        ],
        [
            0.20187593285876773,
            null,
            0.26202020202020204
        ],
        [
            0.20173070267558604,
            null,
            0.26515151515151514
        ],
        [
            0.20158312816555246,
            null,
            0.2682828282828283
        ],
        [
            0.20143317939561164,
            null,
            0.27141414141414144
        ],
        [
            0.20128082537033148,
            null,
            0.27454545454545454
        ],
        [
            0.20112603409350688,
            null,
            0.2776767676767677
        ],
        [
            0.20096877239998767,
            null,
            0.2808080808080808
        ],
        [
            0.20080900599189,
            null,
            0.28393939393939394
        ],
        [
            0.20064669925077916,
            null,
            0.28707070707070703
        ],
        [
            0.20048181604213855,
            null,
            0.2902020202020202
        ],
        [
            0.20031431761383342,
            null,
            0.29333333333333333
        ],
        [
            0.20014416420244463,
            null,
            0.29646464646464643
        ],
        [
            0.19997131665822918,
            null,
            0.2995959595959596
        ],
        [
            0.1997957308199608,
            null,
            0.30272727272727273
        ],
        [
            0.19961736326641216,
            null,
            0.30585858585858583
        ],
        [
            0.19943616830727254,
            null,
            0.308989898989899
        ],
        [
            0.19925209848673117,
            null,
            0.31212121212121213
        ],
        [
            0.19906510447576178,
            null,
            0.31525252525252523
        ],
        [
            0.1988751349867041,
            null,
            0.3183838383838384
        ],
        [
            0.19868213665557832,
            null,
            0.32151515151515153
        ],
        [
            0.19848605387841703,
            null,
            0.3246464646464646
        ],
        [
            0.1982868288882953,
            null,
            0.3277777777777778
        ],
        [
            0.19808440132545496,
            null,
            0.33090909090909093
        ],
        [
            0.1978787082425741,
            null,
            0.334040404040404
        ],
        [
            0.1976696839117928,
            null,
            0.3371717171717171
        ],
        [
            0.1974572601231646,
            null,
            0.34030303030303033
        ],
        [
            0.19724136403297524,
            null,
            0.3434343434343434
        ],
        [
            0.19702192171272656,
            null,
            0.3465656565656565
        ],
        [
            0.19679885411468181,
            null,
            0.34969696969696973
        ],
        [
            0.19657207898529117,
            null,
            0.3528282828282828
        ],
        [
            0.1963415098501088,
            null,
            0.3559595959595959
        ],
        [
            0.19610705592283245,
            null,
            0.35909090909090907
        ],
        [
            0.19586862196964783,
            null,
            0.3622222222222222
        ],
        [
            0.1956261075261916,
            null,
            0.3653535353535353
        ],
        [
            0.1953794068330767,
            null,
            0.36848484848484847
        ],
        [
            0.19512840842829923,
            null,
            0.3716161616161616
        ],
        [
            0.1948729945675409,
            null,
            0.3747474747474747
        ],
        [
            0.1946130407539033,
            null,
            0.37787878787878787
        ],
        [
            0.1943484151746217,
            null,
            0.381010101010101
        ],
        [
            0.1940789780591201,
            null,
            0.3841414141414141
        ],
        [
            0.19380458097963432,
            null,
            0.38727272727272727
        ],
        [
            0.1935250660442207,
            null,
            0.3904040404040404
        ],
        [
            0.1932402650851685,
            null,
            0.3935353535353535
        ],
        [
            0.19294999830942958,
            null,
            0.39666666666666667
        ],
        [
            0.1926540742194924,
            null,
            0.3997979797979798
        ],
        [
            0.1923522864251741,
            null,
            0.4029292929292929
        ],
        [
            0.1920444140346167,
            null,
            0.406060606060606
        ],
        [
            0.1917302189998121,
            null,
            0.4091919191919192
        ],
        [
            0.1914094443778501,
            null,
            0.4123232323232323
        ],
        [
            0.19108181203579022,
            null,
            0.4154545454545454
        ],
        [
            0.19074702021336037,
            null,
            0.41858585858585856
        ],
        [
            0.19040473999851829,
            null,
            0.4217171717171717
        ],
        [
            0.1900546122016896,
            null,
            0.4248484848484848
        ],
        [
            0.18969624271601923,
            null,
