{"dim": 1, "delta": 0.2, "mu": 10, "dmu": 0.9, "g": -3.077012439639267, "data": [[0.1323090339986719, 0.14293101628753038, 0.001], [0.13229863259220428, 0.1429415618032524, 0.00301010101010101], [0.1322778053631431, 0.1429626813613023, 0.00502020202020202], [0.1322465557146837, 0.142994378896891, 0.00703030303030303], [0.13220489305081953, 0.1430366603510792, 0.00904040404040404], [0.13215282336126463, 0.14308953369706548, 0.01105050505050505], [0.1320903568014588, 0.14315300902818767, 0.01306060606060606], [0.13201750557749056, 0.14322709869982647, 0.015070707070707071], [0.13193428399285875, 0.14331181769402115, 0.017080808080808082], [0.13184070846497578, 0.14340718481203688, 0.019090909090909092], [0.13173679760512255, 0.1435132393822084, 0.021101010101010103], [0.13162257231448088, 0.14362994223872932, 0.023111111111111114], [0.13149805596073952, 0.14375735057566572, 0.02512121212121212], [0.13136327466499498, 0.14389549061087756, 0.02713131313131313], [0.1312182578280143, 0.14404439217494383, 0.02914141414141414], [0.1310630390252798, 0.1442040898467927, 0.031151515151515152], [0.13089765774577417, 0.14437462502684068, 0.03316161616161616], [0.1307221627582321, 0.14455604998516702, 0.03517171717171717], [0.13053661922139426, 0.14474843619277533, 0.037181818181818184], [0.13034112489681446, 0.1449518927346257, 0.039191919191919194], [0.13013585213107534, 0.1451666103526551, 0.041202020202020205], [0.12992118379634965, 0.14539297696120568, 0.043212121212121216], [0.12969861265983432, 0.14563191136723716, 0.045222222222222226], [0.12946823371610186, 0.14588589962685553, 0.04723232323232324], [0.1292319311970493, 0.1461624253509659, 0.04924242424242424], [0.12903528312358706, 0.1464604416169622, 0.05125252525252525], [0.12869663810098234, 0.1466692126879659, 0.05326262626262626], [0.12835523403097504, 0.14700207004308058, 0.05527272727272727], [0.12818271061903871, 0.1465627580678376, 0.05728282828282828], [0.1278611949999401, null, 0.05929292929292929]]}