{"dim": 1, "delta": 0.2, "mu": 10, "dmu": 0.25, "g": -2.8, "data": [[0.031222521288469165, 0.04618125938880981, 0.001], [0.031214672925651627, 0.046189504722070104, 0.00301010101010101], [0.031198960873698292, 0.04620601978411359, 0.00502020202020202], [0.031175394022075694, 0.04623081184360703, 0.00703030303030303], [0.031143985701069844, 0.0462638918214404, 0.00904040404040404], [0.031104753665781994, 0.04630527430459733, 0.01105050505050505], [0.031057720077291413, 0.046354977566764884, 0.01306060606060606], [0.031002911473085086, 0.04641302359780491, 0.015070707070707071], [0.03094035874910687, 0.04647943813191736, 0.017080808080808082], [0.030870097115515742, 0.04655425068281763, 0.019090909090909092], [0.030792166064411066, 0.04663749459061113, 0.021101010101010103], [0.03070660932930018, 0.04672920706961529, 0.023111111111111114], [0.030613474835317317, 0.04682942925692824, 0.02512121212121212], [0.030512814655769018, 0.04693820628565588, 0.02713131313131313], [0.030404684952623905, 0.04705558733525097, 0.02914141414141414], [0.030289145934412412, 0.04718162570730017, 0.031151515151515152], [0.030166261784910945, 0.04731637886443265, 0.03316161616161616], [0.030036100629446345, 0.04745990834481203, 0.03517171717171717], [0.029898734467074597, 0.04761227696120973, 0.037181818181818184], [0.029754239148242788, 0.047773565242935766, 0.039191919191919194], [0.029602694360344704, 0.047943844834017445, 0.041202020202020205], [0.02944418370541203, 0.04812319796052975, 0.043212121212121216], [0.0292787950516824, 0.04831171386768835, 0.045222222222222226], [0.02910662305455591, 0.048509491114111694, 0.04723232323232324], [0.028927756995107752, 0.048716643551022225, 0.04924242424242424], [0.02874228069162671, 0.04893331569536574, 0.05125252525252525], [0.028550306519296697, 0.04915973269643015, 0.05326262626262626], [0.02835193904349954, 0.04939646316162282, 0.05527272727272727], [0.02814728670468774, 0.04964409441509083, 0.05728282828282828], [0.027936462182326472, 0.049902682375456246, 0.05929292929292929], [0.027719583041312112, 0.05017520808227249, 0.061303030303030304], [0.027496772851807887, 0.05046659032953465, 0.06331313131313131], [0.0272681631308182, 0.05078184252005128, 0.06532323232323232], [0.02703389680701421, 0.05111812156642136, 0.06733333333333333], [0.026794134574206284, 0.05146527682200663, 0.06934343434343435], [0.02654906712096368, 0.050270471557593614, 0.07135353535353535], [0.02629894019752389, 0.047683234985275484, 0.07336363636363637], [0.026044111110811098, 0.04523865048699368, 0.07537373737373737], [0.02578519648251225, 0.04292578351914844, 0.07738383838383839], [0.02552358029013002, 0.040734819140705675, 0.07939393939393939], [0.025265195512713026, 0.03865692285284964, 0.08140404040404041], [0.02516498858605843, 0.036684121710010696, 0.08341414141414141], [0.02486300400740292, 0.03480920237813429, 0.08542424242424243], [0.02455660064806949, 0.03302562329750069, 0.08743434343434343], [0.024245953602663208, 0.03132743879296494, 0.08944444444444445], [0.02393123273294525, 0.029709233261093995, 0.09145454545454546], [0.02361261671009091, 0.0281660638926806, 0.09346464646464647], [0.02329029802076111, 0.02669341067307106, 0.09547474747474748], [0.022964501181711762, null, 0.09748484848484848], [0.022635526954085657, null, 0.0994949494949495], [0.022658806872390073, null, 0.1015050505050505]]}