{"dim": 1, "delta": 0.2, "mu": 10, "dmu": 0.6, "g": -10, "data": [[1.1615743763308137, null, 0.001], [1.1615914194763164, null, 0.07637185929648242], [1.1616416680082622, null, 0.15174371859296484], [1.1617251225145464, null, 0.22711557788944725], [1.1618417839715975, null, 0.3024874371859297], [1.1619916537444406, null, 0.3778592964824121], [1.1621747335872963, null, 0.4532311557788945], [1.1623910256424894, null, 0.528603015075377], [1.1626405324417193, null, 0.6039748743718594], [1.162923256906649, null, 0.6793467336683418], [1.1632392023483717, null, 0.7547185929648242], [1.1635883724679141, null, 0.8300904522613066], [1.1639707713567216, null, 0.905462311557789], [1.1643864034970315, null, 0.9808341708542715], [1.1648352737622947, null, 1.0562060301507539], [1.1653173874177267, null, 1.1315778894472361], [1.165832750120655, null, 1.2069497487437186], [1.1663813679213206, null, 1.2823216080402011], [1.166963247263342, null, 1.3576934673366834], [1.1675783949843206, null, 1.4330653266331659], [1.1682268183166087, null, 1.5084371859296484], [1.1689085248879463, null, 1.5838090452261306], [1.1696235227222889, null, 1.6591809045226131], [1.1703718202406106, null, 1.7345527638190956], [1.1711534262616554, null, 1.809924623115578], [1.1719683500029527, null, 1.8852964824120604], [1.172816601081578, null, 1.9606683417085429], [1.173698189515303, null, 2.0360402010050254], [1.1746131257234367, null, 2.111412060301508], [1.1755614205279703, null, 2.18678391959799], [1.1765430851546632, null, 2.2621557788944724], [1.1775581312342518, null, 2.337527638190955], [1.1786065708032103, null, 2.4128994974874374], [1.1796884163057015, null, 2.48827135678392], [1.1808036805941755, null, 2.5636432160804024], [1.1819523769309817, null, 2.639015075376885], [1.1831345189898108, null, 2.714386934673367], [1.1843501208567642, null, 2.7897587939698494], [1.185599197032161, null, 2.865130653266332], [1.1868817624317842, null, 2.9405025125628144], [1.1881978323883986, null, 3.015874371859297], [1.1895474226535812, null, 3.0912462311557793], [1.1909305493990545, null, 3.1666180904522614], [1.1923472292184383, null, 3.241989949748744], [1.193797479129118, null, 3.3173618090452264], [1.1952813165737093, null, 3.392733668341709], [1.1967987594220781, null, 3.4681055276381914], [1.1983498259730891, null, 3.543477386934674], [1.199934534956432, null, 3.618849246231156], [1.2015529055345455, null, 3.6942211055276384], [1.203204957304669, null, 3.769592964824121], [1.2048907103004662, null, 3.8449648241206034], [1.2066101849942543, null, 3.920336683417086], [1.208363402298843, null, 3.9957085427135683], [1.210150383569239, null, 4.071080402010051], [1.2119711506047102, null, 4.146452261306534], [1.213825725649994, null, 4.221824120603016], [1.2157141313968793, null, 4.297195979899499], [1.217636390984588, null, 4.37256783919598], [1.219592527999452, null, 4.447939698492463], [1.221582566472043, null, 4.523311557788945], [1.2236065308697763, null, 4.598683417085428], [1.2256644460766428, null, 4.67405527638191], [1.2277563373337117, null, 4.749427135678393], [1.2298822299808025, null, 4.824798994974875], [1.2320419262954252, null, 4.900170854271358], [1.2342359068862376, null, 4.97554271356784], [1.2364639707824843, null, 5.050914572864323], [1.238726145833618, null, 5.126286432160805], [1.241022460372788, null, 5.201658291457288], [1.24335294321976, null, 5.27703015075377], [1.2457176236835723, null, 5.352402010050252], [1.2481165315652165, null, 5.427773869346734], [1.2505496971597683, null, 5.503145728643217], [1.2530171512586092, null, 5.578517587939699], [1.2555189251506667, null, 5.653889447236182], [1.2580550506231856, null, 5.729261306532664], [1.2606255599606173, null, 5.804633165829147], [1.2632304859410413, null, 5.880005025125629], [1.2658698618277424, null, 5.955376884422112], [1.2685437213509083, null, 6.030748743718594], [1.2712520986658293, null, 6.106120603015077], [1.2739950282455839, null, 6.181492462311559], [1.276772544516129, null, 6.256864321608042], [1.2795846791237715, null, 6.332236180904523], [1.2824314766064207, null, 6.407608040201006], [1.2853129836686925, null, 6.482979899497488], [1.2882292272984164, null, 6.558351758793971], [1.291180245745047, null, 6.633723618090453], [1.2941660778189852, null, 6.709095477386936], [1.2971867628954263, null, 6.784467336683418], [1.3002423409182313, null, 6.859839195979901], [1.303332852403476, null, 6.935211055276383], [1.3064583384426318, null, 7.010582914572866], [1.309618840705631, null, 7.085954773869348], [1.3128144014434782, null, 7.161326633165831], [1.3160450634901275, null, 7.236698492462312], [1.3193108702636676, null, 7.312070351758795], [1.3226118657666521, null, 7.387442211055277], [1.3259480945850166, null, 7.46281407035176], [1.3293196018851159, null, 7.538185929648242], [1.332726433408777, null, 7.613557788944725], [1.3361686354649642, null, 7.688929648241207], [1.339646254917418, null, 7.76430150753769], [1.343159339166181, null, 7.839673366834172], [1.3467079361210432, null, 7.915045226130655], [1.3502920941624235, null, 7.990417085427137], [1.3539118620846904, null, 8.065788944723618], [1.3575672890107808, null, 8.141160804020101], [1.361258424260984, null, 8.216532663316583], [1.3649853171423336, null, 8.291904522613066], [1.3687480165895487, null, 8.367276381909548], [1.372546570498094, null, 8.442648241206031], [1.376381024321395, null, 8.518020100502513], [1.3802514174711384, null, 8.593391959798996], [1.3841577699831238, null, 8.668763819095478], [1.3880998597770886, null, 8.74413567839196], [1.392078563514275, null, 8.819507537688443], [1.3960934648186367, null, 8.894879396984924], [1.4001485946872116, null, 8.970251256281408], [1.4042364547735415, null, 9.04562311557789], [1.408360722420083, null, 9.120994974874373], [1.4125214597077407, null, 9.196366834170854], [1.4167238937190207, null, 9.271738693467338], [1.4209580869982894, null, 9.34711055276382], [1.4252289534498708, null, 9.422482412060303], [1.4295365546621008, null, 9.497854271356784], [1.4338809510834163, null, 9.573226130653268], [1.4382622013067878, null, 9.64859798994975], [1.442680361097193, null, 9.723969849246231], [1.447135482067931, null, 9.799341708542714], [1.4516276098556535, null, 9.874713567839196], [1.456156781576335, null, 9.95008542713568], [1.4607230222163656, null, 10.025457286432161], [1.4653263393973326, null, 10.100829145728644], [1.4699667155519731, null, 10.176201005025126], [1.4746440957483422, null, 10.25157286432161], [1.4793583676700426, null, 10.326944723618091], [1.4841093260539786, null, 10.402316582914574], [1.4888924536330885, null, 10.477688442211056], [1.4937183194040613, null, 10.55306030150754], [1.4985903454687304, null, 10.62843216080402], [1.50353205356842, null, 10.703804020100502], [1.5084246779361, null, 10.779175879396986], [1.5134139043117074, null, 10.854547738693467], [1.518433070014954, null, 10.92991959798995], [1.523478599099437, null, 11.005291457286432], [1.5285826929262016, null, 11.080663316582916], [1.5337063863143947, null, 11.156035175879397], [1.5388864702588791, null, 11.23140703517588], [1.544087280737606, null, 11.306778894472362], [1.5493458016238677, null, 11.382150753768846], [1.554621867447519, null, 11.457522613065327], [1.5599588653691987, null, 11.53289447236181], [1.5653128084035228, null, 11.608266331658292], [1.570717873351332, null, 11.683638190954774], [1.5761697630804072, null, 11.759010050251257], [1.581642367285927, null, 11.834381909547739], [1.5871644496055288, null, 11.909753768844222], [1.5927349294667044, null, 11.985125628140704], [1.59833514779858, null, 12.060497487437187], [1.6039752240795606, null, 12.135869346733669], [1.6096455340569942, null, 12.211241206030152], [1.615373655590883, null, 12.286613065326634], [1.6211247119958128, null, 12.361984924623117], [1.6269331738597002, null, 12.437356783919599], [1.632763951390489, null, 12.512728643216082], [1.6386523269196016, null, 12.588100502512564], [1.6445727489611508, null, 