{"dim": 1, "delta": 0.2, "mu": 10, "dmu": 0.22, "g": -2.6, "data": [[0.031527456804698394, 0.03900949082560153, 0.001], [0.03151138859605568, 0.0390260604827403, 0.00301010101010101], [0.031479231703409875, 0.03905925931507279, 0.00502020202020202], [0.031431026123500384, 0.039109122980950616, 0.00703030303030303], [0.03136683168136973, 0.03917570506976959, 0.00904040404040404], [0.03128672777613573, 0.039259077192194104, 0.01105050505050505], [0.031190812960058965, 0.03935932901691879, 0.01306060606060606], [0.031079204103763792, 0.039476568189298684, 0.015070707070707071], [0.03095203325972675, 0.03961091986338754, 0.017080808080808082], [0.0308094562530034, 0.03976252512161277, 0.019090909090909092], [0.03065166063284713, 0.039931535969192855, 0.021101010101010103], [0.030478819567100263, 0.04011809730467782, 0.023111111111111114], [0.030291129692082936, 0.0403222456859605, 0.02512121212121212], [0.030088791240700966, 0.040543963539140415, 0.02713131313131313], [0.029871989812089425, 0.04078346549225299, 0.02914141414141414], [0.029640846236292817, 0.041038272758055334, 0.031151515151515152], [0.029395255523240942, 0.041321728018200256, 0.03316161616161616], [0.029134259022227302, 0.04166619482179745, 0.03517171717171717], [0.028851839926113357, 0.04135292300973762, 0.037181818181818184], [0.02864797941594244, 0.03716024040048057, 0.039191919191919194], [0.02831869645918456, null, 0.041202020202020205], [0.02797373533043965, null, 0.043212121212121216]]}