{"dim": 1, "delta": 0.2, "mu": 10, "dmu": 0.35, "g": -3.077012439639267, "data": [[0.03755174343925345, 0.0657608313649968, 0.001], [0.037539456222566735, 0.06577383504431114, 0.005030303030303031], [0.03751075504204876, 0.06580422841284661, 0.00906060606060606], [0.03746566429355907, 0.06585203044431957, 0.013090909090909094], [0.037404222280901865, 0.06591727101344941, 0.017121212121212124], [0.037326481149431615, 0.06599999095839627, 0.021151515151515154], [0.037232506804563886, 0.06610024216861024, 0.025181818181818187], [0.037122378798416206, 0.06621808769339387, 0.029212121212121217], [0.036996190203244704, 0.06635360187285311, 0.03324242424242425], [0.03685404745671736, 0.0665068704851057, 0.03727272727272728], [0.03669607018711499, 0.06667799090203273, 0.04130303030303031], [0.0365223910296399, 0.06686707217880587, 0.04533333333333334], [0.03633315540356881, 0.06707423426994436, 0.04936363636363637], [0.03612852129325495, 0.06729961399054743, 0.0533939393939394], [0.035908658996857294, 0.0675433596231925, 0.05742424242424243], [0.03567375086976618, 0.06780562906079268, 0.06145454545454546], [0.03542399105690579, 0.06808659616675611, 0.06548484848484849], [0.0351595852095118, 0.06838644937895352, 0.06951515151515153], [0.0348807502092999, 0.06870539285586685, 0.07354545454545455], [0.03458771389128203, 0.06904364840757465, 0.07757575757575759], [0.034280714792111075, 0.0694014591619241, 0.08160606060606061], [0.033960001942494565, 0.06977909743471536, 0.08563636363636365], [0.03362583476758003, 0.07017688391112079, 0.08966666666666667], [0.03327848324914115, 0.07059524186431693, 0.09369696969696971], [0.032918228865079224, 0.07103488735371695, 0.09772727272727275], [0.032545369301974464, 0.07149815766991585, 0.10175757575757577], [0.03216024180755472, 0.07198536487622112, 0.1057878787878788], [0.031763002438118845, 0.07249989134178983, 0.10981818181818183], [0.031354051571840215, 0.07305207952475934, 0.11384848484848487], [0.03093371115776296, 0.07342329896457468, 0.11787878787878789], [0.030502312513187614, 0.07409650658139097, 0.12190909090909093], [0.030060197124051228, 0.07477043115189448, 0.12593939393939393], [0.029607718020001814, 0.0736481058585403, 0.12996969696969699], [0.029145242050659482, 0.06965308520146204, 0.134], [0.02867315359759978, 0.06590419289119344, 0.13803030303030306], [0.028191860619557654, 0.06238100974460108, 0.14206060606060608], [0.02770180466594934, 0.059065411886574416, 0.1460909090909091], [0.027203477910365897, 0.05594125902406443, 0.15012121212121213], [0.026697453434057484, 0.05299413228159942, 0.15415151515151518], [0.026184442679549697, 0.050211112627014484, 0.1581818181818182], [0.025665415601651274, 0.047580592719989545, 0.16221212121212122], [0.025141893088603956, 0.045092116447501066, 0.16624242424242427], [0.02461686976180625, 0.04273624149015596, 0.1702727272727273], [0.024100068808908515, 0.04050442114417544, 0.17430303030303032], [0.0240084714046658, 0.038388902329045606, 0.17833333333333334], [0.023416777615171924, 0.036382637176382925, 0.1823636363636364], [0.022820497228700568, 0.03447920647629809, 0.18639393939393942], [0.022220060619703736, 0.03267275241541411, 0.19042424242424244], [0.021615895582293557, 0.03095792019408795, 0.1944545454545455], [0.021008427052957197, 0.029329806612947037, 0.19848484848484851], [0.020398076702851854, 0.027783914880443614, 0.20251515151515154], [0.01978526262981413, 0.02631611473673058, 0.20654545454545456], [0.01917039896864395, 0.02492260702656146, 0.2105757575757576], [0.018553895402795516, 0.023599893362683328, 0.21460606060606063], [0.01793615648754035, 0.022344746442186657, 0.21863636363636366], [0.017317580649637503, 0.021154187219640838, 0.22266666666666668], [0.016698558721400948, 0.020025461845410094, 0.22669696969696973], [0.016079471897785275, 0.0189560220935787, 0.23072727272727275], [0.015460689108652375, null, 0.23475757575757578], [0.01484256399435369, null, 0.23878787878787883], [0.014225431913902832, null, 0.24281818181818185], [0.01360960754380254, null, 0.24684848484848487]]}