{"dim": 1, "delta": 0.2, "mu": 10, "dmu": 0.3, "g": -2.7, "data": [[0.043484338426851066, 0.051808089698773645, 0.001], [0.043470171413266166, 0.05182264142507604, 0.00301010101010101], [0.043441813096618126, 0.05185179186199438, 0.00502020202020202], [0.043399286295981235, 0.05189556173046723, 0.00703030303030303], [0.0433426252158105, 0.05195398218480942, 0.00904040404040404], [0.04327187540610111, 0.05202709489047055, 0.01105050505050505], [0.043187093769073676, 0.05211495214877688, 0.01306060606060606], [0.04308834871000892, 0.05221761705479496, 0.015070707070707071], [0.04297571982674434, 0.05233516376209105, 0.017080808080808082], [0.04284929359606742, 0.052467677932782966, 0.019090909090909092], [0.04270917338863583, 0.052615257607888884, 0.021101010101010103], [0.04255547135770178, 0.05277801542040864, 0.023111111111111114], [0.04238831105562927, 0.05295608589325, 0.02512121212121212], [0.04220782828986069, 0.053149686613389306, 0.02713131313131313], [0.04201417332235747, 0.05335885161618797, 0.02914141414141414], [0.041807516641748435, 0.05358392080033589, 0.031151515151515152], [0.0415880653263038, 0.05382541058401656, 0.03316161616161616], [0.04135611605050246, 0.05408486935912327, 0.03517171717171717], [0.0411122715902289, 0.05436867583029452, 0.037181818181818184], [0.04085909353391779, 0.05469297421409845, 0.039191919191919194], [0.04067738892833164, 0.05503518661992937, 0.041202020202020205], [0.040372690757435166, 0.051934421324187546, 0.043212121212121216], [0.040055634497053176, 0.04718198897761929, 0.045222222222222226], [0.039726629119683096, null, 0.04723232323232324]]}