{"dim": 1, "delta": 0.2, "mu": 10, "dmu": 0.55, "g": -3.077012439639267, "data": [[0.07498377859774133, 0.092408531272954, 0.001], [0.07497964516244787, 0.09241281072705693, 0.002505050505050505], [0.0749719624598521, 0.09242076576484827, 0.004010101010101011], [0.07496073136477309, 0.09243239715840164, 0.0055151515151515155], [0.07494595315425247, 0.09244770604605071, 0.00702020202020202], [0.07492762950903532, 0.09246669392046965, 0.008525252525252526], [0.07490576251403083, 0.09248936263521758, 0.010030303030303032], [0.07488035465251675, 0.09251571440397528, 0.011535353535353534], [0.07485140881891142, 0.0925457518050246, 0.01304040404040404], [0.074818928301819, 0.09257947777581164, 0.014545454545454545], [0.07478291679484712, 0.09261689561812787, 0.01605050505050505], [0.07474337839544888, 0.09265800899767394, 0.017555555555555557], [0.07470031760236512, 0.0927028219494288, 0.019060606060606063], [0.07465373931450524, 0.0927513388753547, 0.02056565656565657], [0.07460364883707442, 0.09280356454898385, 0.02207070707070707], [0.07455005188168316, 0.09285950411516042, 0.023575757575757576], [0.07449295457060512, 0.09291916309560962, 0.025080808080808082], [0.07443236344797696, 0.09298254739421842, 0.026585858585858588], [0.07436828550496472, 0.09304966329553327, 0.028090909090909093], [0.07430072825606703, 0.09312051747557322, 0.029595959595959596], [0.07422970009472146, 0.09319511700334714, 0.0311010101010101], [0.07415521086439784, 0.09327346935274143, 0.03260606060606061], [0.07407725935587076, 0.09335558241050933, 0.03411111111111111], [0.07399586083306442, 0.09344146448575406, 0.035616161616161615], [0.0739110245068947, 0.09353112433437599, 0.037121212121212124], [0.07382275998159397, 0.09362457117187603, 0.03862626262626263], [0.07373107725326573, 0.09372181471277788, 0.040131313131313136], [0.0736359867115378, 0.09382286521116538, 0.04163636363636364], [0.07353749914587018, 0.09392773352198391, 0.04314141414141414], [0.0734356257472294, 0.09403643120423227, 0.04464646464646465], [0.07333037811218902, 0.09414897067456857, 0.04615151515151515], [0.07322176825385311, 0.09426536547875042, 0.04765656565656566], [0.07310980861132875, 0.09438563078962502, 0.04916161616161616], [0.07299451206243135, 0.0945097845144443, 0.050666666666666665], [0.0728758919485852, 0.09463785041719872, 0.052171717171717175], [0.07275396209533243, 0.09476987523517359, 0.05367676767676768], [0.07262873685416907, 0.09490586619700031, 0.055181818181818186], [0.07250023114338995, 0.09504569119428993, 0.05668686868686869], [0.07236846052570925, 0.09518948436292035, 0.05819191919191919], [0.07223344129041158, 0.09533727016279263, 0.0596969696969697], [0.07209519058493864, 0.09548907742569983, 0.0612020202020202], [0.07195372658944747, 0.09564494127025384, 0.06270707070707071], [0.07180906877596138, 0.09580490614528711, 0.06421212121212122], [0.07166123825880398, 0.09596903072961627, 0.06571717171717172], [0.07151025832913446, 0.09613739605687835, 0.06722222222222222], [0.07135615523597998, 0.09631011921199858, 0.06872727272727273], [0.07119895936731062, 0.09648737687497264, 0.07023232323232323], [0.07103870710275444, 0.09666944594648492, 0.07173737373737374], [0.07087544375764351, 0.09685677237125877, 0.07324242424242425], [0.0707092285144866, 0.09705007892154373, 0.07474747474747474], [0.07054014302530429, 0.09725049922297432, 0.07625252525252525], [0.07036830751504582, 0.09745963966248199, 0.07775757575757576], [0.07019391390172598, 0.09767936023966965, 0.07926262626262627], [0.0700173049807627, 0.09773457872597602, 0.08076767676767677], [0.06983922270901939, 0.0979843265501134, 0.08227272727272728], [0.06966247543472415, 0.09823419455319977, 0.08377777777777778], [0.06948693053981178, 0.09848417808175361, 0.08528282828282828], [0.06930822050510922, 0.09873427287936368, 0.08678787878787879], [0.06914233490356665, 0.09898447510129416, 0.0882929292929293], [0.06898649160016988, 0.09778033693049458, 0.0897979797979798], [0.06873286858898311, 0.09454099728546843, 0.0913030303030303], [0.06847925632180193, 0.09140902713072743, 0.09280808080808081], [0.06842899886763586, 0.08837923668373247, 0.09431313131313132], [0.06798585275451113, 0.08544677002417934, 0.09581818181818182], [0.06797185120931616, 0.08260707857164758, 0.09732323232323233], [0.06773893423380417, 0.0798558970800341, 0.09882828282828283], [0.06723221429771206, 0.07718922184625349, 0.10033333333333333], [0.06726467821144093, 0.07460329092234534, 0.10183838383838384], [0.06702351040858587, null, 0.10334343434343435], [0.06647526357138014, null, 0.10484848484848486], [0.06653387895952516, null, 0.10635353535353535]]}