{
    "dim": 3,
    "delta": 0.2,
    "mu": 10,
    "dmu": 0.51,
    "g": -0.32709531407833725,
    "data": [
        [
            0.05468632697675191,
            0.2693330296802658,
            0.001
        ],
        [
            0.054658952378938065,
            0.2693306024716946,
            0.0060404040404040404
        ],
        [
            0.054592351462457576,
            0.26932469923013663,
            0.01108080808080808
        ],
        [
            0.05448644876512356,
            0.2693153186147531,
            0.016121212121212123
        ],
        [
            0.05434112321656408,
            0.2693024584590934,
            0.021161616161616163
        ],
        [
            0.054156206351467645,
            0.2692861157633699,
            0.026202020202020202
        ],
        [
            0.053931480032549974,
            0.2692662867296868,
            0.031242424242424245
        ],
        [
            0.053666673297764596,
            0.26924296673934156,
            0.036282828282828285
        ],
        [
            0.053361458460067714,
            0.26921615034089447,
            0.041323232323232324
        ],
        [
            0.0530154463004858,
            0.26918583127023854,
            0.046363636363636364
        ],
        [
            0.05262818024876449,
            0.2691520024510965,
            0.0514040404040404
        ],
        [
            0.05219912944040243,
            0.2691146557979469,
            0.05644444444444444
        ],
        [
            0.051727680176907445,
            0.26907378262884657,
            0.06148484848484849
        ],
        [
            0.05121312641440805,
            0.26902937322670983,
            0.06652525252525253
        ],
        [
            0.05065465754485469,
            0.26898141703027084,
            0.07156565656565657
        ],
        [
            0.05005134452942098,
            0.2689299026167731,
            0.07660606060606061
        ],
        [
            0.049402123038169175,
            0.2688748176241182,
            0.08164646464646465
        ],
        [
            0.04870577325048379,
            0.2688161487975297,
            0.08668686868686869
        ],
        [
            0.04796089553849655,
            0.26875388194506333,
            0.09172727272727273
        ],
        [
            0.04716588080983952,
            0.26868800192215225,
            0.09676767676767677
        ],
        [
            0.04631887439677591,
            0.2686184926179205,
            0.1018080808080808
        ],
        [
            0.04541773128318565,
            0.268545336927417,
            0.10684848484848485
        ],
        [
            0.04445996049598115,
            0.26846851668017313,
            0.11188888888888888
        ],
        [
            0.043442654842617404,
            0.2683880129164072,
            0.11692929292929292
        ],
        [
            0.042362400892027884,
            0.2683038052440926,
            0.12196969696969698
        ],
        [
            0.041215165503087015,
            0.2682158724223228,
            0.12701010101010102
        ],
        [
            0.03999613831097952,
            0.2681241920759002,
            0.13205050505050506
        ],
        [
            0.03869953259010729,
            0.2680287407327377,
            0.1370909090909091
        ],
        [
            0.03731830356148307,
            0.2679294935122201,
            0.14213131313131314
        ],
        [
            0.03584375796658141,
            0.2678264246303317,
            0.14717171717171718
        ],
        [
            0.03426499098457371,
            0.26771950687746565,
            0.15221212121212122
        ],
        [
            0.032568048448995586,
            0.26760871181900436,
            0.15725252525252525
        ],
        [
            0.030734628605098735,
            0.2674940096897261,
            0.1622929292929293
        ],
        [
            0.028739971039772893,
            0.26737536935866757,
            0.16733333333333333
        ],
        [
            0.026549205211076926,
            0.26725275828510625,
            0.17237373737373737
        ],
        [
            0.02411050881006122,
            0.26712614247245275,
            0.1774141414141414
        ],
        [
            0.021340810829636517,
            0.2669954863928953,
            0.18245454545454545
        ],
        [
            0.018090749964100192,
            0.266860753241522,
            0.1874949494949495
        ],
        [
            0.014032988823704283,
            0.26672190360625075,
            0.19253535353535353
        ],
        [
            0.008028112880979167,
            0.26657889778718286,
            0.19757575757575757
        ],
        [
            null,
            0.2664316934056719,
            0.2026161616161616
        ],
        [
            null,
            0.26628024650668297,
            0.20765656565656565
        ],
        [
            null,
            0.2661245112209533,
            0.2126969696969697
        ],
        [
            null,
            0.2659644396854317,
            0.21773737373737373
        ],
        [
            null,
            0.2657999820397976,
            0.22277777777777777
        ],
        [
            null,
            0.2656310861531577,
            0.2278181818181818
        ],
        [
            null,
            0.2654576977305251,
            0.23285858585858585
        ],
        [
            null,
            0.2652797600621996,
            0.2378989898989899
        ],
        [
            null,
            0.26509721399480773,
            0.24293939393939395
        ],
        [
            null,
            0.26490999780061725,
            0.247979797979798
        ],
        [
            null,
            0.26471804697848633,
            0.25302020202020203
        ],
        [
            null,
            0.264521294209924,
            0.25806060606060605
        ],
        [
            null,
            0.2643196691153014,
            0.2631010101010101
        ],
        [
            null,
            0.26411309826617735,
            0.2681414141414141
        ],
        [
            null,
            0.2639015047772127,
            0.2731818181818182
        ],
        [
            null,
            0.26368480823516793,
            0.2782222222222222
        ],
        [
            null,
            0.26346292465598475,
            0.28326262626262627
        ],
        [
            null,
            0.2632357654535997,
            0.2883030303030303
        ],
        [
            null,
            0.2630032398960732,
            0.29334343434343435
        ],
        [
            null,
            0.2627652499509114,
            0.29838383838383836
        ],
        [
            null,
            0.2625216947995045,
            0.30342424242424243
        ],
        [
            null,
            0.26227246816265803,
            0.30846464646464644
        ],
        [
            null,
            0.26201745843278657,
            0.3135050505050505
        ],
        [
            null,
            0.26175654836775114,
            0.3185454545454545
        ],
        [
            null,
            0.26148961456545305,
            0.3235858585858586
        ],
        [
            null,
            0.2612165275435248,
            0.32862626262626266
        ],
        [
            null,
            0.2609371504590827,
            0.33366666666666667
        ],
        [
            null,
            0.2606513391793416,
            0.33870707070707073
        ],
        [
            null,
            0.2603589296342463,
            0.34374747474747475
        ],
        [
            null,
            0.2600597973484442,
            0.3487878787878788
        ],
        [
            null,
            0.2597537364248927,
