{"dim": 1, "delta": 0.2, "mu": 10, "dmu": 0.27, "g": -2.7, "data": [[0.038161711209846884, 0.04742750293668559, 0.001], [0.038148977027164944, 0.04744065453697249, 0.00301010101010101], [0.038123486955340846, 0.04746700005680541, 0.00502020202020202], [0.038085261760367806, 0.047506557932467296, 0.00703030303030303], [0.03803433255356581, 0.04755935587835443, 0.00904040404040404], [0.03797074075547645, 0.047625430951768764, 0.01105050505050505], [0.037894538036611865, 0.04770482963830655, 0.01306060606060606], [0.037805786243881964, 0.04779760797530444, 0.015070707070707071], [0.0377045573622099, 0.04790383169853636, 0.017080808080808082], [0.037590933538915385, 0.048023576470489514, 0.019090909090909092], [0.03746500812583563, 0.048156928199684576, 0.021101010101010103], [0.03732687936128703, 0.04830398360255381, 0.023111111111111114], [0.0371766576423878, 0.0484648513117789, 0.02512121212121212], [0.03701446573313767, 0.048639654571043085, 0.02713131313131313], [0.03684043456143871, 0.048828539683594484, 0.02914141414141414], [0.03665470565104992, 0.049031728042443185, 0.031151515151515152], [0.03645743263539286, 0.04924937997812803, 0.03316161616161616], [0.03624878493126716, 0.04948173416233249, 0.03517171717171717], [0.036028957029108105, 0.049729512962059325, 0.037181818181818184], [0.035798194162724825, 0.049994694647308255, 0.039191919191919194], [0.035556874094401614, 0.050284180483501896, 0.041202020202020205], [0.03530584404589329, 0.050606814671411864, 0.043212121212121216], [0.03504986419943601, 0.05095104301805921, 0.045222222222222226], [0.03486764198562208, 0.04839073707457327, 0.04723232323232324], [0.03456084103220042, 0.044406605801397235, 0.04924242424242424], [0.03424370681950022, 0.04074014259868184, 0.05125252525252525], [0.033916589975373994, null, 0.05326262626262626]]}