{"dim": 1, "delta": 0.2, "mu": 10, "dmu": 0.29, "g": -2.7, "data": [[0.04172464888409062, 0.05033973539663912, 0.001], [0.04171096005537336, 0.050353819560055725, 0.00301010101010101], [0.041683558971881196, 0.05038203331390118, 0.00502020202020202], [0.04164246776151373, 0.050424396620060444, 0.00703030303030303], [0.04158771959162927, 0.050480939485394075, 0.00904040404040404], [0.041519358627150185, 0.0505517020426458, 0.01105050505050505], [0.04143743998427977, 0.05063673465055104, 0.01306060606060606], [0.04134202973573795, 0.05073609804515944, 0.015070707070707071], [0.04123320529575891, 0.05084986354673204, 0.017080808080808082], [0.04111105341023536, 0.0509781134043135, 0.019090909090909092], [0.04097566926486335, 0.05112094140120196, 0.021101010101010103], [0.04082716346118269, 0.05127845417376047, 0.023111111111111114], [0.04066565520977783, 0.05145077471179679, 0.02512121212121212], [0.040491274879195356, 0.05163805631085922, 0.02713131313131313], [0.04030416510840525, 0.051840520985802226, 0.02914141414141414], [0.04010448363788615, 0.052058232521790614, 0.031151515151515152], [0.039892410654910074, 0.052291617399671204, 0.03316161616161616], [0.03966816965215026, 0.052541478187244604, 0.03517171717171717], [0.03943209576476476, 0.052810615816384285, 0.037181818181818184], [0.03918492405525667, 0.05310934147557805, 0.039191919191919194], [0.038930677626971985, 0.053444812862098776, 0.041202020202020205], [0.03874442625961505, 0.05372007040445752, 0.043212121212121216], [0.03843795019479415, 0.049032775926397314, 0.045222222222222226], [0.03811980514459757, 0.0446896873944772, 0.04723232323232324], [0.037790399799771196, null, 0.04924242424242424]]}