{"dim": 1, "delta": 0.2, "mu": 10, "dmu": 0.45, "g": -3.077012439639267, "data": [[0.05729031127138567, 0.07872488035631069, 0.001], [0.05726760390024752, 0.07874871333219834, 0.0060404040404040404], [0.05721241191982199, 0.07880669593406413, 0.01108080808080808], [0.05712480775556142, 0.07889888922725895, 0.016121212121212123], [0.057004906267382444, 0.07902539048192957, 0.021161616161616163], [0.05685286448474063, 0.0791863335254414, 0.026202020202020202], [0.05666888125070783, 0.07938188924025925, 0.031242424242424245], [0.05645319680579846, 0.07961226626379524, 0.036282828282828285], [0.05620609236712204, 0.079877711936957, 0.041323232323232324], [0.055927889875681515, 0.08017851369419163, 0.046363636363636364], [0.05561895262932854, 0.0805150012714017, 0.0514040404040404], [0.05527969857966244, 0.08088755081128644, 0.05644444444444444], [0.054910515734116996, 0.08129659403795991, 0.06148484848484849], [0.05451190823011733, 0.0817426435617769, 0.06652525252525253], [0.05408439223681276, 0.08222638665034893, 0.07156565656565657], [0.053628526172698324, 0.082749161726637, 0.07660606060606061], [0.053144917795653716, 0.08331112981604062, 0.08164646464646465], [0.052634241312884744, 0.08391635021030353, 0.08668686868686869], [0.052097280615000574, 0.08457591444304977, 0.09172727272727273], [0.051535048123497816, 0.08531842915376656, 0.09676767676767677], [0.05094916680670193, 0.08597585400711076, 0.1018080808080808], [0.050343556262919066, 0.08459990477009095, 0.10684848484848485], [0.049747343512477574, 0.07721958183489919, 0.11188888888888888], [0.049177415590653695, 0.070495098479926, 0.11692929292929292], [0.048325930095894226, 0.0643456283503249, 0.12196969696969698], [0.04748217640462109, 0.05870339909471725, 0.12701010101010102], [0.04702442249305475, null, 0.13205050505050506], [0.04622017573848177, null, 0.1370909090909091]]}