{"dim": 1, "delta": 0.2, "mu": 10, "dmu": 0.2, "g": -10, "data": [[1.160543593363701, null, 0.001], [1.1605606065621796, null, 0.07637185929648242], [1.1606107667968026, null, 0.15174371859296484], [1.160694074642103, null, 0.22711557788944725], [1.1608105310523433, null, 0.3024874371859297], [1.1609601373615166, null, 0.3778592964824121], [1.1611428952836729, null, 0.4532311557788945], [1.161358806913437, null, 0.528603015075377], [1.1616078747239407, null, 0.6039748743718594], [1.1618901015707095, null, 0.6793467336683418], [1.1622054906895278, null, 0.7547185929648242], [1.1625540456970556, null, 0.8300904522613066], [1.162935770591578, null, 0.905462311557789], [1.1633506697530893, null, 0.9808341708542715], [1.1637987479437468, null, 1.0562060301507539], [1.164280010308674, null, 1.1315778894472361], [1.164794462375684, null, 1.2069497487437186], [1.1653421100566783, null, 1.2823216080402011], [1.16592295964759, null, 1.3576934673366834], [1.1665370178292989, null, 1.4330653266331659], [1.1671842916679875, null, 1.5084371859296484], [1.1678647886161477, null, 1.5838090452261306], [1.1685785165130231, null, 1.6591809045226131], [1.1693254835854505, null, 1.7345527638190956], [1.1701056984486908, null, 1.809924623115578], [1.1709191701071708, null, 1.8852964824120604], [1.1717659079553375, null, 1.9606683417085429], [1.172645921778674, null, 2.0360402010050254], [1.1735592217545283, null, 2.111412060301508], [1.1745058184531167, null, 2.18678391959799], [1.1754857228385833, null, 2.2621557788944724], [1.176498946270057, null, 2.337527638190955], [1.1775455005025046, null, 2.4128994974874374], [1.1786253976884185, null, 2.48827135678392], [1.179738650378405, null, 2.5636432160804024], [1.180885271522839, null, 2.639015075376885], [1.1820652744729645, null, 2.714386934673367], [1.1832786729820564, null, 2.7897587939698494], [1.18452548120701, null, 2.865130653266332], [1.1858057137096811, null, 2.9405025125628144], [1.1871193854582076, null, 3.015874371859297], [1.188466511828721, null, 3.0912462311557793], [1.1898471086064744, null, 3.1666180904522614], [1.19126119198789, null, 3.241989949748744], [1.192708778581941, null, 3.3173618090452264], [1.1941898854116153, null, 3.392733668341709], [1.1957045299161582, null, 3.4681055276381914], [1.19725272995225, null, 3.543477386934674], [1.1988345037961874, null, 3.618849246231156], [1.2004498701456956, null, 3.6942211055276384], [1.2020988481216865, null, 3.769592964824121], [1.203781457270332, null, 3.8449648241206034], [1.2054977175649793, null, 3.920336683417086], [1.2072476494083308, null, 3.9957085427135683], [1.2090312736344249, null, 4.071080402010051], [1.2108486115108918, null, 4.146452261306534], [1.2126996847409803, null, 4.221824120603016], [1.2145845154661197, null, 4.297195979899499], [1.2165031262678567, null, 4.37256783919598], [1.2184555401704298, null, 4.447939698492463], [1.2204417806431145, null, 4.523311557788945], [1.2224618716025524, null, 4.598683417085428], [1.2245158374151823, null, 4.67405527638191], [1.2266037028995853, null, 4.749427135678393], [1.228725493328908, null, 4.824798994974875], [1.2308812344327054, null, 4.900170854271358], [1.2330706762552655, null, 4.97554271356784], [1.23529439626172, null, 5.050914572864323], [1.2375521470128652, null, 5.126286432160805], [1.2398439561794394, null, 5.201658291457288], [1.2421698520146522, null, 5.27703015075377], [1.2445298641416367, null, 5.352402010050252], [1.2469240185018151, null, 5.427773869346734], [1.2493523449322979, null, 5.503145728643217], [1.251814874576623, null, 5.578517587939699], [1.2543116378563002, null, 5.653889447236182], [1.2568426656303775, null, 5.729261306532664], [1.2594079890399488, null, 5.804633165829147], [1.2620076395968642, null, 5.880005025125629], [1.264641653011642, null, 5.955376884422112], [1.2673100600823755, null, 6.030748743718594], [1.2700128942984805, null, 6.106120603015077], [1.2727501896641389, null, 6.181492462311559], [1.275521980702528, null, 6.256864321608042], [1.2783283024599168, null, 6.332236180904523], [1.2811691905098381, null, 6.407608040201006], [1.2840446809571036, null, 6.482979899497488], [1.286954810442294, null, 6.558351758793971], [1.2898996161462648, null, 6.633723618090453], [1.292879135794395, null, 6.709095477386936], [1.2958934076611597, null, 6.784467336683418], [1.2989424705749426, null, 6.859839195979901], [1.3020263639225391, null, 6.935211055276383], [1.3051451276540351, null, 7.010582914572866], [1.3082988022876116, null, 7.085954773869348], [1.3114874289143557, null, 7.161326633165831], [1.3147110492032732, null, 7.236698492462312], [1.3179697054063104, null, 7.312070351758795], [1.3212634403632018, null, 7.387442211055277], [1.3245922975066853, null, 7.46281407035176], [1.3279563208671503, null, 7.538185929648242], [1.331355555077975, null, 7.613557788944725], [1.33479004538001, null, 7.688929648241207], [1.3382598376264212, null, 7.76430150753769], [1.3417649782871037, null, 7.839673366834172], [1.3453055144527954, null, 7.915045226130655], [1.348881493838725, null, 7.990417085427137], [1.3524929647875827, null, 8.065788944723618], [1.356139976271641, null, 8.141160804020101], [1.3598225778935475, null, 8.216532663316583], [1.3635408198853496, null, 8.291904522613066], [1.3672947531051216, null, 8.367276381909548], [1.3710844290294897, null, 8.442648241206031], [1.3749098997415239, null, 8.518020100502513], [1.3787712179098872, null, 8.593391959798996], [1.382668436756148, null, 8.668763819095478], [1.3866016100021243, null, 8.74413567839196], [1.3905707917842587, null, 8.819507537688443], [1.3945760365101647, null, 8.894879396984924], [1.3986173986052057, null, 8.970251256281408], [1.4026949320302111, null, 9.04562311557789], [1.4068086892546328, null, 9.120994974874373], [1.4109587186401282, null, 9.196366834170854], [1.4151450552002927, null, 9.271738693467338], [1.419367627899765, null, 9.34711055276382], [1.4236268309231273, null, 9.422482412060303], [1.4279227228450906, null, 9.497854271356784], [1.4322552378341329, null, 9.573226130653268], [1.4366244490828082, null, 9.64859798994975], [1.441030435920654, null, 9.723969849246231], [1.4454732883523724, null, 9.799341708542714], [1.4499531189646067, null, 9.874713567839196], [1.4544701103920656, null, 9.95008542713568], [1.4590249182480861, null, 10.025457286432161], [1.4636156716163993, null, 10.100829145728644], [1.4682435869648391, null, 10.176201005025126], [1.4729087388373825, null, 10.25157286432161], [1.4776112035075222, null, 10.326944723618091], [1.4823510591804654, null, 10.402316582914574], [1.4871283862450455, null, 10.477688442211056], [1.4919432675904067, null, 10.55306030150754], [1.4967957890059584, null, 10.62843216080402], [1.5016860396925589, null, 10.703804020100502], [1.5066141129130548, null, 10.779175879396986], [1.5115801068462875, null, 10.854547738693467], [1.5165841256925525, null, 10.92991959798995], [1.5216262811391763, null, 11.005291457286432], [1.526706694317105, null, 11.080663316582916], [1.531825498441485, null, 11.156035175879397], [1.5369828424645402, null, 11.23140703517588], [1.5421788961009832, null, 11.306778894472362], [1.5474028226168937, null, 11.382150753768846], [1.552674739067708, null, 11.457522613065327], [1.5579742076212586, null, 11.53289447236181], [1.563380288748806, null, 11.608266331658292], [1.5687091653497538, null, 11.683638190954774], [1.574144355759782, null, 11.759010050251257], [1.5795989323789155, null, 11.834381909547739], [1.5851032464380392, null, 11.909753768844222], [1.590655515138515, null, 11.985125628140704], [1.5962372817069264, null, 12.060497487437187], [1.6018494129354095, null, 12.135869346733669], [1.6083199152497965, null, 12.211241206030152], [1.61321948697073, null, 12.286613065326634], [1.6189501413457517, null, 12.361984924623117], [1.6247294333222053, null, 12.437356783919599], [1.630557501459743, null, 12.512728643216082], [1.6364083197833947, null, 12.588100502512564], [1.642316589192284, null, 