{"dim": 3, "delta": 2.0, "mu": 10, "dmu": 2.2, "g": -0.35760296491930865, "k_c": 50, "data": [[0.0875716807686027, 0.2202772882712764, 1.9], [0.07838643424773258, 0.22634795296489157, 1.913131313131313], [0.0702356560585693, 0.23153448102787283, 1.9262626262626261], [0.06289799507736771, 0.23605739726697048, 1.9393939393939392], [0.056230854388130434, 0.24005855496069706, 1.9525252525252526], [0.04899802709680342, 0.2436356353963954, 1.9656565656565657], [0.039101804689108274, 0.24685932440268413, 1.9787878787878788], [0.0244269018847359, 0.24978273042787175, 1.9919191919191919], [0.024426901884743887, 0.2497827304278966, 1.9919191919191919], [0.2524469534575931, null, 2.005050505050505], [0.2548845666549098, null, 2.018181818181818], [0.25712188201606134, null, 2.0313131313131314], [0.2591805863620529, null, 2.0444444444444443], [0.26107864713109025, null, 2.0575757575757576], [0.26283128052499843, null, 2.0707070707070705], [0.2644514341033247, null, 2.083838383838384], [0.2659502390749409, null, 2.0969696969696967], [0.267337341591713, null, 2.11010101010101], [0.2686211599187301, null, 2.1232323232323234], [0.26980908697144357, null, 2.1363636363636362], [0.2709076515043789, null, 2.1494949494949496], [0.2719226480467639, null, 2.1626262626262625], [0.27285924179254833, null, 2.175757575757576], [0.27372205913696235, null, 2.188888888888889], [0.274515252901222, null, 2.202020202020202], [0.27524256709995104, null, 2.2151515151515153], [0.275907386463644, null, 2.228282828282828], [0.2765127780575932, null, 2.2414141414141415], [0.27706152768513087, null, 2.2545454545454544], [0.2775561685050023, null, 2.2676767676767677], [0.27799901589120385, null, 2.2808080808080806], [0.27839218170517255, null, 2.293939393939394], [0.27873758884334177, null, 2.3070707070707073], [0.27903700528776537, null, 2.32020202020202], [0.2792920456050187, null, 2.3333333333333335], [0.2795041892946948, null, 2.3464646464646464], [0.27967479073219426, null, 2.3595959595959597], [0.27980508947624433, null, 2.3727272727272726], [0.2798962034373164, null, 2.385858585858586], [0.2799492153529047, null, 2.398989898989899], [0.2799650217473281, null, 2.412121212121212], [0.2799444977053726, null, 2.4252525252525254], [0.2798884210806638, null, 2.4383838383838383], [0.27979749500758944, null, 2.4515151515151516], [0.279672349975215, null, 2.4646464646464645], [0.279513552701369, null, 2.477777777777778], [0.2793215968829531, null, 2.490909090909091], [0.27909692053166, null, 2.504040404040404], [0.27883989816387633, null, 2.517171717171717], [0.2785508454033142, null, 2.5303030303030303], [0.27823002210038056, null, 2.5434343434343436], [0.27787762908058944, null, 2.5565656565656565], [0.27749381208703283, null, 2.56969696969697], [0.27707866100170725, null, 2.5828282828282827], [0.27663220936087346, null, 2.595959595959596], [0.2761544339224902, null, 2.6090909090909093], [0.2756452536665464, null, 2.6222222222222222], [0.2751045283245353, null, 2.6353535353535356], [0.2745320565725491, null, 2.6484848484848484], [0.27392757355409836, null, 2.6616161616161618], [0.27329074797545644, null, 2.674747474747475], [0.2726211785279438, null, 2.687878787878788], [0.2719183896351529, null, 2.701010101010101], [0.271181826023714, null, 2.714141414141414], [0.2704108486425595, null, 2.7272727272727275], [0.26960472385141104, null, 2.7404040404040404], [0.2687626190091293, null, 2.7535353535353537], [0.26788359081735014, null, 2.7666666666666666], [0.2669665743097718, null, 2.77979797979798], [0.26601036936884187, null, 2.7929292929292933], [0.2650136246903699, null, 2.806060606060606], [0.26397481887937935, null, 2.8191919191919195], [0.2628922376441971, null, 2.8323232323232324], [0.261763946470003, null, 2.8454545454545457], [0.26058775693408, null, 2.8585858585858586], [0.25936118935328284, null, 2.871717171717172], [0.25808141701032355, null, 2.8848484848484848], [0.25674521055172345, null, 2.897979797979798], [0.255348857397703, null, 2.9111111111111114], [0.25388806390134294, null, 2.9242424242424243], [0.25235782845760046, null, 2.937373737373737], [0.2507522756366212, null, 2.9505050505050505], [0.2490644353003427, null, 2.963636363636364], [0.24728594285342248, null, 2.976767676767677], [0.24540662265526944, null, 2.98989898989899], [0.24341389266587726, null, 3.003030303030303], [0.24129189274312832, null, 3.0161616161616163], [0.23902013433332325, null, 3.0292929292929296], [0.2365713558620781, null, 3.042424242424243], [0.2339078500168039, null, 3.055555555555556], [0.2309747137598435, null, 3.0686868686868687], [0.22768604193529082, null, 3.081818181818182], [0.2238920126272157, null, 3.0949494949494953], [0.2192777303102996, null, 3.108080808080808], [0.21282241167053623, null, 3.121212121212121], [0.11493895562187596, null, 3.1343434343434344]]}