{"dim": 3, "delta": 2.4, "mu": 10, "dmu": 2.88, "g": -0.3682966327988467, "data": [[0.6465734719461592, 1.0122954124227066, 0.001], [0.6458965721839859, 1.0122731926857427, 0.026120603015075378], [0.6448821117387818, 1.0122097840491162, 0.051241206030150754], [0.6440666808155644, 1.0121051003707167, 0.07636180904522613], [0.6433414998262218, 1.0119590027620902, 0.10148241206030151], [0.6426672371510613, 1.0117712953774285, 0.12660301507537688], [0.6420247014270551, 1.0115417257671881, 0.15172361809045226], [0.6414029324187792, 1.0112699796554792, 0.17684422110552764], [0.6407950149762576, 1.0109556889531224, 0.20196482412060301], [0.6401962702151466, 1.0105984120984774, 0.2270854271356784], [0.6396033608710189, 1.0101976477465504, 0.25220603015075377], [0.6390138095825335, 1.0097528226891241, 0.2773266331658292], [0.6384257055674102, 1.0092632899182172, 0.3024472361809045], [0.6378375377335155, 1.0087283237045743, 0.32756783919597987], [0.6372480759049148, 1.0081471141468314, 0.3526884422110553], [0.636656295103635, 1.007518760890328, 0.3778090452261307], [0.6360613219541835, 1.0068422659652658, 0.40292964824120603], [0.6354623943392521, 1.0061165252599429, 0.4280502512562814], [0.634858836679043, 1.0053403190776724, 0.4531708542713568], [0.6342500342899813, 1.0045123008180359, 0.4782914572864322], [0.6336354137591359, 1.0036309839700257, 0.5034120603015075], [0.6330144519099012, 1.0026947271835591, 0.5285326633165829], [0.6323866183268554, 1.0017017176835097, 0.5536532663316583], [0.6317514109651267, 1.0006499479073865, 0.5787738693467337], [0.6311083257131657, 0.9995371942103004, 0.603894472361809], [0.6304568513060508, 0.9983609873749459, 0.6290150753768844], [0.6297964620825561, 0.9971185773178223, 0.6541356783919597], [0.629126609875881, 0.9958068933278837, 0.6792562814070352], [0.6284467154960207, 0.9944224945233988, 0.7043768844221105], [0.6277561598510121, 0.9929615091448273, 0.7294974874371859], [0.6270542738188087, 0.9914195605652688, 0.7546180904522614], [0.6263403269722786, 0.9897916759672163, 0.7797386934673367], [0.6256135146247598, 0.9880721711559632, 0.8048592964824121], [0.6248729422946563, 0.9862545041450449, 0.8299798994974874], [0.6241176074599909, 0.984331086172384, 0.8551005025125628], [0.623346378226376, 0.9822930360772582, 0.8802211055276382], [0.6225579653221869, 0.9801298517062055, 0.9053417085427136], [0.6217508905520426, 0.9778289631183605, 0.9304623115577889], [0.6209234454174041, 0.9753751121416014, 0.9555829145728644], [0.6200736401712732, 0.972749462288894, 0.9807035175879397], [0.6191991392506554, 0.9699282835279528, 1.005824120603015], [0.6182971787384755, 0.966880926395601, 1.0309447236180904], [0.6173644597722976, 0.9635665491809152, 1.0560653266331657], [0.616397010019132, 0.9599284673683187, 1.0811859296482411], [0.6153899975685234, 0.9558836390188931, 1.1063065326633166], [0.614337490479596, 0.951300319378659, 1.1314271356783918], [0.6132321193425687, 0.94594308034442, 1.1565477386934673], [0.6120646241225592, 0.9392851207695523, 1.1816683417085425], [0.6108232057417953, 0.9289167652623651, 1.206788944723618], [0.6108232057588854, 0.9289167652621011, 1.206788944723618], [0.6094926862150118, 0.903033066091558, 1.2319095477386934], [0.6080530983144596, 0.8774549926878844, 1.2570301507537687], [0.6064779156728186, 0.852423642019622, 1.2821507537688441], [0.6047311942705828, 0.8279704842150303, 1.3072713567839194], [0.6027633790316277, 0.8041434967141077, 1.3323919597989948], [0.6005049425403989, 0.781007354089039, 1.3575125628140703], [0.5978568104798586, 0.758659028370248, 1.3826331658291455], [0.5946763716711033, 0.7372387084118188, 1.407753768844221], [0.5907588358330834, 0.7169490539828732, 1.4328743718592964], [0.5858180917061284, 0.6980742966660642, 1.4579949748743717], [0.5858180917063524, 0.6980742966660693, 1.4579949748743717], [0.579483967085023, 0.6809829573311292, 1.4831155778894471], [0.5794839670853382, 0.6809829573309888, 1.4831155778894471], [0.5713531993413996, 0.6660766372611094, 1.5082361809045226], [0.5713531993409932, 0.6660766372611155, 1.5082361809045226], [0.5611272395937261, 0.6536532559592899, 1.5333567839195978], [0.561127239593306, 0.6536532559593164, 1.5333567839195978], [0.5487803922983815, 0.643736782338159, 1.5584773869346733], [0.5487803922983512, 0.6437367823381643, 1.5584773869346733], [0.5346001726956637, 0.6360389631978912, 1.5835979899497485], [0.5346001726960672, 0.6360389631976263, 1.5835979899497485], [0.5190485064186714, 0.6300970549665594, 1.608718592964824], [0.5190485064128424, 0.6300970549664547, 1.608718592964824], [0.5025870053022573, 0.6254487294994457, 1.6338391959798995], [0.5025870053024328, 0.6254487294993607, 1.6338391959798995], [0.48558663808211844, 0.621722416328261, 1.6589597989949747], [0.48558663808224667, 0.6217224163294736, 1.6589597989949747], [0.4683158766705852, 0.6186491099637124, 1.6840804020100502], [0.468315876670714, 0.6186491099636996, 1.6840804020100502], [0.4509608689415567, 0.616042208727657, 1.7092010050251254], [0.45096086894170506, 0.6160422087277367, 1.7092010050251254], [0.43364942182758365, 0.6137734906471753, 1.7343216080402009], [0.4336494218277683, 0.6137734906472971, 1.7343216080402009], [0.41646989119815836, 0.6117542384131441, 1.7594422110552763], [0.41646989119836475, 0.611754238413138, 1.7594422110552763], [0.39948425609099353, 0.6099221389080809, 1.7845628140703516], [0.3994842560911736, 0.6099221389080595, 1.7845628140703516], [0.3827367654406253, 0.608232631787839, 1.809683417085427], [0.38273676544062846, 0.6082326317881585, 1.809683417085427], [0.36625957897324457, 0.6066532495597846, 1.8348040201005025], [0.3662595789733, 0.606653249560041, 1.8348040201005025], [0.3500764818153316, 0.6051599003568608, 1.8599246231155777], [0.35007648181538314, 0.6051599003569645, 1.8599246231155777], [0.3342053614816341, 0.6037343945769155, 1.8850452261306532], [0.3342053614816583, 0.6037343945769683, 1.8850452261306532], [0.31865984568902533, 0.6023627755653531, 1.9101658291457286], [0.3186598456890538, 0.6023627755653942, 1.9101658291457286], [0.3034504579638039, 0.6010341730341743, 1.9352864321608039], [0.3034504579638219, 0.6010341730341845, 1.9352864321608039], [0.2885854087245416, 0.5997400025373142, 1.9604070351758793], [0.28858540872459487, 0.5997400025373102, 1.9604070351758793], [0.27407115831211054, 0.5984733973767746, 1.9855276381909546], [0.2740711583121292, 0.598473397376765, 1.9855276381909546], [0.2599128224342232, 0.5972287991677914, 2.01064824120603], [0.2599128224342202, 0.5972287991678454, 2.01064824120603], [0.24611446819628796, 0.5960016584877075, 2.0357688442211055], [0.24611446819630986, 0.5960016584877431, 2.0357688442211055], [0.2326793336312239, 0.5947882128963239, 2.060889447236181], [0.2326793336312521, 0.594788212896338, 2.060889447236181], [0.21960999282229257, 0.5935853144466271, 2.086010050251256], [0.2196099928223293, 0.593585314446642, 2.086010050251256], [0.20690848156610325, 0.5923903322977815, 2.1111306532663314], [0.20690848156613498, 0.5923903322977794, 2.1111306532663314], [0.19457639571197058, 0.5912009827825223, 2.136251256281407], [0.1945763957120226, 0.5912009827825474, 2.136251256281407], [0.18261496685620401, 0.5900153833835424, 2.1613718592964823], [0.18261496685625356, 0.5900153833835298, 2.1613718592964823], [0.17102512526881306, 0.5888318222075805, 2.186492462311558], [0.17102512526887453, 0.5888318222075826, 2.186492462311558], [0.15980754596830987, 0.5876488590802802, 2.2116130653266333], [0.15980754596837923, 0.5876488590801675, 2.2116130653266333], [0.1489626978073703, 0.586465217161862, 2.2367336683417083], [0.14896269780746962, 0.5864652171623304, 2.2367336683417083], [0.13848984179009516, 0.5852797670798485, 2.2618542713567837], [0.1384898417900969, 0.5852797670794, 2.2618542713567837], [0.12657189167756802, 0.5840915025651893, 2.286974874371859], [0.12657189167756766, 0.5840915025656384, 2.286974874371859], [0.1124401378833774, 0.5828995206343613, 2.3120954773869347], 