{"dim": 1, "delta": 0.2, "mu": 10, "dmu": 0.21, "g": -2.8, "data": [[0.022748569217402263, 0.040929275381028876, 0.001], [0.02274184555675957, 0.04093632785096834, 0.00301010101010101], [0.02272838505930714, 0.040950453482673385, 0.00502020202020202], [0.022708195259390728, 0.040971658149041114, 0.00703030303030303], [0.022681287452703865, 0.04099995067413819, 0.00904040404040404], [0.02264767668051755, 0.041035342841162135, 0.01105050505050505], [0.0226073817159521, 0.041077849416016395, 0.01306060606060606], [0.022560425040099183, 0.04112748816144395, 0.015070707070707071], [0.022506832816082272, 0.04118427986426304, 0.017080808080808082], [0.02244663486353283, 0.04124824836164231, 0.019090909090909092], [0.022379864618329956, 0.04131942056649239, 0.021101010101010103], [0.022306559098967487, 0.0413978264676506, 0.023111111111111114], [0.022226758862202527, 0.04148349896864984, 0.02512121212121212], [0.022140507959999483, 0.04157647581805377, 0.02713131313131313], [0.022047853887141703, 0.041676795989031686, 0.02914141414141414], [0.021948847530824083, 0.04178450257858309, 0.031151515151515152], [0.021843543110599176, 0.04189964208842233, 0.03316161616161616], [0.021731998126989425, 0.04202226450293853, 0.03517171717171717], [0.021614273284432713, 0.04215242337682856, 0.037181818181818184], [0.02149043244032451, 0.04229017592831929, 0.039191919191919194], [0.02136054252692336, 0.042435583152234925, 0.041202020202020205], [0.02122467348334278, 0.04258870995662828, 0.043212121212121216], [0.021082898183077296, 0.042749625332817884, 0.045222222222222226], [0.02093529235650806, 0.04291840259113037, 0.04723232323232324], [0.02078193451599647, 0.04309511970300032, 0.04924242424242424], [0.02062290587883561, 0.04327985985320023, 0.05125252525252525], [0.020458290286745673, 0.0434727124038542, 0.05326262626262626], [0.020288174135257155, 0.04367377477754997, 0.05527272727272727], [0.020112646292229048, 0.04388315640051475, 0.05728282828282828], [0.01993179803691869, 0.04410098791592008, 0.05929292929292929], [0.019745723000839918, 0.04432744517427619, 0.061303030303030304], [0.01955451712654845, 0.04456282269654867, 0.06331313131313131], [0.019358278678968464, 0.04480784968650816, 0.06532323232323232], [0.019157108319715604, 0.0450641666507953, 0.06733333333333333], [0.018951109450617114, 0.04533082245918678, 0.06934343434343435], [0.018740389560879152, 0.04561224584203056, 0.07135353535353535], [0.018525073156640554, 0.045913004809574304, 0.07336363636363637], [0.01830522242271091, 0.046233462997871386, 0.07537373737373737], [0.018080946522138458, 0.04640914251067086, 0.07738383838383839], [0.017852374851716157, 0.046922006378368984, 0.07939393939393939], [0.017619619939519552, 0.04600409071004362, 0.08140404040404041], [0.01738279611400051, 0.04403062340679543, 0.08341414141414141], [0.017142019611595487, 0.042155091132993094, 0.08542424242424243], [0.01689740874188354, 0.0403709472100628, 0.08743434343434343], [0.016649084157610378, 0.03867224143983075, 0.08944444444444445], [0.016397169245783494, 0.03705355420578593, 0.09145454545454546], [0.016141790710824156, 0.03550993912964886, 0.09346464646464647], [0.01588307941577982, 0.0340368730133293, 0.09547474747474748], [0.015621171614368238, 0.03263021201226485, 0.09748484848484848], [0.015356210745576039, 0.03128615314359143, 0.0994949494949495], [0.015088350110460494, 0.03000120039834729, 0.1015050505050505], [0.014817756951779176, 0.028772134815431786, 0.10351515151515152], [0.01454461886860778, 0.02759598799488223, 0.10552525252525252], [0.014269154391019757, 0.026470018594453536, 0.10753535353535354], [0.013991631539646422, 0.02539169142453503, 0.10954545454545454], [0.013712403316718217, 0.024358658813257012, 0.11155555555555556], [0.013431984398907547, 0.023368743956604484, 0.11356565656565656], [0.013151250483529747, 0.0224199260172164, 0.11557575757575758], [0.01287215401878762, 0.021510326749899396, 0.11758585858585859], [0.012604267293395914, 0.02063819848913119, 0.1195959595959596], [0.012565056672800648, 0.019801913318760196, 0.1216060606060606], [0.012257548865911655, 0.018999953303377625, 0.12361616161616162], [0.011948839938955132, 0.018230901723424443, 0.1256262626262626], [0.011639056649314996, 0.017493434748749703, 0.12763636363636363], [0.011328323531578269, 0.016786315542758865, 0.12964646464646465], [0.011016762665418893, 0.016108385074944467, 0.13165656565656567], [0.010704493411279057, 0.015458558748659186, 0.13366666666666666], [0.010391632124742593, 0.014835819364834758, 0.13567676767676767], [0.010078291818442024, 0.014239213807317738, 0.1376868686868687], [0.009764581789536816, 0.013667845729473873, 0.1396969696969697], [0.009450607186359787, 0.013120874172957151, 0.1417070707070707], [0.009136468513786371, 0.012597508379615796, 0.14371717171717172], [0.008822261059840963, 0.012097004580745556, 0.14572727272727273], [0.008508074233877389, 0.01161866279616167, 0.14773737373737375], [0.008193990794825051, 0.011161823889802396, 0.14974747474747474], [0.007880085944824613, 0.010725866860416633, 0.15175757575757576], [0.0075664262587474395, 0.010310206371062967, 0.15376767676767678], [0.007253068398722271, 0.009914290320044272, 0.1557777777777778], [0.006940057566286501, 0.009537597965962279, 0.15778787878787878], [0.006627425600125155, 0.009179637711619457, 0.1597979797979798], [0.006315188628527615, 0.008839945409867284, 0.16180808080808082], [0.006003344134269796, 0.008518082653630523, 0.1638181818181818], [0.005691867263024084, 0.008213635215371376, 0.16582828282828282], [0.005380706136671546, 0.007926211596374178, 0.16783838383838384], [0.005069775870756165, 0.007655441680467806, 0.16984848484848486], [0.004758950871696979, 0.007400975483313668, 0.17185858585858585], [0.004448054849372339, 0.007162481986010414, 0.17386868686868687], [0.004136847765162085, 0.006939648054199381, 0.17587878787878788], [0.003825008644357131, 0.006732177427223893, 0.1778888888888889], [0.0035121128259668877, 0.006539789788830743, 0.1798989898989899], [0.0031976018561730582, 0.006362219940044601, 0.1819090909090909], [0.002880744144954035, 0.006199216429538062, 0.18391919191919193], [0.0025605857853544015, 0.006050541853926551, 0.18592929292929294], [0.0013658320339879951, 0.005915971319731165, 0.18793939393939393], [0.005795291989417223, 0.00579529198982923, 0.18994949494949495], [0.005688302453610281, 0.005688302453462603, 0.19195959595959597], [0.005594812131914071, 0.005594812131885862, 0.19396969696969696], [0.005514640721849857, 0.005514640721942324, 0.19597979797979798], [0.005447617672917409, 0.0054476176727874135, 0.197989898989899], [0.0053935816949992575, 0.005393581694863084, 0.2]]}