{"dim": 1, "delta": 0.2, "mu": 10, "dmu": 0.8, "g": -2.8, "data": [[0.12384055677862495, 0.12844923992376656, 0.001], [0.12381527370350107, 0.1284746844454209, 0.00301010101010101], [0.12376465704715338, 0.12852565515553552, 0.00502020202020202], [0.12368873337705794, 0.1286021658137841, 0.00703030303030303], [0.12358754308144855, 0.12870426304486535, 0.00904040404040404], [0.12346114104560504, 0.12883200209063222, 0.01105050505050505], [0.12330960134806368, 0.12898545802755076, 0.01306060606060606], [0.12313305293834995, 0.1291647413395854, 0.015070707070707071], [0.12293176272111567, 0.12937006742638604, 0.017080808080808082], [0.12270708729635435, 0.12960220790770982, 0.019090909090909092], [0.12246317262590528, 0.12986813277351678, 0.021101010101010103], [0.12220886048315668, 0.130175375866554, 0.023111111111111114], [0.12188249568321312, null, 0.02512121212121212]]}