{"dim": 1, "delta": 0.2, "mu": 10, "dmu": 0.65, "g": -3.077012439639267, "data": [[0.09182328201077826, 0.10653589449073583, 0.001], [0.09181579853942391, 0.10654357207776015, 0.00301010101010101], [0.0918008142440113, 0.1065589479580902, 0.00502020202020202], [0.09177833212055264, 0.10658202487238676, 0.00703030303030303], [0.09174835667097951, 0.10661280693656787, 0.00904040404040404], [0.09171089392187189, 0.10665129964946952, 0.01105050505050505], [0.09166595144499891, 0.10669750988872381, 0.01306060606060606], [0.09161353852978119, 0.10675144593234102, 0.015070707070707071], [0.09155366752603883, 0.10681311745525071, 0.017080808080808082], [0.09148634343338957, 0.10688253555532906, 0.019090909090909092], [0.09141158388187146, 0.10695971276284938, 0.021101010101010103], [0.09132940372627477, 0.10704466307357434, 0.023111111111111114], [0.0912398193063963, 0.10713740198069142, 0.02512121212121212], [0.09114284844508787, 0.10723794653662504, 0.02713131313131313], [0.0910385104576994, 0.1073463154308509, 0.02914141414141414], [0.09092682616402284, 0.10746252913090397, 0.031151515151515152], [0.09080781790350566, 0.10758661012544367, 0.03316161616161616], [0.09068150956485542, 0.10771858339689297, 0.03517171717171717], [0.09054792663059075, 0.10785847750073106, 0.037181818181818184], [0.09040709624807877, 0.10800632801700293, 0.039191919191919194], [0.09025904733096828, 0.10816221710497011, 0.041202020202020205], [0.09010381072988119, 0.1083260453154443, 0.043212121212121216], [0.0899414194868795, 0.10849789828238313, 0.045222222222222226], [0.08977190925679496, 0.10867783547258905, 0.04723232323232324], [0.08959531897736332, 0.10886590610341729, 0.04924242424242424], [0.08941169200392089, 0.10906217088522452, 0.05125252525252525], [0.08922107805388117, 0.10926670963305553, 0.05326262626262626], [0.0890235366800103, 0.10947963609371716, 0.05527272727272727], [0.08881914378476621, 0.10970112839443275, 0.05728282828282828], [0.08860800456316785, 0.10993149493220783, 0.05929292929292929], [0.08839028144409097, 0.11017132392355525, 0.061303030303030304], [0.08816626251113581, 0.11042182840271676, 0.06331313131313131], [0.08793657107042865, 0.1106855757851524, 0.06532323232323232], [0.08770333925817422, 0.1109675409818966, 0.06733333333333333], [0.08746865230282987, 0.11111152097839394, 0.06934343434343435], [0.08723091534449605, 0.11144462149017778, 0.07135353535353535], [0.08704526486920394, 0.11177794629100019, 0.07336363636363637], [0.086705318209011, 0.11211148102465154, 0.07537373737373737], [0.08653196695805593, 0.11126799557828931, 0.07738383838383839], [0.08602535447606474, 0.10546926088954864, 0.07939393939393939], [0.08591661314909954, 0.09996281938821337, 0.08140404040404041], [0.08559897248925721, null, 0.08341414141414141], [0.08502767714244737, null, 0.08542424242424243], [0.08499238950327144, null, 0.08743434343434343]]}