{"dim": 1, "delta": 0.2, "mu": 10, "dmu": 0.23, "g": -2.7, "data": [[0.030790619345673308, 0.04172471602612756, 0.001], [0.030779778513399032, 0.041736016550587944, 0.00301010101010101], [0.030758078568127442, 0.041758653725050394, 0.00502020202020202], [0.030725537572119984, 0.041792642913333726, 0.00703030303030303], [0.030682182594686257, 0.04183800720875731, 0.00904040404040404], [0.03062804966884597, 0.04189477748861587, 0.01105050505050505], [0.03056318372311754, 0.04196299247153073, 0.01306060606060606], [0.030487638529767432, 0.0420426988146106, 0.015070707070707071], [0.030401476574536287, 0.04213395119991282, 0.017080808080808082], [0.03030476903371034, 0.04223681247904371, 0.019090909090909092], [0.030197595601035458, 0.042351353819794685, 0.021101010101010103], [0.030080044422563523, 0.042477654892439994, 0.023111111111111114], [0.02995221199007546, 0.04261580411385309, 0.02512121212121212], [0.029814203106578605, 0.04276589898514855, 0.02713131313131313], [0.029666131080847164, 0.04292804655640235, 0.02914141414141414], [0.029508122714066453, 0.0431023641398935, 0.031151515151515152], [0.029340289784169703, 0.043288980115169386, 0.03316161616161616], [0.029162777342584358, 0.043488027751385466, 0.03517171717171717], [0.028975729425017787, 0.04369968817344056, 0.037181818181818184], [0.028779298364712554, 0.04392423562409299, 0.039191919191919194], [0.028573645648449338, 0.04416251068460249, 0.041202020202020205], [0.028358943812323654, 0.04441428695657295, 0.043212121212121216], [0.02813538057177218, 0.04468193702329453, 0.045222222222222226], [0.02790316822457502, 0.044971344653901985, 0.04723232323232324], [0.027662566498942606, 0.04529144750696262, 0.04924242424242424], [0.027413944555205207, 0.04563624982996362, 0.05125252525252525], [0.027157983022361384, 0.04475481077906465, 0.05326262626262626], [0.02689665185688377, 0.041620463946892956, 0.05527272727272727], [0.026642976731239828, 0.03871137675388425, 0.05728282828282828], [0.026449554324953654, 0.03600489734610468, 0.05929292929292929], [0.026138851157476002, 0.03348137009759375, 0.061303030303030304], [0.0258208571963829, null, 0.06331313131313131], [0.02549587118923469, null, 0.06532323232323232], [0.025164296647439622, null, 0.06733333333333333]]}