{
    "dim": 3,
    "delta": 0.2,
    "mu": 10,
    "dmu": 0.41,
    "g": -0.32,
    "data": [
        [
            0.04295024870326029,
            0.19200509060379575,
            0.19
        ],
        [
            0.04202032122696968,
            0.19185847163765604,
            0.19313131313131313
        ],
        [
            0.04106632587732247,
            0.1917086130453118,
            0.19626262626262628
        ],
        [
            0.04008671458023685,
            0.19155545891600803,
            0.1993939393939394
        ],
        [
            0.039079716698425485,
            0.19139895072288904,
            0.20252525252525252
        ],
        [
            0.03804330402658259,
            0.19123902724614808,
            0.20565656565656565
        ],
        [
            0.0369751411537497,
            0.19107562435464379,
            0.2087878787878788
        ],
        [
            0.0358725218731295,
            0.1909086748648737,
            0.21191919191919192
        ],
        [
            0.03473228727374144,
            0.19073810832289695,
            0.21505050505050505
        ],
        [
            0.03355071813620722,
            0.1905638507854777,
            0.21818181818181817
        ],
        [
            0.03232339126917561,
            0.19038582466268844,
            0.22131313131313132
        ],
        [
            0.031044983914405855,
            0.1902039483128324,
            0.22444444444444445
        ],
        [
            0.029709001262083406,
            0.1900181359225336,
            0.22757575757575757
        ],
        [
            0.028307386710585317,
            0.1898282971215397,
            0.2307070707070707
        ],
        [
            0.026829946498321842,
            0.18963433666649482,
            0.23383838383838385
        ],
        [
            0.02526346805411141,
            0.18943615409394446,
            0.23696969696969697
        ],
        [
            0.02359030535242819,
            0.18923364329910952,
            0.2401010101010101
        ],
        [
            0.021785975559642748,
            0.18902669209302017,
            0.24323232323232324
        ],
        [
            0.019814761428990885,
            0.1888151816887763,
            0.24636363636363637
        ],
        [
            0.01762082988637807,
            0.18859898632066685,
            0.2494949494949495
        ],
        [
            0.015107548831979402,
            0.18837797231401446,
            0.25262626262626264
        ],
        [
            0.012077269053176222,
            0.18815199772817376,
            0.25575757575757574
        ],
        [
            0.007960091636596625,
            0.1879209114497943,
            0.2588888888888889
        ],
        [
            null,
            0.18768455234656584,
            0.26202020202020204
        ],
        [
            null,
            0.18744274843797812,
            0.26515151515151514
        ],
        [
            null,
            0.18719531558002256,
            0.2682828282828283
        ],
        [
            null,
            0.18694205635764977,
            0.27141414141414144
        ],
        [
            null,
            0.18668275941700735,
            0.27454545454545454
        ],
        [
            null,
            0.1864171959099499,
            0.2776767676767677
        ],
        [
            null,
            0.18614512000951533,
            0.2808080808080808
        ],
        [
            null,
            0.18586626543812243,
            0.28393939393939394
        ],
        [
            null,
            0.1855803433904711,
            0.28707070707070703
        ],
        [
            null,
            0.18528704261845932,
            0.2902020202020202
        ],
        [
            null,
            0.18498601159085867,
            0.29333333333333333
        ],
        [
            null,
            0.18467688369961216,
            0.29646464646464643
        ],
        [
            null,
            0.18435924351895275,
            0.2995959595959596
        ],
        [
            null,
            0.18403263524982766,
            0.30272727272727273
        ],
        [
            null,
            0.18369655591586095,
            0.30585858585858583
        ],
        [
            null,
            0.18335044203835854,
            0.308989898989899
        ],
        [
            null,
            0.1829936648771287,
            0.31212121212121213
        ],
        [
            null,
            0.18262551563361784,
            0.31525252525252523
        ],
        [
            null,
            0.18224519053302218,
            0.3183838383838384
        ],
        [
            null,
            0.18185177131401808,
            0.32151515151515153
        ],
        [
            null,
            0.1814441998463247,
            0.3246464646464646
        ],
        [
            null,
            0.18102124577290138,
            0.3277777777777778
        ],
        [
            null,
            0.18058146095194533,
            0.33090909090909093
        ],
        [
            null,
            0.1801231203977717,
            0.334040404040404
        ],
        [
            null,
            0.17964413679175104,
            0.3371717171717171
        ],
        [
            null,
            0.17914193835871126,
            0.34030303030303033
        ],
        [
            null,
            0.1786132841847421,
            0.3434343434343434
        ],
        [
            null,
            0.1780539750617381,
            0.3465656565656565
        ],
        [
            null,
            0.17745837005191042,
            0.34969696969696973
        ],
        [
            null,
            0.17681851578784355,
            0.3528282828282828
        ],
        [
            null,
            0.17612239743130276,
            0.3559595959595959
        ],
        [
            null,
            0.17534980342283815,
            0.35909090909090907
        ],
        [
            null,
            0.17445927052772423,
            0.3622222222222222
        ],
        [
            null,
            0.17327592068470707,
            0.3653535353535353
        ],
        [
            null,
            0.1716539989841494,
            0.36848484848484847
        ],
        [
            null,
            0.17007195733174515,
            0.3716161616161616
        ],
        [
            null,
            0.16852838064193262,
            0.3747474747474747
        ],
        [
            null,
            0.16702190368240485,
            0.37787878787878787
        ],
        [
            null,
            0.16555120995122893,
            0.381010101010101
        ],
        [
            null,
            0.16411502975886,
            0.3841414141414141
        ],
        [
            null,
            0.16271213870160778,
            0.38727272727272727
        ],
        [
            null,
            0.1613413560684822,
            0.3904040404040404
        ],
        [
            null,
            0.16000154321078322,
            0.3935353535353535
        ],
        [
            null,
            0.15869159995229562,
            0.39666666666666667
        ],
        [
            null,
            0.15741047480287806,
            0.3997979797979798
        ],
        [
            null,
            0.15615713964112568,
            0.4029292929292929
        ],
        [
            null,
            0.15493061269183547,
            0.406060606060606
        ],
        [
            null,
            0.1537299443091156,
            0.4091919191919192
        ],
        [
            null,
            0.15255421909861913,
            0.4123232323232323
        ],
        [
            null,
            0.15140255404183553,
            0.4154545454545454
        ],
        [
            null,
