{"dim": 1, "delta": 0.2, "mu": 10, "dmu": 0.23, "g": -3.077012439639267, "data": [[0.05191400122289569, null, 0.001], [0.051923268408889355, null, 0.005030303030303031], [0.05194492704848518, null, 0.00906060606060606], [0.05197898808173798, null, 0.013090909090909094], [0.052025468517233636, null, 0.017121212121212124], [0.05208439160715215, null, 0.021151515151515154], [0.05215578690370082, null, 0.025181818181818187], [0.052239690323026604, null, 0.029212121212121217], [0.05233614423307689, null, 0.03324242424242425], [0.052445197547761384, null, 0.03727272727272728], [0.05256690584002451, null, 0.04130303030303031], [0.05270133147191734, null, 0.04533333333333334], [0.052848543741441975, null, 0.04936363636363637], [0.05300861904618718, null, 0.0533939393939394], [0.053181641063002764, null, 0.05742424242424243], [0.05336770095114531, null, 0.06145454545454546], [0.05356689757448709, null, 0.06548484848484849], [0.053779337743918895, null, 0.06951515151515153], [0.05400513648651344, null, 0.07354545454545455], [0.05424441734083275, null, 0.07757575757575759], [0.05449731268333957, null, 0.08160606060606061], [0.05476396409253267, null, 0.08563636363636365], [0.05504452275361847, null, 0.08966666666666667], [0.05533914993385276, null, 0.09369696969696971], [0.05564801753119825, null, 0.09772727272727275], [0.05597130875477162, null, 0.10175757575757577], [0.05630921901114242, null, 0.1057878787878788], [0.05666195713571972, null, 0.10981818181818183], [0.05702974727898441, null, 0.11384848484848487], [0.05741283203486191, null, 0.11787878787878789], [0.05781147815609215, null, 0.12190909090909093], [0.05822598787720058, null, 0.12593939393939393], [0.058656723101293995, null, 0.12996969696969699], [0.059104160390474066, null, 0.134], [0.05956901936576321, null, 0.13803030303030306], [0.060052524372566946, null, 0.14206060606060608], [0.060556236278555546, null, 0.1460909090909091], [0.06105938520965226, null, 0.15012121212121213], [0.06133465901805757, null, 0.15415151515151518], [0.061971888103259376, null, 0.1581818181818182], [0.06265128962528396, null, 0.16221212121212122], [0.06333134697036087, null, 0.16624242424242427], [0.06401202534330298, null, 0.1702727272727273], [0.06213233702855553, null, 0.17430303030303032], [0.06001451188394421, null, 0.17833333333333334], [0.05800611836333898, null, 0.1823636363636364], [0.05610072107731357, null, 0.18639393939393942], [0.05429244792065174, null, 0.19042424242424244], [0.05257593128039157, null, 0.1944545454545455], [0.050946256495138204, null, 0.19848484848484851], [0.04939891647957175, null, 0.20251515151515154], [0.047929771719208446, null, 0.20654545454545456], [0.04653501488883817, null, 0.2105757575757576], [0.045211139485641455, null, 0.21460606060606063], [0.04395491195324101, null, 0.21863636363636366], [0.04276334685316193, null, 0.22266666666666668], [0.04163368470068251, null, 0.22669696969696973], [0.04056337213637911, null, 0.23072727272727275], [0.03955004415226412, null, 0.23475757575757578], [0.038591508127597485, null, 0.23878787878787883], [0.03768572946209944, null, 0.24281818181818185], [0.036830818623904936, null, 0.24684848484848487], [0.03602501945249558, null, 0.25087878787878787], [0.03526669857505697, null, 0.2549090909090909], [0.034554335816403194, null, 0.25893939393939397], [0.033886515495477686, null, 0.262969696969697], [0.03326191851015251, null, 0.267], [0.03267931513462011, null, 0.27103030303030307], [0.03213755845191722, null, 0.2750606060606061], [0.03163557835376546, null, 0.2790909090909091], [0.031172376058804588, null, 0.28312121212121216], [0.030747019092955397, null, 0.28715151515151516], [0.030358636686970746, null, 0.2911818181818182], [0.030006415552730103, null, 0.29521212121212126], [0.029689596002050445, null, 0.29924242424242425], [0.029407468375340664, null, 0.3032727272727273], [0.029159369753885687, null, 0.30730303030303036], [0.028944680926032466, null, 0.31133333333333335], [0.028762823590192922, null, 0.3153636363636364], [0.028613257771090302, null, 0.31939393939393945], [0.028495479434648335, null, 0.32342424242424245], [0.028409018288017396, null, 0.3274545454545455], [0.02835343576025786, null, 0.33148484848484855], [0.028328323168008603, null, 0.33551515151515154], [0.028333300100813846, null, 0.3395454545454546], [0.02836801312058581, null, 0.3435757575757576], [0.028432135094816534, null, 0.34760606060606064], [0.028525366079428925, null, 0.3516363636363637], [0.028647440660235283, null, 0.3556666666666667], [0.028798171646114673, null, 0.35969696969696974], [0.028977157963263927, null, 0.3637272727272728], [0.029184283362082248, null, 0.3677575757575758], [0.02941937774125811, null, 0.37178787878787883], [0.02968231357908719, null, 0.3758181818181819], [0.029973019652122616, null, 0.3798484848484849], [0.030291484860850062, null, 0.38387878787878793], [0.030637658925120832, null, 0.387909090909091], [0.03101070556463199, null, 0.391939393939394], [0.03140377008450591, null, 0.395969696969697], [0.031723199117260556, null, 0.4]]}