{"dim": 1, "delta": 0.2, "mu": 10, "dmu": 0.6, "g": -3.077012439639267, "data": [[0.08347727549707686, 0.09942835335024307, 0.001], [0.08347037617442785, 0.09943546063386213, 0.00301010101010101], [0.08345656153638178, 0.09944969435466497, 0.00502020202020202], [0.08343583435840798, 0.0994710570251987, 0.00703030303030303], [0.08340819880886241, 0.0994995524125515, 0.00904040404040404], [0.0833736604424159, 0.09953518554893453, 0.01105050505050505], [0.08333222620749471, 0.09957796272939008, 0.01306060606060606], [0.08328390445196296, 0.0996278915239161, 0.015070707070707071], [0.08322870492923462, 0.09968498077938273, 0.017080808080808082], [0.08316663882806587, 0.09974924062948087, 0.019090909090909092], [0.08309771887774006, 0.09982068250498795, 0.021101010101010103], [0.08302196003998591, 0.09989931915548844, 0.023111111111111114], [0.08293937576532776, 0.0999851646561322, 0.02512121212121212], [0.08284997890235493, 0.10007823444355153, 0.02713131313131313], [0.08275379091979791, 0.10017854534805251, 0.02914141414141414], [0.08265083107684927, 0.100286115640809, 0.031151515151515152], [0.082541120008572, 0.10040096511510714, 0.03316161616161616], [0.08242467972184712, 0.10052311519301292, 0.03517171717171717], [0.08230153361372475, 0.1006525891264134, 0.037181818181818184], [0.08217170648842409, 0.10078941232448847, 0.039191919191919194], [0.08203522458913967, 0.10093361301950507, 0.041202020202020205], [0.08189211564234163, 0.10108522378870304, 0.043212121212121216], [0.08174240893146927, 0.10124428650459281, 0.045222222222222226], [0.08158613540720139, 0.10141092475282851, 0.04723232323232324], [0.08142332784272728, 0.10158493251242248, 0.04924242424242424], [0.08125402110548575, 0.1017664849760164, 0.05125252525252525], [0.08107825254124042, 0.10195563031600094, 0.05326262626262626], [0.08089606261990026, 0.102152426716303, 0.05527272727272727], [0.08070749596229597, 0.10235694840817108, 0.05728282828282828], [0.0805126030742315, 0.10256929696326579, 0.05929292929292929], [0.08031144332015264, 0.10278962334185289, 0.061303030303030304], [0.08010409028448773, 0.10301817305105979, 0.06331313131313131], [0.07989064189857811, 0.10325538261418504, 0.06532323232323232], [0.07967124097329681, 0.10350209036653804, 0.06733333333333333], [0.07944612110459137, 0.10375997736835682, 0.06934343434343435], [0.07921572709666821, 0.1040322863006363, 0.07135353535353535], [0.07898114863269934, 0.10414072883770537, 0.07336363636363637], [0.07874896109521165, 0.10447389440029498, 0.07537373737373737], [0.0785090722782418, 0.10480728592466926, 0.07738383838383839], [0.07827961635043039, 0.10514088989310637, 0.07939393939393939], [0.07804292252036793, 0.1054746941331561, 0.08140404040404041], [0.07785573485096137, 0.1037858504999306, 0.08341414141414141], [0.07755620624638217, 0.09879710362069717, 0.08542424242424243], [0.07702627184949469, 0.09404250517534728, 0.08743434343434343], [0.0767047008305809, 0.08950606025775, 0.08944444444444445], [0.07662167498121839, 0.08517321631506797, 0.09145454545454546], [0.07602926299239007, null, 0.09346464646464647], [0.07569164753123853, null, 0.09547474747474748]]}