{
    "dim": 1,
    "delta": 0.2,
    "mu": 10,
    "dmu": 0.5,
    "g": -3.077012439639267,
    "data": [
        [
            0.06628588149285114,
            0.08549785223323536,
            0.001
        ],
        [
            0.06626063863796944,
            0.08552415474731945,
            0.0060404040404040404
        ],
        [
            0.06619928346418079,
            0.08558814603251752,
            0.01108080808080808
        ],
        [
            0.06610189522094462,
            0.08568989502152068,
            0.016121212121212123
        ],
        [
            0.06596859962172966,
            0.08582951154263123,
            0.021161616161616163
        ],
        [
            0.06579956860873104,
            0.0860071467587426,
            0.026202020202020202
        ],
        [
            0.06559502011715344,
            0.08622299384849748,
            0.031242424242424245
        ],
        [
            0.06535521810194753,
            0.08647728902932797,
            0.036282828282828285
        ],
        [
            0.06508047526076717,
            0.08677031323150138,
            0.041323232323232324
        ],
        [
            0.0647711378942269,
            0.0871023952124625,
            0.046363636363636364
        ],
        [
            0.064427590700058,
            0.08747391861792546,
            0.0514040404040404
        ],
        [
            0.06405028448326631,
            0.0878853429591654,
            0.05644444444444444
        ],
        [
            0.06363970591112114,
            0.08833731102290228,
            0.06148484848484849
        ],
        [
            0.06319639229587133,
            0.08883054408919638,
            0.06652525252525253
        ],
        [
            0.06272094366158376,
            0.08936567037570561,
            0.07156565656565657
        ],
        [
            0.062214055140817036,
            0.08994510184424016,
            0.07660606060606061
        ],
        [
            0.06167661166851242,
            0.09057584438072756,
            0.08164646464646465
        ],
        [
            0.0611100128037658,
            0.0910870005555339,
            0.08668686868686869
        ],
        [
            0.06051771184178607,
            0.09192463965635571,
            0.09172727272727273
        ],
        [
            0.05992276879662447,
            0.09267462854179312,
            0.09676767676767677
        ],
        [
            0.05946555939515251,
            0.08369167397698805,
            0.1018080808080808
        ],
        [
            0.05849652439710006,
            0.07556438978791706,
            0.10684848484848485
        ],
        [
            0.05794799912581288,
            null,
            0.11188888888888888
        ],
        [
            0.056814104156274164,
            null,
            0.11692929292929292
        ]
    ]
}