{"dim": 3, "delta": 2.4, "mu": 10, "dmu": 2.8, "g": -0.36668748985113997, "k_c": 50, "data": [[0.29980180498085196, 0.4394242039229045, 2.0], [0.275250989125243, 0.44966106019739577, 2.025252525252525], [0.2539045474275712, 0.45711391865845674, 2.0505050505050506], [0.2346565813662188, 0.4628872368558061, 2.0757575757575757], [0.23465658136631348, 0.4628872368560264, 2.0757575757575757], [0.2169685621460107, 0.4675180217136947, 2.101010101010101], [0.2169685621463634, 0.467518021713763, 2.101010101010101], [0.20053114869746436, 0.47131404453577497, 2.1262626262626263], [0.20053114869754188, 0.47131404453581494, 2.1262626262626263], [0.18514776733618177, 0.47447025399557674, 2.1515151515151514], [0.18514776733626792, 0.47447025399556303, 2.1515151515151514], [0.17068458691242724, 0.47711881003957063, 2.176767676767677], [0.17068458691252897, 0.4771188100395685, 2.176767676767677], [0.1570457824341553, 0.4793538332652218, 2.202020202020202], [0.15704578243429282, 0.47935383326521797, 2.202020202020202], [0.14416003937721772, 0.48124490369993594, 2.227272727272727], [0.14416003937736038, 0.4812449036999469, 2.227272727272727], [0.13197263447435495, 0.4828449998861459, 2.2525252525252526], [0.13197263447453533, 0.4828449998861543, 2.2525252525252526], [0.12044051867095877, 0.48419542579668073, 2.2777777777777777], [0.12044051867122885, 0.48419542579665303, 2.2777777777777777], [0.10910088891796658, 0.485329019009081, 2.303030303030303], [0.10910088891799531, 0.4853290190087309, 2.303030303030303], [0.09495855470093274, 0.4862723163318523, 2.3282828282828283], [0.09495855470057538, 0.4862723163322963, 2.3282828282828283], [0.07712366661272392, 0.48704706196377373, 2.3535353535353534], [0.07712366661246968, 0.4870470619640499, 2.3535353535353534], [null, 0.487671286260408, 2.378787878787879], [null, 0.4881600942220535, 2.404040404040404], [null, 0.48852625390091137, 2.429292929292929], [null, 0.48878064285012346, 2.4545454545454546], [null, 0.48893259165526937, 2.4797979797979797], [null, 0.488990152746948, 2.505050505050505], [null, 0.48896031226088293, 2.5303030303030303], [null, 0.4888491594529506, 2.5555555555555554], [null, 0.4886620235315065, 2.580808080808081], [null, 0.4884035846650577, 2.606060606060606], [null, 0.48807796522781166, 2.6313131313131315], [null, 0.48768880514764096, 2.6565656565656566], [null, 0.48723932448559365, 2.6818181818181817], [null, 0.48673237591627916, 2.707070707070707], [null, 0.4861704887317284, 2.7323232323232323], [null, 0.4855559060814448, 2.757575757575758], [null, 0.48489061654580023, 2.782828282828283], [null, 0.4841763810315024, 2.808080808080808], [null, 0.4834147541166011, 2.8333333333333335], [null, 0.4826071101629327, 2.8585858585858586], [null, 0.48175465199204404, 2.883838383838384], [null, 0.48085842559077707, 2.909090909090909], [null, 0.47991934039756173, 2.9343434343434343], [null, 0.47893817332867866, 2.9595959595959593], [null, 0.4779155795735368, 2.984848484848485], [null, 0.47685210087646485, 3.0101010101010104], [null, 0.47574817056344404, 3.0353535353535355], [null, 0.47460412042421674, 3.0606060606060606], [null, 0.4734201842237551, 3.0858585858585856], [null, 0.4721965021229639, 3.111111111111111], [null, 0.4709331218303555, 3.1363636363636362], [null, 0.4696300020217356, 3.1616161616161618], [null, 0.4682870126996027, 3.186868686868687], [null, 0.46690393573429567, 3.212121212121212], [null, 0.46548046453765957, 3.2373737373737375], [null, 0.46401620263124543, 3.2626262626262625], [null, 0.4625106636230594, 3.287878787878788], [null, 0.46096326501055185, 3.313131313131313], [null, 0.459373328339758, 3.3383838383838382], [null, 0.45774007304912184, 3.3636363636363633], [null, 0.4560626114864572, 3.388888888888889], [null, 0.4543399425657423, 3.4141414141414144], [null, 0.4525709440535563, 3.4393939393939394], [null, 0.4507543635987186, 3.4646464646464645], [null, 0.4488888080645053, 3.4898989898989896], [null, 0.4469727311831752, 3.515151515151515], [null, 0.4450044188810957, 3.5404040404040407], [null, 0.44298197218004154, 3.5656565656565657], [null, 0.4409032872870915, 3.590909090909091], [null, 0.4387660315599528, 3.616161616161616], [null, 0.4365676159423594, 3.6414141414141414], [null, 0.43430516153300175, 3.666666666666667], [null, 0.43197546002633896, 3.691919191919192], [null, 0.4295749261560314, 3.717171717171717], [null, 0.4270995409398775, 3.742424242424242], [null, 0.4245447779063949, 3.7676767676767677], [null, 0.42190552471422005, 3.792929292929293], [null, 0.4191759689672893, 3.8181818181818183], [null, 0.41634946827193536, 3.8434343434343434], [null, 0.4134183803484354, 3.8686868686868685], [null, 0.41037384493111356, 3.8939393939393936], [null, 0.40720550001225625, 3.919191919191919], [null, 0.40390110466597307, 3.9444444444444446], [null, 0.4004460290009997, 3.9696969696969697], [null, 0.396822547699288, 3.994949494949495], [null, 0.3930088366223446, 4.020202020202021], [null, 0.38897750148968707, 4.045454545454545], [null, 0.38469333913396264, 4.070707070707071], [null, 0.38010977181872513, 4.095959595959596], [null, 0.3751628341724511, 4.121212121212121], [null, 0.369760252640328, 4.146464646464647], [null, 0.36375952471452455, 4.171717171717171], [null, 0.3569170792538467, 4.196969696969697], [null, 0.348739548934294, 4.222222222222222], [null, 0.33778390324263263, 4.247474747474747], [null, 0.33778390324290797, 4.247474747474747], [0.2672176289545415, null, 4.2727272727272725]]}