{
    "dim": 3,
    "delta": 0.2,
    "mu": 10,
    "dmu": 0.21,
    "g": -0.2988910972932825,
    "data": [
        [
            0.0,
            0.01263687275766944,
            0.2
        ],
        [
            0.01433272911815167,
            null,
            0.20505050505050507
        ],
        [
            0.015461885017909044,
            null,
            0.21010101010101012
        ],
        [
            0.016270673426316096,
            null,
            0.21515151515151515
        ],
        [
            0.01686151408634264,
            null,
            0.2202020202020202
        ],
        [
            0.017288200598434444,
            null,
            0.22525252525252526
        ],
        [
            0.01758222593301806,
            null,
            0.23030303030303031
        ],
        [
            0.017762739298791505,
            null,
            0.23535353535353537
        ],
        [
            0.01784088861223596,
            null,
            0.2404040404040404
        ],
        [
            0.017821641969352115,
            null,
            0.24545454545454545
        ],
        [
            0.017704012459959735,
            null,
            0.2505050505050505
        ],
        [
            0.017479532219577945,
            null,
            0.25555555555555554
        ],
        [
            0.017127284021474343,
            null,
            0.2606060606060606
        ],
        [
            0.016598212165854963,
            null,
            0.26565656565656565
        ],
        [
            0.01574170198331847,
            null,
            0.27070707070707073
        ]
    ]
}