{"dim": 1, "delta": 0.2, "mu": 10, "dmu": 0.3, "g": -2.8, "data": [[0.040723578728069115, 0.05307074503220196, 0.001], [0.04071418201497597, 0.0530805141701176, 0.00301010101010101], [0.04069537010777286, 0.053100081534160376, 0.00502020202020202], [0.040667153394706564, 0.053129456115986906, 0.00703030303030303], [0.040629547450909825, 0.053168651418309426, 0.00904040404040404], [0.04058257302267004, 0.05321768548389668, 0.01105050505050505], [0.040526256001476565, 0.05327658091483216, 0.01306060606060606], [0.0404606274013151, 0.05334536491270696, 0.015070707070707071], [0.04038572332703912, 0.053424069316669445, 0.017080808080808082], [0.040301584942939596, 0.05351273022232585, 0.019090909090909092], [0.04020825843075688, 0.053611390228345095, 0.021101010101010103], [0.040105794962820476, 0.053720094142593676, 0.023111111111111114], [0.039994250680727456, 0.053838893462024806, 0.02512121212121212], [0.03987368671522448, 0.05396784431159679, 0.02713131313131313], [0.03974416937508346, 0.05410700808940449, 0.02914141414141414], [0.03960577229998733, 0.05425645175781274, 0.031151515151515152], [0.039458563469002894, 0.054416248369859165, 0.03316161616161616], [0.03930262300993445, 0.05458647806534973, 0.03517171717171717], [0.039138038434921016, 0.05476723020268653, 0.037181818181818184], [0.03896489927388777, 0.054958608700529654, 0.039191919191919194], [0.03878330010135661, 0.05516074914151067, 0.041202020202020205], [0.038593340913985655, 0.05537399590416385, 0.043212121212121216], [0.03839512791850718, 0.055598084620024635, 0.045222222222222226], [0.03818877499999073, 0.05583352720805396, 0.04723232323232324], [0.03797440664409766, 0.05608076023461349, 0.04924242424242424], [0.03775216389549197, 0.05634128777286775, 0.05125252525252525], [0.037522217266300555, 0.05661846752983138, 0.05326262626262626], [0.03728479702931268, 0.0569192043982983, 0.05527272727272727], [0.03704027355162868, 0.05724677026992811, 0.05728282828282828], [0.036789419501403436, 0.057460469663131855, 0.05929292929292929], [0.03653481676175231, 0.05663580527026409, 0.061303030303030304], [0.03628703819195351, 0.05312081914808001, 0.06331313131313131], [0.03611941528607827, 0.049826655473038814, 0.06532323232323232], [0.035814525948893186, 0.046733654076582413, 0.06733333333333333], [0.03550261671635454, 0.04382445792288354, 0.06934343434343435], [0.035183888502850605, 0.04108368590878877, 0.07135353535353535], [0.03485859272947696, null, 0.07336363636363637], [0.03452715562202418, null, 0.07537373737373737]]}