{"dim": 1, "delta": 0.2, "mu": 10, "dmu": 0.5, "g": -2.8, "data": [[0.0750743020932318, 0.08243537320673959, 0.001], [0.07505854486593123, 0.0824513751256649, 0.00301010101010101], [0.07502699853843263, 0.08248342712152111, 0.00502020202020202], [0.07497967908900316, 0.08253154496114548, 0.00703030303030303], [0.07491661184157278, 0.0825957523815687, 0.00904040404040404], [0.07483782993618318, 0.08267608123709301, 0.01105050505050505], [0.07474337461098793, 0.08277257175810998, 0.01306060606060606], [0.0746332957835783, 0.0828852732114497, 0.015070707070707071], [0.07450765170727282, 0.08301424598350086, 0.017080808080808082], [0.07436650963566625, 0.08315957945466747, 0.019090909090909092]]}