{"dim": 1, "delta": 0.2, "mu": 10, "dmu": 0.21, "g": -2.6, "data": [[0.029702627449913595, 0.03754953072681122, 0.001], [0.029687295714762803, 0.03756538054073387, 0.00301010101010101], [0.02965661284046288, 0.03759713698665277, 0.00502020202020202], [0.02961061725870767, 0.037644833943881024, 0.00703030303030303], [0.0295493664743654, 0.03770852235371734, 0.00904040404040404], [0.02947293686432036, 0.03778827031406456, 0.01105050505050505], [0.029381423346374842, 0.03788416317438268, 0.01306060606060606], [0.02927493889260937, 0.03799630358661123, 0.015070707070707071], [0.029153613587509022, 0.03812481135367628, 0.017080808080808082], [0.029017591206199744, 0.03826982276363202, 0.019090909090909092], [0.028867037286276005, 0.038431488415664856, 0.021101010101010103], [0.02870215405592902, 0.03860996636184033, 0.023111111111111114], [0.028523120084339233, 0.038805397085019934, 0.02512121212121212], [0.028330138856381328, 0.03901775307103747, 0.02713131313131313], [0.028123415928709285, 0.03924700751400403, 0.02914141414141414], [0.027903141200309955, 0.039493145134688615, 0.031151515151515152], [0.02766944213715404, 0.0397519737063852, 0.03316161616161616], [0.027422241819998985, 0.04006091806656219, 0.03517171717171717], [0.027160750540014055, 0.0404086743496439, 0.037181818181818184], [0.02688098968149457, 0.03902270808891713, 0.039191919191919194], [0.026683644207324716, 0.035244791864990035, 0.041202020202020205], [0.026360104914925367, 0.03182441714480511, 0.043212121212121216], [0.02601547805991891, null, 0.045222222222222226], [0.02587520734166672, null, 0.04723232323232324]]}