{"dim": 1, "delta": 0.2, "mu": 10, "dmu": 0.6, "g": -2.8, "data": [[0.09149580767031841, 0.09763118595547085, 0.001], [0.09147686798268803, 0.09765033187516961, 0.00301010101010101], [0.091438951398361, 0.09768868152621518, 0.00502020202020202], [0.09138207801169793, 0.09774625422883997, 0.00703030303030303], [0.09130627702699945, 0.09782307935377829, 0.00904040404040404], [0.09121158814850525, 0.09791919742067252, 0.01105050505050505], [0.09109806138100744, 0.0980346691610607, 0.01306060606060606], [0.09096575764676873, 0.09816952497120082, 0.015070707070707071], [0.09081475040964274, 0.09832385482815063, 0.017080808080808082], [0.09064513008697345, 0.09849775108840504, 0.019090909090909092], [0.09045701796956929, 0.09869134058915274, 0.021101010101010103], [0.09025061903855895, 0.09890484176678564, 0.023111111111111114], [0.09002651264628624, 0.09913882873521408, 0.02512121212121212], [0.0897871944983344, 0.09939591986589542, 0.02713131313131313], [0.089587493096841, 0.09969018305511816, 0.02914141414141414], [0.08928358524084437, 0.10001386535519093, 0.031151515151515152], [0.08896068154346494, 0.09608786596945557, 0.03316161616161616]]}