{
    "dim": 3,
    "delta": 1,
    "mu": 10,
    "dmu": 1.001,
    "g": -0.32865196047658873,
    "k_c": 50,
    "data": [
        [
            0.001302894886104002,
            null,
            1.0001
        ],
        [
            0.0016811772829887462,
            null,
            1.0006040404040404
        ],
        [
            0.0019894115341999408,
            null,
            1.0011080808080808
        ],
        [
            0.0022612593796612155,
            null,
            1.0016121212121212
        ],
        [
            0.002509397917696033,
            null,
            1.0021161616161616
        ],
        [
            0.002740290371392619,
            null,
            1.002620202020202
        ],
        [
            0.002957781894543495,
            null,
            1.0031242424242424
        ],
        [
            0.003164390220609541,
            null,
            1.0036282828282828
        ],
        [
            0.0033618750072591497,
            null,
            1.0041323232323232
        ],
        [
            0.0035515267195134715,
            null,
            1.0046363636363635
        ],
        [
            0.0037343269916712213,
            null,
            1.005140404040404
        ],
        [
            0.003911044435257821,
            null,
            1.0056444444444443
        ],
        [
            0.004082295089760486,
            null,
            1.0061484848484847
        ],
        [
            0.0042485823198139165,
            null,
            1.0066525252525254
        ],
        [
            0.004410324121697381,
            null,
            1.0071565656565657
        ],
        [
            0.004567872399904175,
            null,
            1.0076606060606061
        ],
        [
            0.004721526924749291,
            null,
            1.0081646464646465
        ],
        [
            0.004871545676432344,
            null,
            1.008668686868687
        ],
        [
            0.005018152667997454,
            null,
            1.0091727272727273
        ],
        [
            0.005161543927794269,
            null,
            1.0096767676767677
        ],
        [
            0.005301892202092576,
            null,
            1.0101808080808081
        ],
        [
            0.005439350648948404,
            null,
            1.0106848484848485
        ],
        [
            0.005574055799857066,
            null,
            1.011188888888889
        ],
        [
            0.005706129960134361,
            null,
            1.0116929292929293
        ],
        [
            0.005835683163117408,
            null,
            1.0121969696969697
        ],
        [
            0.005962814788256306,
            null,
            1.01270101010101
        ],
        [
            0.006087614888150481,
            null,
            1.0132050505050505
        ],
        [
            0.006210165338569839,
            null,
            1.013709090909091
        ],
        [
            0.00633054072095739,
            null,
            1.0142131313131313
        ],
        [
            0.006448809252773631,
            null,
            1.0147171717171717
        ],
        [
            0.006565033270949255,
            null,
            1.015221212121212
        ],
        [
            0.0066792699973790975,
            null,
            1.0157252525252525
        ],
        [
            0.006791571955034503,
            null,
            1.0162292929292929
        ],
        [
            0.006901987413911039,
            null,
            1.0167333333333333
        ],
        [
            0.0070105607702662595,
            null,
            1.0172373737373737
        ],
        [
            0.007117332871683845,
            null,
            1.017741414141414
        ],
        [
            0.007222341300740165,
            null,
            1.0182454545454545
        ],
        [
            0.007325620621665332,
            null,
            1.0187494949494948
        ],
        [
            0.0074272025958881304,
            null,
            1.0192535353535355
        ],
        [
            0.007527116377073959,
            null,
            1.0197575757575759
        ],
        [
            0.007625388638746507,
            null,
            1.0202616161616163
        ],
        [
            0.007722043801605249,
            null,
            1.0207656565656567
        ],
        [
            0.007817104083959518,
            null,
            1.021269696969697
        ],
        [
            0.007910589565192423,
            null,
            1.0217737373737374
        ],
        [
            0.008002518402653425,
            null,
            1.0222777777777778
        ],
        [
            0.008092906818835297,
            null,
            1.0227818181818182
        ],
        [
            0.008181769185874134,
            null,
            1.0232858585858586
        ],
        [
            0.00826911807056764,
            null,
            1.023789898989899
        ],
        [
            0.00835496428992123,
            null,
            1.0242939393939394
        ],
        [
            0.008439316900784167,
            null,
            1.0247979797979798
        ],
        [
            0.008522183250622815,
            null,
            1.0253020202020202
        ],
        [
            0.008603568961553279,
            null,
            1.0258060606060606
        ],
        [
            0.008683477928429918,
            null,
            1.026310101010101
        ],
        [
            0.008761912291475757,
            null,
            1.0268141414141414
        ],
        [
            0.008838872407878392,
            null,
            1.0273181818181818
        ],
        [
            0.008914356804502843,
            null,
            1.0278222222222222
        ],
        [
            0.008988362099860002,
            null,
            1.0283262626262626
        ],
        [
            0.009060882991189616,
            null,
            1.028830303030303
        ],
        [
            0.009131912079740583,
            null,
            1.0293343434343434
        ],
        [
            0.009201439751153576,
            null,
            1.0298383838383838
        ],
        [
            0.00926945412762719,
            null,
            1.0303424242424242
        ],
        [
            0.009335940836735019,
            null,
            1.0308464646464646
        ],
        [
            0.009400882795079715,
            null,
            1.0313505050505052
        ],
        [
            0.00946426013516929,
            null,
            1.0318545454545456
        ],
        [
            0.009526049710780159,
            null,
            1.032358585858586
        ],
        [
            0.009586224930765054,
            null,
            1.0328626262626264
        ],
        [
            0.009644755346665809,
            null,
            1.0333666666666668
        ],
        [
            0.009701606207768578,
            null,
            1.0338707070707072
        ],
        [
            0.009756737930134379,
            null,
            1.0343747474747476
        ],
        [
            0.009810105460018882,
            null,
            1.034878787878788
        ],
        [
            0.00986165750642547,
            null,
            1.0353828282828283
        ],
        [
            0.00991133560807526,
            null,
            1.0358868686868687
        ],
        [
            0.009959072992563987,
            null,
            1.0363909090909091
        ],
        [
            0.01000479312833412,
            null,
            1.0368949494949495
        ],
        [
            0.010048408153498091,
            null,
            1.03739898989899
        ],
        [
            0.010089816281557935,
            null,
            1.0379030303030303
