{"dim": 1, "delta": 0.2, "mu": 10, "dmu": 0.5, "g": -10, "data": [[1.1612201390969943, null, 0.001], [1.1612371719524837, null, 0.07637185929648242], [1.1612873901448004, null, 0.15174371859296484], [1.161370794257275, null, 0.22711557788944725], [1.1614873852587095, null, 0.3024874371859297], [1.1616371645034989, null, 0.3778592964824121], [1.161820133731814, null, 0.4532311557788945], [1.1620362950702328, null, 0.528603015075377], [1.1622856510297348, null, 0.6039748743718594], [1.1625682045094667, null, 0.6793467336683418], [1.1628839587946282, null, 0.7547185929648242], [1.163232917557291, null, 0.8300904522613066], [1.1636150848568994, null, 0.905462311557789], [1.1640304651405828, null, 0.9808341708542715], [1.1644790632435231, null, 1.0562060301507539], [1.1649608843897061, null, 1.1315778894472361], [1.165475934192048, null, 1.2069497487437186], [1.1660242186531864, null, 1.2823216080402011], [1.1666057441660436, null, 1.3576934673366834], [1.1672205175143688, null, 1.4330653266331659], [1.1678685458734532, null, 1.5084371859296484], [1.1685498368108589, null, 1.5838090452261306], [1.169264398287096, null, 1.6591809045226131], [1.1700122386564082, null, 1.7345527638190956], [1.1707933666677122, null, 1.809924623115578], [1.17160779146531, null, 1.8852964824120604], [1.17245552258984, null, 1.9606683417085429], [1.1733365699792604, null, 2.0360402010050254], [1.174250943969775, null, 2.111412060301508], [1.1751986552969298, null, 2.18678391959799], [1.1761797150966125, null, 2.2621557788944724], [1.1771941349062203, null, 2.337527638190955], [1.178241926665644, null, 2.4128994974874374], [1.1793231027187714, null, 2.48827135678392], [1.1804376758144595, null, 2.5636432160804024], [1.1815856591078908, null, 2.639015075376885], [1.1827670661619802, null, 2.714386934673367], [1.1839819109485699, null, 2.7897587939698494], [1.1852302078500005, null, 2.865130653266332], [1.1865119716605412, null, 2.9405025125628144], [1.1878272175877145, null, 3.015874371859297], [1.1891759612541528, null, 3.0912462311557793], [1.190558218698892, null, 3.1666180904522614], [1.1919740063791546, null, 3.241989949748744], [1.1934233411720752, null, 3.3173618090452264], [1.194906240376243, null, 3.392733668341709], [1.1964227217136172, null, 3.4681055276381914], [1.19797280333133, null, 3.543477386934674], [1.1995565038033962, null, 3.618849246231156], [1.2011738421328417, null, 3.6942211055276384], [1.202824837753388, null, 3.769592964824121], [1.2045095105315635, null, 3.8449648241206034], [1.206227880768591, null, 3.920336683417086], [1.2079799692025164, null, 3.9957085427135683], [1.209765797009976, null, 4.071080402010051], [1.2115853858084669, null, 4.146452261306534], [1.2134387576578918, null, 4.221824120603016], [1.215325935062818, null, 4.297195979899499], [1.2172469409736566, null, 4.37256783919598], [1.2192017987880974, null, 4.447939698492463], [1.2211905323515755, null, 4.523311557788945], [1.2232131659564152, null, 4.598683417085428], [1.2252697243382484, null, 4.67405527638191], [1.2273602326658921, null, 4.749427135678393], [1.2294847165134803, null, 4.824798994974875], [1.2316429549305203, null, 4.900170854271358], [1.2338354732038515, null, 4.97554271356784], [1.2360620479680455, null, 5.050914572864323], [1.238322702691555, null, 5.126286432160805], [1.2406174689642413, null, 5.201658291457288], [1.2429463753431553, null, 5.27703015075377], [1.2453094508690585, null, 5.352402010050252], [1.2477067250684044, null, 5.427773869346734], [1.250138227955692, null, 5.503145728643217], [1.2526039900347936, null, 5.578517587939699], [1.255104042299805, null, 5.653889447236182], [1.2576384162342154, null, 5.729261306532664], [1.2602071438074665, null, 5.804633165829147], [1.2628102574660447, null, 5.880005025125629], [1.2654477901125667, null, 5.955376884422112], [1.2681197750532547, null, 6.030748743718594], [1.2708262458356272, null, 6.106120603015077], [1.2735672354114778, null, 6.181492462311559], [1.276342776868991, null, 6.256864321608042], [1.2791529220692943, null, 6.332236180904523], [1.281997696218816, null, 6.407608040201006], [1.2848771361022602, null, 6.482979899497488], [1.2877912790512949, null, 6.558351758793971], [1.2907401629490713, null, 6.633723618090453], [1.2937238262341784, null, 6.709095477386936], [1.2967423079048175, null, 6.784467336683418], [1.2997956475229502, null, 6.859839195979901], [1.3028838852183158, null, 6.935211055276383], [1.306007061692187, null, 7.010582914572866], [1.3091652182212827, null, 7.085954773869348], [1.3123583966610488, null, 7.161326633165831], [1.3155866394489606, null, 7.236698492462312], [1.3188499896070365, null, 7.312070351758795], [1.3221484907442984, null, 7.387442211055277], [1.3254821870580054, null, 7.46281407035176], [1.3288511233339737, null, 7.538185929648242], [1.3322553449458991, null, 7.613557788944725], [1.3356948978527436, null, 7.688929648241207], [1.33916982859358, null, 7.76430150753769], [1.3426801842797913, null, 7.839673366834172], [1.3462260125825158, null, 7.915045226130655], [1.349807361714204, null, 7.990417085427137], [1.3534242804016605, null, 8.065788944723618], [1.3570768178466144, null, 8.141160804020101], [1.3607650236671749, null, 8.216532663316583], [1.3644889478101638, null, 8.291904522613066], [1.368248640415504, null, 8.367276381909548], [1.3720441515969821, null, 8.442648241206031], [1.3758755310668611, null, 8.518020100502513], [1.3797428274356554, null, 8.593391959798996], [1.3836460867311273, null, 8.668763819095478], [1.3875853485749672, null, 8.74413567839196], [1.3915606318694012, null, 8.819507537688443], [1.395571711484339, null, 8.894879396984924], [1.3996194868298817, null, 8.970251256281408], [1.4037035295544429, null, 9.04562311557789], [1.407827733738905, null, 9.120994974874373], [1.411984849250831, null, 9.196366834170854], [1.4161784390552181, null, 9.271738693467338], [1.4204085651642049, null, 9.34711055276382], [1.4246752899916335, null, 9.422482412060303], [1.428978676177466, null, 9.497854271356784], [1.4333187863399928, null, 9.573226130653268], [1.437701269316195, null, 9.64859798994975], [1.44211524683016, null, 9.723969849246231], [1.4465661015934625, null, 9.799341708542714], [1.4510538736272591, null, 9.874713567839196], [1.455578592397715, null, 9.95008542713568], [1.4601402717729148, null, 10.025457286432161], [1.4647389020202635, null, 10.100829145728644], [1.4693687430104054, null, 10.176201005025126], [1.4740417739994456, null, 10.25157286432161], [1.478751856353598, null, 10.326944723618091], [1.4834988140401955, null, 10.402316582914574], [1.4882872217693068, null, 10.477688442211056], [1.493113389789267, null, 10.55306030150754], [1.498008514812011, null, 10.62843216080402], [1.502913809521325, null, 10.703804020100502], [1.5078093801372734, null, 10.779175879396986], [1.5127854079430387, null, 10.854547738693467], [1.5177871443876096, null, 10.92991959798995], [1.5228478576486515, null, 11.005291457286432], [1.5279383748695334, null, 11.080663316582916], [1.533054673503794, null, 11.156035175879397], [1.5382309889614838, null, 11.23140703517588], [1.543425339090762, null, 11.306778894472362], [1.5486781305164006, null, 11.382150753768846], [1.5539495029582737, null, 11.457522613065327], [1.5592706320391565, null, 11.53289447236181], [1.564629857616874, null, 11.608266331658292], [1.5700364226404984, null, 11.683638190954774], [1.5754646200895275, null, 11.759010050251257], [1.580950129304814, null, 11.834381909547739], [1.586464826245028, null, 11.909753768844222], [1.592010522364984, null, 11.985125628140704], [1.5976048752732226, null, 12.060497487437187], [1.6034384456318382, null, 12.135869346733669], [1.6089115397001812, null, 12.211241206030152], [1.614633194730585, null, 12.286613065326634], [1.6203865872136944, null, 12.361984924623117], [1.626178690236722, null, 12.437356783919599], [1.632011293293495, null, 12.512728643216082], [1.6378844849301268, null, 12.588100502512564], [1.643797298097735, null, 