{"dim": 1, "delta": 0.2, "mu": 10, "dmu": 0.9, "g": -2.8, "data": [[0.13988163936557535, 0.14398274103183695, 0.001], [0.13985319391220277, 0.14401133556010953, 0.00301010101010101], [0.13979624643386374, 0.14406860443469582, 0.00502020202020202], [0.13971082767456633, 0.14415458102832088, 0.00703030303030303], [0.13959698577236188, 0.1442693117840243, 0.00904040404040404], [0.13945479204905423, 0.1444128638155504, 0.01105050505050505], [0.1392843637870969, 0.144585340321413, 0.01306060606060606], [0.13908595968104775, 0.14478695621910587, 0.015070707070707071], [0.1388609442381742, 0.1450186208892022, 0.017080808080808082], [0.1386486616352671, 0.14528939500732896, 0.019090909090909092], [0.13834099161009905, 0.14560470742312298, 0.021101010101010103]]}