{"dim": 1, "delta": 0.2, "mu": 10, "dmu": 0.35, "g": -2.6, "data": [[0.054033231648372974, 0.05871981088949347, 0.001], [0.05400752844453148, 0.0587458457230987, 0.00301010101010101], [0.05395609336955557, 0.05879800939017895, 0.00502020202020202], [0.05387898371219409, 0.05887635823245484, 0.00703030303030303], [0.05377628880550045, 0.058980974245340954, 0.00904040404040404], [0.05364812509773121, 0.05911195498340696, 0.01105050505050505], [0.05349463093597867, 0.05926937126000827, 0.01306060606060606], [0.0533159505794211, 0.059453499148567214, 0.015070707070707071], [0.053112172860824966, 0.05966429652423315, 0.017080808080808082], [0.0528830048574402, 0.05990117615594061, 0.019090909090909092], [0.05262436540412697, 0.06015799456604563, 0.021101010101010103], [0.052336062182921445, 0.06049765492961935, 0.023111111111111114], [0.052058649542471525, null, 0.02512121212121212]]}