{"dim": 1, "delta": 0.2, "mu": 10, "dmu": 0.8, "g": -3.077012439639267, "data": [[0.11629307120337738, 0.12823956007781007, 0.001], [0.11628383614541618, 0.12824895636769976, 0.00301010101010101], [0.1162653438491042, 0.1282677743327455, 0.00502020202020202], [0.11623759828432083, 0.12829601741734403, 0.00703030303030303], [0.11620060487606729, 0.1283336907993326, 0.00904040404040404], [0.11615437085174542, 0.12838080140484703, 0.01105050505050505], [0.1160989052561907, 0.1284373579311512, 0.01306060606060606], [0.11603421894972284, 0.12850337087991462, 0.015070707070707071], [0.11596032461617975, 0.12857885261687635, 0.017080808080808082], [0.11587723677452047, 0.12866381746615263, 0.019090909090909092], [0.11578497179577037, 0.12875828189713845, 0.021101010101010103], [0.11568354793329824, 0.1288622649280398, 0.023111111111111114], [0.11557298536907787, 0.12897578929101572, 0.02512121212121212], [0.11545330628128381, 0.12909888835579766, 0.02713131313131313], [0.11532453496491425, 0.12923157453470607, 0.02914141414141414], [0.11518669802124976, 0.12937384018857281, 0.031151515151515152], [0.11503982466629666, 0.1295257450031179, 0.03316161616161616], [0.11488394726389999, 0.12968732303150088, 0.03517171717171717], [0.11471910225725288, 0.12985861381584723, 0.037181818181818184], [0.11454533184233721, 0.13003966511070422, 0.039191919191919194], [0.11436268714465654, 0.13023053809984916, 0.041202020202020205], [0.11417123456621682, 0.13043131794563942, 0.043212121212121216], [0.11397106942477264, 0.13064213657602103, 0.045222222222222226], [0.11376234839656035, 0.13086322547230916, 0.04723232323232324], [0.11354538070599328, 0.1310950478053238, 0.04924242424242424], [0.11332099496987635, 0.131338653166557, 0.05125252525252525], [0.11309212406137897, 0.1315966464276555, 0.05326262626262626], [0.11285531333021503, 0.1318756188738111, 0.05527272727272727], [0.11262402976873076, 0.1321783763125682, 0.05728282828282828], [0.11238147570457653, 0.132373218319554, 0.05929292929292929], [0.11204012963920103, 0.13270619496155625, 0.061303030303030304], [0.11170049049354384, 0.13303939751929014, 0.06331313131313131], [0.11154240810740798, 0.12642286115379917, 0.06532323232323232], [0.11122039685036839, null, 0.06733333333333333], [0.11079794853023857, null, 0.06934343434343435]]}