{"dim": 1, "delta": 0.2, "mu": 10, "dmu": 0.25, "g": -2.7, "data": [[0.034525669927489185, 0.044553219866787404, 0.001], [0.03451388634998327, 0.04456544314951823, 0.00301010101010101], [0.03449029920671339, 0.044589928934815205, 0.00502020202020202], [0.034454927905549944, 0.044626694123452715, 0.00703030303030303], [0.03440780153254709, 0.04467576412744764, 0.00904040404040404], [0.03434895880203708, 0.044737172922182204, 0.01105050505050505], [0.0342784479969056, 0.04481096311667647, 0.01306060606060606], [0.03419632689362232, 0.044897186060897466, 0.015070707070707071], [0.03410266268318778, 0.04499590195989466, 0.017080808080808082], [0.03399753188070834, 0.045107180041466674, 0.019090909090909092], [0.03388102027167695, 0.04523109876233309, 0.021101010101010103], [0.03375322293155344, 0.04536774609750109, 0.023111111111111114], [0.033614244987351695, 0.04551722000541252, 0.02512121212121212], [0.033464198083913335, 0.04567962924412947, 0.02713131313131313], [0.033303198399225784, 0.04585509508721945, 0.02914141414141414], [0.03313138004013035, 0.04604375568975254, 0.031151515151515152], [0.03294888224859099, 0.04624578014236798, 0.03316161616161616], [0.032755853947271416, 0.046461455591138706, 0.03517171717171717], [0.03255245516286615, 0.04669097347786474, 0.037181818181818184], [0.032338860335058034, 0.046934676639304916, 0.039191919191919194], [0.03211526617529632, 0.04719377096513699, 0.041202020202020205], [0.031881911755188105, 0.04747219723104609, 0.043212121212121216], [0.03163913611973848, 0.047779567483709165, 0.045222222222222226], [0.03138757859834355, 0.04811791993593627, 0.04723232323232324], [0.03112925293182509, 0.04810734261702676, 0.04924242424242424], [0.030972807816355512, 0.04444016693608343, 0.05125252525252525], [0.030669817382287346, 0.04105496406742702, 0.05326262626262626], [0.030357776018241606, 0.03792118252570698, 0.05527272727272727], [0.030036972129672844, null, 0.05728282828282828], [0.029707772260208112, null, 0.05929292929292929], [0.029783420984032173, null, 0.061303030303030304]]}