{"dim": 1, "delta": 0.2, "mu": 10, "dmu": 0.21, "g": -2.7, "data": [[0.02691535300105403, 0.03895195210735037, 0.001], [0.0269054389884005, 0.038962337265207654, 0.00301010101010101], [0.026885594341049247, 0.03898314062531588, 0.00502020202020202], [0.026855835776212665, 0.03901437600098109, 0.00703030303030303], [0.026816188340523642, 0.039056064153769325, 0.00904040404040404], [0.02676668537900448, 0.03910823284196286, 0.01105050505050505], [0.026707368467681333, 0.039170916874030445, 0.01306060606060606], [0.02663828735691928, 0.039244158185835036, 0.015070707070707071], [0.02655949988442333, 0.03932800593069241, 0.017080808080808082], [0.02647107188362295, 0.0394225165820656, 0.019090909090909092], [0.026373077081257922, 0.03952775406022828, 0.021101010101010103], [0.026265596982000105, 0.039643789873886816, 0.023111111111111114], [0.02614872075438851, 0.0397707032709292, 0.02512121212121212], [0.026022545093679038, 0.039908581379467935, 0.02713131313131313], [0.025887174102808306, 0.040057519159569115, 0.02914141414141414], [0.02574271918859469, 0.04021761864635325, 0.031151515151515152], [0.025589298997993313, 0.04038899925205525, 0.03316161616161616], [0.02542703952650391, 0.04057178131902792, 0.03517171717171717], [0.025256075171037527, 0.040766100946925295, 0.037181818181818184], [0.02507654770699822, 0.040972112416901456, 0.039191919191919194], [0.024888585495082955, 0.04119000546144066, 0.041202020202020205], [0.024692351566717844, 0.04142007266369719, 0.043212121212121216], [0.024488005180768053, 0.04166343047972946, 0.045222222222222226], [0.02427571317494664, 0.041919699677789975, 0.04723232323232324], [0.02405565119711906, 0.04219190967648258, 0.04924242424242424], [0.02382800620262081, 0.0424865793344377, 0.05125252525252525], [0.023592981582744067, 0.04281078441818615, 0.05326262626262626], [0.023350808121406334, 0.04315668664049123, 0.05527272727272727], [0.02310176895237551, 0.042410573185866086, 0.05728282828282828], [0.022846262558687627, 0.03970363550294453, 0.05929292929292929], [0.022584991066566557, 0.03717970043676558, 0.061303030303030304], [0.022319755270073748, 0.03482162366668174, 0.06331313131313131], [0.02206595667885669, 0.03261439056379116, 0.06532323232323232], [0.02189072910441331, 0.030544796772921292, 0.06733333333333333], [0.021581337022086842, 0.028601184709059663, 0.06934343434343435], [0.021266284472800503, 0.02677322472742363, 0.07135353535353535], [0.02094583542510596, 0.02505173251756668, 0.07336363636363637], [0.020620275173452343, 0.023428515818852882, 0.07537373737373737], [0.020289953945598696, null, 0.07738383838383839], [0.020448344147361873, null, 0.07939393939393939]]}