{"dim": 3, "delta": 2.5, "mu": 10, "dmu": 3.09, "g": -0.3711393980908938, "k_c": 50, "data": [[0.6864152785272472, 1.1088191854538334, 0.0001], [0.6806351533115536, 1.1083713901543655, 0.1283025641025641], [0.673649781157454, 1.1070177319185122, 0.2565051282051282], [0.6667368833694942, 1.1047217512306808, 0.3847076923076923], [0.6593174273204503, 1.1014172845791734, 0.5129102564102564], [0.6510209402962547, 1.0969984329815097, 0.6411128205128206], [0.6414566332686626, 1.0913003676767323, 0.7693153846153846], [0.6301163342160093, 1.0840609396761567, 0.8975179487179488], [0.630116334215943, 1.0840609396761465, 0.8975179487179488], [0.6162811417437868, 1.0748353914489397, 1.025720512820513], [0.6162811417437625, 1.074835391448912, 1.025720512820513], [0.5989077082117493, 1.0627671221496997, 1.153923076923077], [0.5989077082117409, 1.0627671221496913, 1.153923076923077], [0.5765183854056659, 1.045701258936728, 1.2821256410256412], [0.5472297130270923, 1.0027457585149673, 1.4103282051282053], [0.5092340249031017, 0.9218693151526486, 1.5385307692307693], [0.461932959705616, 0.8585762426540565, 1.6667333333333334], [0.4069404425625804, 0.8111284876750166, 1.7949358974358975], [0.34763768669072564, 0.7761064743876183, 1.9231384615384617], [0.28769122460395696, 0.7498552831327221, 2.051341025641026], [0.2300447847800991, 0.7294648855965682, 2.17954358974359], [0.1767426803960004, 0.7129263321064389, 2.3077461538461543], [0.10481194892722767, 0.6989252347832149, 2.4359487179487185], [null, 0.6866064485543978, 2.5641512820512826], [null, 0.6754032607283984, 2.6923538461538468], [null, 0.6754032607283987, 2.6923538461538468], [null, 0.66492850483661, 2.820556410256411], [null, 0.6649285048366071, 2.820556410256411], [null, 0.6549076158426266, 2.948758974358975], [null, 0.6549076158426564, 2.948758974358975], [null, 0.645137354316704, 3.0769615384615387], [null, 0.6354597594750524, 3.205164102564103], [null, 0.6257450602197104, 3.333366666666667], [null, 0.615879797947968, 3.461569230769231], [null, 0.605757815187118, 3.5897717948717953], [null, 0.6057578151871271, 3.5897717948717953], [null, 0.5952725129622785, 3.7179743589743595], [null, 0.5952725129622674, 3.7179743589743595], [null, 0.5843090425882665, 3.8461769230769236], [null, 0.5843090425882675, 3.8461769230769236], [null, 0.5727349646437803, 3.9743794871794877], [null, 0.5727349646437849, 3.9743794871794877], [null, 0.5603872072005351, 4.1025820512820514], [null, 0.560387207200527, 4.1025820512820514], [null, 0.5470513482162163, 4.230784615384615], [null, 0.5470513482159196, 4.230784615384615], [null, 0.5324246361835218, 4.35898717948718], [null, 0.532424636183446, 4.35898717948718], [null, 0.5160412034849422, 4.487189743589743], [null, 0.5160412034848486, 4.487189743589743], [null, 0.4970940582608653, 4.615392307692308], [null, 0.4970940582610581, 4.615392307692308], [null, 0.47388760154778486, 4.743594871794872], [null, 0.4409160155825872, 4.871797435897436]]}