{"dim": 3, "delta": 2.5, "mu": 10, "dmu": 2.9, "g": -0.36757311547239063, "k_c": 50, "data": [[0.6604109528108979, 0.9663692048027506, 0.0001], [0.6621676187419536, 0.9662603482516184, 0.05060404040404041], [0.6639775651563763, 0.9659337449086536, 0.10110808080808081], [0.6656055329080652, 0.9653866889052761, 0.1516121212121212], [0.6672264916958183, 0.9646145544664503, 0.2021161616161616], [0.6689191683468905, 0.9636106102948903, 0.252620202020202], [0.6707384619613032, 0.9623657323413681, 0.3031242424242424], [0.6727338173487912, 0.9608679880112555, 0.35362828282828285], [0.6749570940371781, 0.9591020437087138, 0.40413232323232323], [0.6774678675220588, 0.9570482999736025, 0.4546363636363636], [0.6803386942585921, 0.9546817650945576, 0.5051404040404041], [0.6836617994799966, 0.9519700611411263, 0.5556444444444445], [0.6875588370158866, 0.948870862574131, 0.6061484848484848], [0.6921963888051033, 0.9453274325514646, 0.6566525252525253], [0.6978124268189675, 0.9412613236610418, 0.7071565656565657], [0.7047651823785399, 0.9365592359877828, 0.757660606060606], [0.7136328261959884, 0.9310470911732607, 0.8081646464646465], [0.7254470515291045, 0.924431533708085, 0.8586686868686869], [0.7254470515289324, 0.9244315337080845, 0.8586686868686869], [0.7423723838448183, 0.9161370709071942, 0.9091727272727272], [0.7423723838423635, 0.9161370709072034, 0.9091727272727272], [0.770684784798309, 0.9046287330721511, 0.9596767676767677], [0.29221014618553165, 0.4238932245325199, 2.1212696969696974], [0.2440620961408315, 0.4459197269358501, 2.1717737373737376], [0.20667756007886706, 0.45877385579626145, 2.2222777777777782], [0.17499887200000674, 0.4675033210005144, 2.2727818181818185], [0.14732537733834392, 0.47379807338375557, 2.3232858585858587], [0.1228413807045388, 0.4784626557017196, 2.3737898989898993], [0.09797859284477115, 0.48195008673978057, 2.4242939393939396], [0.057558617356227734, 0.4845425020368519, 2.47479797979798], [0.4864279693637607, null, 2.5253020202020204], [0.4877380789540891, null, 2.575806060606061], [0.4885683095721765, null, 2.6263101010101013], [0.4889898901257642, null, 2.6768141414141415], [0.48905711333471097, null, 2.727318181818182], [0.488812052412308, null, 2.7778222222222224], [0.4882877151842259, null, 2.828326262626263], [0.4875102185237972, null, 2.8788303030303033], [0.48650032464390575, null, 2.9293343434343435], [0.48527453596923725, null, 2.979838383838384], [0.4838459136507499, null, 3.0303424242424244], [0.4822246653441365, null, 3.080846464646465], [0.4804185878240757, null, 3.1313505050505053], [0.47843339178729233, null, 3.181854545454546], [0.4762729365943932, null, 3.232358585858586], [0.47393939423851084, null, 3.2828626262626264], [0.47143335217207705, null, 3.333366666666667], [0.46875386307343725, null, 3.3838707070707073], [0.46589844420395676, null, 3.434374747474748], [0.4628630258153335, null, 3.484878787878788], [0.45964184428608307, null, 3.535382828282829], [0.45622727126949536, null, 3.585886868686869], [0.45260956437859884, null, 3.6363909090909092], [0.4487765164800129, null, 3.68689494949495], [0.4447129721483997, null, 3.73739898989899], [0.44040015199267124, null, 3.7879030303030308], [0.43581470780240006, null, 3.838407070707071], [0.43092737877661175, null, 3.888911111111111], [0.4257010185710925, null, 3.939415151515152], [0.4200876195144284, null, 3.989919191919192], [0.4140236279080245, null, 4.040423232323232], [0.40742219138636143, null, 4.0909272727272725], [0.4001594002185173, null, 4.141431313131313], [0.3920476637069746, null, 4.191935353535354], [0.38277715081610086, null, 4.242439393939394], [0.371759479576824, null, 4.292943434343434], [0.37175947957684213, null, 4.292943434343434], [0.3575326478954278, null, 4.3434474747474745], [0.3575326478958274, null, 4.3434474747474745], [0.31701334081048715, null, 4.393951515151515]]}