{"dim": 3, "delta": 2.5, "mu": 10, "dmu": 2.75, "g": -0.3640987034984143, "k_c": 50, "data": [[0.6714098795693427, 0.8021463134512804, 0.0001], [0.6721999749431417, 0.8018044935567441, 0.05060404040404041], [0.674572678415135, 0.8007642060333264, 0.10110808080808081], [0.6785562203400237, 0.7989686967550241, 0.1516121212121212], [0.6842077383630869, 0.7963065110253531, 0.2021161616161616], [0.6916407352987506, 0.7925734436810554, 0.252620202020202], [0.7011126112216843, 0.7873728106226768, 0.3031242424242424], [0.7133613870389359, 0.7797786651131221, 0.35362828282828285], [0.7133613870389237, 0.779778665112842, 0.35362828282828285], [0.7318555151676743, 0.7661209023887716, 0.40413232323232323], [0.731855515167685, 0.7661209023887678, 0.40413232323232323], [0.1706688294421105, 0.22014606465559844, 2.3232858585858587], [0.11116059810325986, 0.26689696400034857, 2.3737898989898993], [0.07882693171320355, 0.2882170095856625, 2.4242939393939396], [0.04786009412260728, 0.30254363669494544, 2.47479797979798], [0.3131203348577601, null, 2.5253020202020204], [0.32126756685634994, null, 2.575806060606061], [0.32767750612399005, null, 2.6263101010101013], [0.33276512763184707, null, 2.6768141414141415], [0.33680091554604896, null, 2.727318181818182], [0.3399715067150535, null, 2.7778222222222224], [0.34241090359687537, null, 2.828326262626263], [0.34421807219204215, null, 2.8788303030303033], [0.3454675010877329, null, 2.9293343434343435], [0.3462158564692775, null, 2.979838383838384], [0.34650632083656857, null, 3.0303424242424244], [0.34637148547239743, null, 3.080846464646465], [0.34583528564863214, null, 3.1313505050505053], [0.3449142654207131, null, 3.181854545454546], [0.34361833540567593, null, 3.232358585858586], [0.3419511073731055, null, 3.2828626262626264], [0.3399098273585496, null, 3.333366666666667], [0.337484870267134, null, 3.3838707070707073], [0.33465868097152907, null, 3.434374747474748], [0.33140393366542253, null, 3.484878787878788], [0.3276804676815692, null, 3.535382828282829], [0.3234301749698962, null, 3.585886868686869], [0.3185680305025241, null, 3.6363909090909092], [0.31296548104291766, null, 3.68689494949495], [0.3064161859144004, null, 3.73739898989899], [0.2985541282840298, null, 3.7879030303030308], [0.28860213031114496, null, 3.838407070707071], [0.27403959825782787, null, 3.888911111111111], [0.2740395982576539, null, 3.888911111111111]]}