{"dim": 3, "delta": 2.5, "mu": 10, "dmu": 3.2, "g": -0.37294064089052387, "k_c": 50, "data": [[0.6981241757895129, 1.1789305287026854, 0.0001], [0.6975004848671549, 1.1788711133972616, 0.05060404040404041], [0.6955793232318949, 1.1786931526859676, 0.10110808080808081], [0.6919614807082782, 1.1783960950219246, 0.1516121212121212], [0.6875840347947612, 1.1779790117065354, 0.2021161616161616], [0.6833360102965431, 1.1774405838965643, 0.252620202020202], [0.6791148997161303, 1.1767790822726063, 0.3031242424242424], [0.6748569319814129, 1.1759923394078762, 0.35362828282828285], [0.6705165922972224, 1.1750777149469274, 0.40413232323232323], [0.6660577448387616, 1.174032050769601, 0.4546363636363636], [0.6614491838711435, 1.1728516153011215, 0.5051404040404041], [0.6566621428813939, 1.1715320082373863, 0.5556444444444445], [0.6516687663137576, 1.1700681978414667, 0.6061484848484848], [0.6464410919973934, 1.168454165208539, 0.6566525252525253], [0.640950327201922, 1.1666830156336598, 0.7071565656565657], [0.6351663061438058, 1.1647466779073605, 0.757660606060606], [0.6290570672047652, 1.1626357145561865, 0.8081646464646465], [0.622588543943684, 1.160339032220739, 0.8586686868686869], [0.6157243361160948, 1.15784350802927, 0.9091727272727272], [0.6084256041624466, 1.1551334888032319, 0.9596767676767677], [0.600651094932061, 1.1521901101906278, 1.0101808080808081], [0.5923573429797343, 1.148990348049563, 1.0606848484848486], [0.583499096443065, 1.1455056574506959, 1.111188888888889], [0.5740300162023789, 1.1416999605970903, 1.1616929292929292], [0.5639037217807149, 1.1375265420835061, 1.2121969696969697], [0.5639037217804537, 1.1375265420834926, 1.2121969696969697], [0.5530751971641445, 1.1329230170780225, 1.26270101010101], [0.5530751971638879, 1.1329230170780342, 1.26270101010101], [0.541502623037163, 1.127802633668854, 1.3132050505050505], [0.5415026230369525, 1.127802633668861, 1.3132050505050505], [0.5291495778719743, 1.1220379010230446, 1.363709090909091], [0.5291495778718298, 1.1220379010230555, 1.363709090909091], [0.5159875404577878, 1.115425852201499, 1.4142131313131314], [0.5159875404576636, 1.1154258522015497, 1.4142131313131314], [0.5019985503082529, 1.107599426520598, 1.4647171717171716], [0.5019985503081881, 1.1075994265201885, 1.4647171717171716], [0.48717778676539514, 1.0977108202939876, 1.515221212121212], [0.48717778676534784, 1.097710820293995, 1.515221212121212], [0.4715357854649689, 1.0803509683042811, 1.5657252525252525], [0.4715357854649489, 1.0803509683041608, 1.5657252525252525], [0.45509999842281507, 1.0534284084792491, 1.616229292929293], [0.43791544006781774, 1.0283825437982914, 1.6667333333333334], [0.4200442722160003, 1.0051432163730305, 1.7172373737373738], [0.40156431928336356, 0.9836268913609032, 1.7677414141414143], [0.3825666635845787, 0.96373875290628, 1.8182454545454545], [0.3825666635845953, 0.9637387529062768, 1.8182454545454545], [0.3631525888475386, 0.9453754747809278, 1.868749494949495], [0.36315258884708945, 0.9453754747810056, 1.868749494949495], [0.3434302083005978, 0.9284283328887398, 1.9192535353535354], [0.3434302083006296, 0.9284283328883649, 1.9192535353535354], [0.32351110774259156, 0.9127863226738733, 1.9697575757575758], [0.3235111077425967, 0.9127863226738326, 1.9697575757575758], [0.30350727779135317, 0.8983390068272862, 2.0202616161616165], [0.28352851941044344, 0.8849789101513468, 2.0707656565656567], [0.28352851941044793, 0.8849789101510255, 2.0707656565656567], [0.26368041256437613, 0.8726033663180235, 2.1212696969696974], [0.2636804125643925, 0.8726033663176214, 2.1212696969696974], [0.24406285662886099, 0.8611158065392662, 2.1717737373737376], [0.24406285662837898, 0.8611158065397443, 2.1717737373737376], [0.22476913548153563, 0.8504265775623109, 2.2222777777777782], [0.2247691354815452, 0.850426577562667, 2.2222777777777782], [0.2054729873515433, 0.8404532533379083, 2.2727818181818185], [0.20547298735117778, 0.8404532533379347, 2.2727818181818185], [0.182592509882612, 0.8311207292274406, 2.3232858585858587], [0.15517974978261892, 0.8223609717315042, 2.3737898989898993], [0.12074304893259398, 0.814112671155343, 2.4242939393939396], [0.06994395324278162, 0.8063207640837228, 2.47479797979798], [0.7989359169771671, null, 2.5253020202020204], [0.7919139899328865, null, 2.575806060606061], [0.7852155192077032, null, 2.6263101010101013], [0.778805212823585, null, 2.6768141414141415], [0.7726514942846924, null, 2.727318181818182], [0.7667260695271564, null, 2.7778222222222224], [0.7610035514149813, null, 2.828326262626263], [0.7554611102947655, null, 2.8788303030303033], [0.7500781676230145, null, 2.9293343434343435], [0.7448361230434289, null, 2.979838383838384], [0.7397181125954224, null, 3.0303424242424244], [0.734708678446319, null, 3.080846464646465], [0.7297941541096707, null, 3.1313505050505053], [0.7249613502704095, null, 3.181854545454546], [0.7201985525468717, null, 3.232358585858586], [0.7154948152521828, null, 3.2828626262626264], [0.7108399592887416, null, 3.333366666666667], [0.7062244654249582, null, 3.3838707070707073], [0.7016393798835594, null, 3.434374747474748], [0.6970762270594136, null, 3.484878787878788], [0.692526929962443, null, 3.535382828282829], [0.6879837367940409, null, 3.585886868686869], [0.6834391536765861, null, 3.6363909090909092], [0.6788858729186282, null, 3.68689494949495], [0.6743167161106748, null, 3.73739898989899], [0.6697245674622769, null, 3.7879030303030308], [0.6651023120519284, null, 3.838407070707071], [0.6604427695347368, null, 3.888911111111111], [0.6557386276372025, null, 3.939415151515152], [0.6509823688544274, null, 3.989919191919192], [0.6461661904801356, null, 4.040423232323232], [0.6412819163900568, null, 4.0909272727272725], [0.6363208961051451, null, 4.141431313131313], [0.6312738874512934, null, 4.191935353535354], [0.6261309196597944, null, 4.242439393939394], [0.6208811280890432, null, 4.292943434343434], [0.6155125537150394, null, 4.3434474747474745], [0.6100118975565783, null, 4.393951515151515], [0.604364205177337, null, 4.444455555555556], [0.5985524738825287, null, 4.494959595959596], [0.5925571341492711, null, 4.545463636363636], [0.5863553654991691, null, 4.5959676767676765], [0.5799201722848251, null, 4.646471717171717], [0.5732190955900911, null, 4.696975757575758], [0.5662123865191917, null, 4.747479797979798], [0.558850308804675, null, 4.797983838383838], [0.551069013512797, null, 4.8484878787878785], [0.5427839177355925, null, 4.898991919191919], [0.5338784283278042, null, 4.94949595959596], [0.5241831936666365, null, 5.0]]}