{"dim": 3, "delta": 2.5, "mu": 10, "dmu": 3.5, "g": -0.37722049367735727, "k_c": 50, "data": [[0.7253265297537658, 1.3454372529484069, 0.0001], [0.7228964615840114, 1.3451496413953805, 0.1283025641025641], [0.7156115485977086, 1.3442840470244444, 0.2565051282051282], [0.703340388956861, 1.3428292842438618, 0.3847076923076923], [0.703340388956828, 1.342829284243655, 0.3847076923076923], [0.6860858025688841, 1.3407659275134596, 0.5129102564102564], [0.6860858025688816, 1.3407659275134034, 0.5129102564102564], [0.6674903826901321, 1.3380650033398849, 0.6411128205128206], [0.6674903826904568, 1.3380650033400843, 0.6411128205128206], [0.6474658803811673, 1.3346858629676557, 0.7693153846153846], [0.6256672569806583, 1.3305728343302397, 0.8975179487179488], [0.6017949398244095, 1.3256498969480088, 1.025720512820513], [0.5755928029479823, 1.319811958824895, 1.153923076923077], [0.5468649321994489, 1.3129097642952041, 1.2821256410256412], [0.5155039454062377, 1.3047217164229854, 1.4103282051282053], [0.4815239763023133, 1.2948950683222764, 1.5385307692307693], [0.44508942579895705, 1.2828003515625024, 1.6667333333333334], [0.4065297810079269, 1.2670433156120842, 1.7949358974358975], [0.3663335552835942, 1.2407412863273797, 1.9231384615384617], [0.3250429215929113, 1.1934285001819749, 2.051341025641026], [0.2766241040466633, 1.1517579586288358, 2.17954358974359], [0.21532026337638416, 1.1150019437715908, 2.3077461538461543], [0.12480794638068436, 1.0824664460890485, 2.4359487179487185], [null, 1.0535141408578341, 2.5641512820512826], [null, 1.0275770398297406, 2.6923538461538468], [null, 1.0041601451797357, 2.820556410256411], [null, 0.9828387067914799, 2.948758974358975], [null, 0.9632517644984279, 3.0769615384615387], [null, 0.9632517644986208, 3.0769615384615387], [null, 0.9450940216026931, 3.205164102564103], [null, 0.9450940216027037, 3.205164102564103], [null, 0.9281074147886895, 3.333366666666667], [null, 0.9281074147886843, 3.333366666666667], [null, 0.9120731479789972, 3.461569230769231], [null, 0.9120731479789819, 3.461569230769231], [null, 0.8968045431997029, 3.5897717948717953], [null, 0.8968045431997084, 3.5897717948717953], [null, 0.8821408048782213, 3.7179743589743595], [null, 0.8821408048782359, 3.7179743589743595], [null, 0.8679416473992241, 3.8461769230769236], [null, 0.8679416473992825, 3.8461769230769236], [null, 0.8540826623173099, 3.9743794871794877], [null, 0.8540826623173289, 3.9743794871794877], [null, 0.8404512660943921, 4.1025820512820514], [null, 0.8404512660944011, 4.1025820512820514], [null, 0.8269430505677339, 4.230784615384615], [null, 0.8269430505677541, 4.230784615384615], [null, 0.8134583450507816, 4.35898717948718], [null, 0.8134583450508026, 4.35898717948718], [null, 0.7998987620405763, 4.487189743589743], [null, 0.7998987620405824, 4.487189743589743], [null, 0.7861634498175939, 4.615392307692308], [null, 0.7861634498177286, 4.615392307692308], [null, 0.772144658499132, 4.743594871794872], [null, 0.7721446584990854, 4.743594871794872], [null, 0.7577220222729922, 4.871797435897436], [null, 0.7577220222730137, 4.871797435897436], [null, 0.7427545356210954, 5.0], [null, 0.7427545356210911, 5.0]]}