{"dim": 3, "delta": 2.5, "mu": 10, "dmu": 3.1, "g": -0.3713097999208502, "k_c": 50, "data": [[0.6875513198437433, 1.1154739849333815, 0.0001], [0.6865998380540265, 1.1154055726426169, 0.05060404040404041], [0.6834788156791989, 1.1152006077604646, 0.10110808080808081], [0.6803509260707155, 1.1148582932092872, 0.1516121212121212], [0.6774243010448686, 1.114377280431667, 0.2021161616161616], [0.6745697693292007, 1.1137556490855496, 0.252620202020202], [0.6717203807332818, 1.1129908669478552, 0.3031242424242424], [0.6688336965086712, 1.1120797391333745, 0.35362828282828285], [0.6658785435707623, 1.1110183439601033, 0.40413232323232323], [0.6628292072498857, 1.109801945380092, 0.4546363636363636], [0.6596624400989692, 1.1084248828561967, 0.5051404040404041], [0.6563556961866275, 1.1068804308546087, 0.5556444444444445], [0.6528859392471197, 1.1051606204135773, 0.6061484848484848], [0.6492287237884063, 1.1032559932220494, 0.6566525252525253], [0.6453574046564059, 1.1011553462799382, 0.7071565656565657], [0.6412423732706115, 1.0988452392687071, 0.757660606060606], [0.6368502846765022, 1.0963095453125884, 0.8081646464646465], [0.6321432343019892, 1.0935286668061086, 0.8586686868686869], [0.6270778714093659, 1.0904785087947262, 0.9091727272727272], [0.6216044502332553, 1.0871289851646189, 0.9596767676767677], [0.6156658437105471, 1.0834417906355376, 1.0101808080808081], [0.6091965798366615, 1.0793669375716983, 1.0606848484848486], [0.6021220143526146, 1.074837088239054, 1.111188888888889], [0.5943578310460926, 1.0697576445047923, 1.1616929292929292], [0.5858101474839235, 1.0639878200642843, 1.2121969696969697], [0.576376675286886, 1.0572997029159321, 1.26270101010101], [0.5659493851746304, 1.0492708583107817, 1.3132050505050505], [0.5659493851746419, 1.0492708583107613, 1.3132050505050505], [0.5544193342134722, 1.038881106929634, 1.363709090909091], [0.5544193342134816, 1.0388811069296329, 1.363709090909091], [0.5416837495156844, 1.0182257984770653, 1.4142131313131314], [0.5276562058891798, 0.9846045968319614, 1.4647171717171716], [0.5122777424331086, 0.9536232507222132, 1.515221212121212], [0.49552857118578486, 0.9252871417496905, 1.5657252525252525], [0.47743706683046244, 0.89955685476921, 1.616229292929293], [0.45808377986428783, 0.8763436837893387, 1.6667333333333334], [0.4375989363840968, 0.8555117046798426, 1.7172373737373738], [0.4161537038545355, 0.8368861192336771, 1.7677414141414143], [0.39394724481956184, 0.8202658445781156, 1.8182454545454545], [0.3711924553430331, 0.80543745167592, 1.868749494949495], [0.3481030168545095, 0.7921878153711919, 1.9192535353535354], [0.3248834035137378, 0.7803138376001383, 1.9697575757575758], [0.30172233929115894, 0.7696286883129256, 2.0202616161616165], [0.2787893759424873, 0.7599653036196576, 2.0707656565656567], [0.25623386011376253, 0.7511766368434106, 2.1212696969696974], [0.23418549542835673, 0.7431355376740357, 2.1717737373737376], [0.21275582844073498, 0.7357328038115779, 2.2222777777777782], [0.19204016998366613, 0.7288752503422911, 2.2727818181818185], [0.17170547573257477, 0.722483581238027, 2.3232858585858587], [0.14666176562907626, 0.7164903809095954, 2.3737898989898993], [0.11445181802241712, 0.7108382932132383, 2.4242939393939396], [0.06643978980424285, 0.705478426503004, 2.47479797979798], [null, 0.7003689855226388, 2.5253020202020204], [null, 0.6954740889382562, 2.575806060606061], [null, 0.6907629219937502, 2.6263101010101013], [null, 0.6862086784198884, 2.6768141414141415], [null, 0.6817881331462124, 2.727318181818182], [null, 0.6774809564245005, 2.7778222222222224], [null, 0.6732692732529664, 2.828326262626263], [null, 0.6691372689530802, 2.8788303030303033], [null, 0.6650708670678911, 2.9293343434343435], [null, 0.6610574527607419, 2.979838383838384], [null, 0.6570856418335227, 3.0303424242424244], [null, 0.6531450840764365, 3.080846464646465], [null, 0.649226296749106, 3.1313505050505053], [null, 0.6453205184144689, 3.181854545454546], [null, 0.6414195835367665, 3.232358585858586], [null, 0.6375158140898147, 3.2828626262626264], [null, 0.6336019203130391, 3.333366666666667], [null, 0.6296709130011587, 3.3838707070707073], [null, 0.625716022443195, 3.434374747474748], [null, 0.6217306229719919, 3.484878787878788], [null, 0.6177081608231783, 3.535382828282829], [null, 0.6136420837118454, 3.585886868686869], [null, 0.609525770072033, 3.6363909090909092], [null, 0.6053524565158326, 3.68689494949495], [null, 0.6011151614296458, 3.73739898989899], [null, 0.5968066018131027, 3.7879030303030308], [null, 0.5924191020177002, 3.838407070707071], [null, 0.5879444898118892, 3.888911111111111], [null, 0.583373976450896, 3.939415151515152], [null, 0.5786980129011899, 3.989919191919192], [null, 0.5739061352165918, 4.040423232323232], [null, 0.5689867293733829, 4.0909272727272725], [null, 0.5639267986457935, 4.141431313131313], [null, 0.5587116424028477, 4.191935353535354], [null, 0.5533244252389071, 4.242439393939394], [null, 0.5477456497693229, 4.292943434343434], [null, 0.5419524312274162, 4.3434474747474745], [null, 0.5359175191821149, 4.393951515151515], [null, 0.529607921519602, 4.444455555555556], [null, 0.5229829386786552, 4.494959595959596], [null, 0.5159912294524632, 4.545463636363636], [null, 0.5085662693980321, 4.5959676767676765], [null, 0.5006189499800311, 4.646471717171717], [null, 0.4920247336723696, 4.696975757575758], [null, 0.48259939749048897, 4.747479797979798], [null, 0.472047657781757, 4.797983838383838], [null, 0.4720476577817748, 4.797983838383838], [null, 0.4598337396255897, 4.8484878787878785], [null, 0.45983373962559815, 4.8484878787878785], [null, 0.4447417636007811, 4.898991919191919], [null, 0.444741763600806, 4.898991919191919], [null, 0.4215549170543769, 4.94949595959596], [null, 0.2095284051792116, 5.0]]}