{"dim": 3, "delta": 2.5, "mu": 10, "dmu": 3.0, "g": -0.3695353656545732, "k_c": 50, "data": [[0.6751481173038246, 1.045722096113985, 0.0001], [0.673581078548807, 1.045639565587845, 0.05060404040404041], [0.6722779193223996, 1.045392192082662, 0.10110808080808081], [0.6711726593487252, 1.0449786674794528, 0.1516121212121212], [0.6701474747700841, 1.0443967764920161, 0.2021161616161616], [0.6691611456262391, 1.0436433403244898, 0.252620202020202], [0.6681942560523674, 1.0427141312221917, 0.3031242424242424], [0.6672362427767431, 1.041603755855913, 0.35362828282828285], [0.6662809087283161, 1.04030550032074, 0.40413232323232323], [0.6653245292513583, 1.0388111128944364, 0.4546363636363636], [0.6643649367265521, 1.0371105187471594, 0.5051404040404041], [0.6634010600320129, 1.035191506702296, 0.5556444444444445], [0.6624326893691495, 1.033039097720874, 0.6061484848484848], [0.6614603764391275, 1.0306349809456632, 0.6566525252525253], [0.660485428397977, 1.0279564815623656, 0.7071565656565657], [0.6595099826569175, 1.0249751835742855, 0.757660606060606], [0.658537168251306, 1.0216548729163228, 0.8081646464646465], [0.6575713765633794, 1.017948373340689, 0.8586686868686869], [0.6566186891014354, 1.013792440899799, 0.9091727272727272], [0.6556875471949625, 1.0090990165417317, 0.9596767676767677], [0.6547898180232505, 1.003738988192391, 1.0101808080808081], [0.653942544506784, 0.9975085522140134, 1.0606848484848486], [0.6531709433551826, 0.9900471887326421, 1.111188888888889], [0.6525138364753642, 0.9805739190347059, 1.1616929292929292], [0.6520342063780007, 0.9662080890036638, 1.2121969696969697], [0.6520342063780298, 0.9662080890035974, 1.2121969696969697], [0.6518418168132157, null, 1.26270101010101], [0.6521484134038402, null, 1.3132050505050505], [0.6534327163765133, null, 1.363709090909091], [0.6571503673405001, null, 1.4142131313131314], [0.5378344319957582, 0.609198140724561, 1.7172373737373738], [0.4927808848770606, 0.6144138576287667, 1.7677414141414143], [0.45282260198013563, 0.6159484297463547, 1.8182454545454545], [null, 0.6161655584805728, 1.868749494949495], [null, 0.61571677681457, 1.9192535353535354], [null, 0.6148695841283369, 1.9697575757575758], [null, 0.613756703739592, 2.0202616161616165], [null, 0.612452037229511, 2.0707656565656567], [null, 0.6110000829753564, 2.1212696969696974], [null, 0.609429178490504, 2.1717737373737376], [null, 0.6077581270605755, 2.2222777777777782], [null, 0.6059997827184725, 2.2727818181818185], [null, 0.6041631161911281, 2.3232858585858587], [null, 0.6022544623479552, 2.3737898989898993], [null, 0.6002783056001701, 2.4242939393939396], [null, 0.5982377920219669, 2.47479797979798], [null, 0.5961350705002395, 2.5253020202020204], [null, 0.5939715271564076, 2.575806060606061], [null, 0.5917479481655593, 2.6263101010101013], [null, 0.5894646355538623, 2.6768141414141415], [null, 0.5871214848218202, 2.727318181818182], [null, 0.5847180539339379, 2.7778222222222224], [null, 0.5822535887664232, 2.828326262626263], [null, 0.5797270638020944, 2.8788303030303033], [null, 0.5771371946814486, 2.9293343434343435], [null, 0.5744824490486629, 2.979838383838384], [null, 0.5717610527013921, 3.0303424242424244], [null, 0.568970984767416, 3.080846464646465], [null, 0.5661099697250822, 3.1313505050505053], [null, 0.5631754696465834, 3.181854545454546], [null, 0.5601646634841806, 3.232358585858586], [null, 0.5570744265680012, 3.2828626262626264], [null, 0.5539013017254558, 3.333366666666667], [null, 0.5506414657172959, 3.3838707070707073], [null, 0.5472906871174535, 3.434374747474748], [null, 0.5438442760397596, 3.484878787878788], [null, 0.5402970232176733, 3.535382828282829], [null, 0.5366431262980089, 3.585886868686869], [null, 0.5328761002703085, 3.6363909090909092], [null, 0.528988667920358, 3.68689494949495], [null, 0.5249726255463387, 3.73739898989899], [null, 0.520818675284469, 3.7879030303030308], [null, 0.5165162155709223, 3.838407070707071], [null, 0.512053074960252, 3.888911111111111], [null, 0.5074151711954807, 3.939415151515152], [null, 0.5025860651807068, 3.989919191919192], [null, 0.497546370471669, 4.040423232323232], [null, 0.4922729547947391, 4.0909272727272725], [null, 0.48673783680530575, 4.141431313131313], [null, 0.48090662025444664, 4.191935353535354], [null, 0.4747362054885359, 4.242439393939394], [null, 0.4681713165801083, 4.292943434343434], [null, 0.46113899195054375, 4.3434474747474745], [null, 0.45353934627388304, 4.393951515151515], [null, 0.44522890265774645, 4.444455555555556], [null, 0.43598750594107927, 4.494959595959596], [null, 0.42544281361064895, 4.545463636363636], [null, 0.42544281361065056, 4.545463636363636], [null, 0.4128557772146902, 4.5959676767676765], [null, 0.4128557772146489, 4.5959676767676765], [null, 0.3961828435339878, 4.646471717171717], [null, 0.39618284353415933, 4.646471717171717], [0.30344417519811584, null, 4.696975757575758]]}