{"dim": 3, "delta": 2.5, "mu": 10, "dmu": 3.11, "g": -0.3714787776171575, "k_c": 50, "data": [[0.688670275647973, 1.1220669668631233, 0.0001], [0.6829012686343382, 1.1216333286224742, 0.1283025641025641], [0.6750856562651546, 1.120323044652581, 0.2565051282051282], [0.667359953628921, 1.1181026861983998, 0.3847076923076923], [0.6590736797033182, 1.1149118582538657, 0.5129102564102564], [0.6498177190144344, 1.110654597686497, 0.6411128205128206], [0.6391722378415469, 1.1051831755892827, 0.7693153846153846], [0.639172237841506, 1.1051831755892771, 0.7693153846153846], [0.6266096784002819, 1.0982665597050778, 0.8975179487179488], [0.6266096784002622, 1.0982665597050918, 0.8975179487179488], [0.6114145398782348, 1.0895229240437547, 1.025720512820513], [0.6114145398782339, 1.0895229240437652, 1.025720512820513], [0.5926023516382212, 1.0782493965130282, 1.153923076923077], [0.5926023516382312, 1.0782493965130306, 1.153923076923077], [0.5688700773453099, 1.062843013705347, 1.2821256410256412], [0.5386900316452772, 1.036115459959591, 1.4103282051282053], [0.500740880877088, 0.9578785263890843, 1.5385307692307693], [0.45471581143219114, 0.8934881416251842, 1.6667333333333334], [0.4019651768796942, 0.843788710931473, 1.7949358974358975], [0.34521446227755576, 0.8060108798858899, 1.9231384615384617], [0.2875666339988152, 0.7770613906905982, 2.051341025641026], [0.231696324550475, 0.7543015193970514, 2.17954358974359], [0.17956833872155686, 0.7357828308912338, 2.3077461538461543], [0.10604518309275604, 0.7201582245741659, 2.4359487179487185], [null, 0.7065140892494631, 2.5641512820512826], [null, 0.6942267393293406, 2.6923538461538468], [null, 0.6942267393293274, 2.6923538461538468], [null, 0.6828615668608362, 2.820556410256411], [null, 0.6828615668608617, 2.820556410256411], [null, 0.6721068688684414, 2.948758974358975], [null, 0.6721068688684546, 2.948758974358975], [null, 0.661731156654586, 3.0769615384615387], [null, 0.6617311566546236, 3.0769615384615387], [null, 0.6515553716979404, 3.205164102564103], [null, 0.6515553716979667, 3.205164102564103], [null, 0.6414343222843744, 3.333366666666667], [null, 0.6414343222843808, 3.333366666666667], [null, 0.6312437242774194, 3.461569230769231], [null, 0.6312437242774367, 3.461569230769231], [null, 0.6208705128779233, 3.5897717948717953], [null, 0.6208705128779298, 3.5897717948717953], [null, 0.6102048190411781, 3.7179743589743595], [null, 0.6102048190411808, 3.7179743589743595], [null, 0.5991323231623487, 3.8461769230769236], [null, 0.5991323231623511, 3.8461769230769236], [null, 0.5875257139282198, 3.9743794871794877], [null, 0.587525713928245, 3.9743794871794877], [null, 0.5752333957250103, 4.1025820512820514], [null, 0.5752333957249671, 4.1025820512820514], [null, 0.5620625841637795, 4.230784615384615], [null, 0.562062584163774, 4.230784615384615], [null, 0.5477505358909186, 4.35898717948718], [null, 0.5477505358906479, 4.35898717948718], [null, 0.5319095370193376, 4.487189743589743], [null, 0.531909537019392, 4.487189743589743], [null, 0.5139057000241275, 4.615392307692308], [null, 0.513905700024131, 4.615392307692308], [null, 0.49253036586244686, 4.743594871794872], [null, 0.4647044473569372, 4.871797435897436], [null, 0.3588984204509634, 5.0]]}