{"dim": 3, "delta": 2.5, "mu": 10, "dmu": 2.95, "g": -0.3685813817271966, "k_c": 50, "data": [[0.6672914385082661, 1.0075714051850637, 0.0001], [0.6677619510687521, 1.006969943663968, 0.1283025641025641], [0.6682487365944805, 1.005142011318132, 0.2565051282051282], [0.6691000261840169, 1.0020061084658, 0.3847076923076923], [0.6705780883079542, 0.9974059881561802, 0.5129102564102564], [0.6731007431742559, 0.991067156749291, 0.6411128205128206], [0.6774342851279301, 0.982492914679625, 0.7693153846153846], [0.6852255697313523, 0.9706666742151243, 0.8975179487179488], [0.6852255697310402, 0.9706666742151162, 0.8975179487179488], [0.7011311938029747, 0.9527700629611309, 1.025720512820513], [0.7011311938029186, 0.9527700629611296, 1.025720512820513], [0.7574924696441656, 0.8555551979311388, 1.153923076923077], [0.31665755719196687, 0.5175244434020569, 2.051341025641026], [0.22803652946626282, 0.5341310696207409, 2.17954358974359], [0.15949480849884892, 0.5403206547582072, 2.3077461538461543], [0.09486795868329734, 0.5421650849743379, 2.4359487179487185], [null, 0.5415557545920472, 2.5641512820512826], [null, 0.5393152163433081, 2.6923538461538468], [null, 0.5358593342390988, 2.820556410256411], [null, 0.531413302374281, 2.948758974358975], [null, 0.5260988023939511, 3.0769615384615387], [null, 0.5199735374855633, 3.205164102564103], [null, 0.5130498093896538, 3.333366666666667], [null, 0.5053020780371457, 3.461569230769231], [null, 0.49666717258529897, 3.5897717948717953], [null, 0.4870375185997078, 3.7179743589743595], [null, 0.47624475361961793, 3.8461769230769236], [null, 0.47624475361957486, 3.8461769230769236], [null, 0.4640259064498812, 3.9743794871794877], [null, 0.4640259064499006, 3.9743794871794877], [null, 0.44995060071196497, 4.1025820512820514], [null, 0.44995060071179127, 4.1025820512820514], [null, 0.43324231951896336, 4.230784615384615], [null, 0.43324231951895187, 4.230784615384615], [0.41221163454328297, null, 4.35898717948718], [0.3810133344704653, null, 4.487189743589743]]}