{
    "dim": 3,
    "delta": 2.5,
    "mu": 10,
    "dmu": 2.8,
    "g": -0.3653489072412868,
    "k_c": 50,
    "data": [
        [
            0.6581502834429612,
            0.8686692179883665,
            0.0001
        ],
        [
            0.6589600597268835,
            0.8684864808534188,
            0.05060404040404041
        ],
        [
            0.6614313162269027,
            0.8679362843028834,
            0.10110808080808081
        ],
        [
            0.6659148991575872,
            0.8670080691021783,
            0.1516121212121212
        ],
        [
            0.671562602657749,
            0.865683189139153,
            0.2021161616161616
        ],
        [
            0.6775091342790948,
            0.8639330868502791,
            0.252620202020202
        ],
        [
            0.6839633962402663,
            0.861716154422794,
            0.3031242424242424
        ],
        [
            0.6911363147898492,
            0.8589723838519602,
            0.35362828282828285
        ],
        [
            0.6992793298679462,
            0.8556139261103108,
            0.40413232323232323
        ],
        [
            0.7087253836362237,
            0.8515073046242497,
            0.4546363636363636
        ],
        [
            0.7199525788743527,
            0.8464362725618487,
            0.5051404040404041
        ],
        [
            0.7199525788743275,
            0.8464362725618406,
            0.5051404040404041
        ],
        [
            0.7337052974919512,
            0.8400114585952266,
            0.5556444444444445
        ],
        [
            0.7337052974919388,
            0.8400114585952123,
            0.5556444444444445
        ],
        [
            0.7512653417851128,
            0.8313861270131543,
            0.6061484848484848
        ],
        [
            0.7512653417851567,
            0.8313861270131597,
            0.6061484848484848
        ],
        [
            0.7751982687639473,
            0.8176939177510996,
            0.6566525252525253
        ],
        [
            0.19861869958564948,
            0.2887903763784124,
            2.2727818181818185
        ],
        [
            0.14635942263907165,
            0.323814034903148,
            2.3232858585858587
        ],
        [
            0.11215882747857729,
            0.34248544616193777,
            2.3737898989898993
        ],
        [
            0.08557448560951013,
            0.3552259628595614,
            2.4242939393939396
        ],
        [
            0.051546233104540665,
            0.36463980728867756,
            2.47479797979798
        ],
        [
            null,
            0.37186297413494784,
            2.5253020202020204
        ],
        [
            null,
            0.3775099284373245,
            2.575806060606061
        ],
        [
            null,
            0.38195557033493066,
            2.6263101010101013
        ],
        [
            null,
            0.3854470329608185,
            2.6768141414141415
        ],
        [
            null,
            0.38815620791254546,
            2.727318181818182
        ],
        [
            null,
            0.3902073976465906,
            2.7778222222222224
        ],
        [
            null,
            0.3916930688181848,
            2.828326262626263
        ],
        [
            null,
            0.3926834803823116,
            2.8788303030303033
        ],
        [
            null,
            0.3932327833796933,
            2.9293343434343435
        ],
        [
            null,
            0.3933830714266938,
            2.979838383838384
        ],
        [
            null,
            0.3931671333987721,
            3.0303424242424244
        ],
        [
            null,
            0.3926103657620793,
            3.080846464646465
        ],
        [
            null,
            0.3917321093860734,
            3.1313505050505053
        ],
        [
            null,
            0.39054658111546575,
            3.181854545454546
        ],
        [
            null,
            0.3890635027966745,
            3.232358585858586
        ],
        [
            null,
            0.38728849047374797,
            3.2828626262626264
        ],
        [
            null,
            0.38522323815421705,
            3.333366666666667
        ],
        [
            null,
            0.38286550736733077,
            3.3838707070707073
        ],
        [
            null,
            0.3802089114478764,
            3.434374747474748
        ],
        [
            null,
            0.3772424587153868,
            3.484878787878788
        ],
        [
            null,
            0.37394978298342246,
            3.535382828282829
        ],
        [
            null,
            0.37030793543730256,
            3.585886868686869
        ],
        [
            null,
            0.36628551778926954,
            3.6363909090909092
        ],
        [
            null,
            0.36183976563583503,
            3.68689494949495
        ],
        [
            null,
            0.3569118502627937,
            3.73739898989899
        ],
        [
            null,
            0.35141894637057025,
            3.7879030303030308
        ],
        [
            null,
            0.345239922589363,
            3.838407070707071
        ],
        [
            null,
            0.33818702111259186,
            3.888911111111111
        ],
        [
            null,
            0.32994178512392947,
            3.939415151515152
        ],
        [
            null,
            0.31987596196917195,
            3.989919191919192
        ],
        [
            null,
            0.3198759619691815,
            3.989919191919192
        ],
        [
            null,
            0.3062996051487349,
            4.040423232323232
        ],
        [
            null,
            0.3062996051487137,
            4.040423232323232
        ],
        [
            null,
            0.20576824219763998,
            4.0909272727272725
        ]
    ]
}