{
    "dim": 3,
    "delta": 2.5,
    "mu": 10,
    "dmu": 3.15,
    "g": -0.37214110181581267,
    "k_c": 50,
    "data": [
        [
            0.6929957182251248,
            1.1478607590820247,
            0.0001
        ],
        [
            0.692254570249487,
            1.1477972829929506,
            0.05060404040404041
        ],
        [
            0.6898427076078798,
            1.147607138979937,
            0.10110808080808081
        ],
        [
            0.6859028590116559,
            1.147289669614772,
            0.1516121212121212
        ],
        [
            0.6822063122292974,
            1.146843769856784,
            0.2021161616161616
        ],
        [
            0.6786088428832138,
            1.1462678668767754,
            0.252620202020202
        ],
        [
            0.6750246724780729,
            1.1455598935524278,
            0.3031242424242424
        ],
        [
            0.6713998574504317,
            1.1447172521233855,
            0.35362828282828285
        ],
        [
            0.6676952828773934,
            1.1437367665149991,
            0.40413232323232323
        ],
        [
            0.663879253093907,
            1.1426146224651366,
            0.4546363636363636
        ],
        [
            0.6599237381003874,
            1.1413462898645115,
            0.5051404040404041
        ],
        [
            0.6558022238986745,
            1.1399264269762255,
            0.5556444444444445
        ],
        [
            0.651488340213335,
            1.1383487579398959,
            0.6061484848484848
        ],
        [
            0.6469548899070207,
            1.1366059184676316,
            0.6566525252525253
        ],
        [
            0.6421730943249736,
            1.1346892588384399,
            0.7071565656565657
        ],
        [
            0.6371119594092809,
            1.1325885883915074,
            0.757660606060606
        ],
        [
            0.6317377129730698,
            1.1302918443241983,
            0.8081646464646465
        ],
        [
            0.6260132928595057,
            1.1277846506742855,
            0.8586686868686869
        ],
        [
            0.6198978907394499,
            1.125049723321131,
            0.9091727272727272
        ],
        [
            0.6133465349454689,
            1.1220660507092985,
            0.9596767676767677
        ],
        [
            0.6063098577408295,
            1.1188077316705296,
            1.0101808080808081
        ],
        [
            0.5987339281165255,
            1.1152422973583325,
            1.0606848484848486
        ],
        [
            0.590560424221616,
            1.111328133985482,
            1.111188888888889
        ],
        [
            0.5817271376116108,
            1.1070104684240452,
            1.1616929292929292
        ],
        [
            0.5721689989609176,
            1.102214602113092,
            1.2121969696969697
        ],
        [
            0.561819757448236,
            1.09683374930538,
            1.26270101010101
        ],
        [
            0.5618197574487678,
            1.0968337493053963,
            1.26270101010101
        ],
        [
            0.5506144597748799,
            1.090704855289001,
            1.3132050505050505
        ],
        [
            0.5506144597744914,
            1.0907048552890304,
            1.3132050505050505
        ],
        [
            0.5384927820374061,
            1.0835528511143755,
            1.363709090909091
        ],
        [
            0.5384927820371161,
            1.083552851114601,
            1.363709090909091
        ],
        [
            0.5254032090504781,
            1.0748276648984991,
            1.4142131313131314
        ],
        [
            0.5254032090502865,
            1.0748276648985122,
            1.4142131313131314
        ],
        [
            0.511307793651922,
            1.0628990921078132,
            1.4647171717171716
        ],
        [
            0.5113077936518265,
            1.062899092107602,
            1.4647171717171716
        ],
        [
            0.4961871016036568,
            1.0365984686630905,
            1.515221212121212
        ],
        [
            0.48004467724916183,
            1.007936205919015,
            1.5657252525252525
        ],
        [
            0.46291029901633485,
            0.9814630640460591,
            1.616229292929293
        ],
        [
            0.44484136092909854,
            0.9571121665404183,
            1.6667333333333334
        ],
        [
            0.42592198623484634,
            0.9347925477913014,
            1.7172373737373738
        ],
        [
            0.4062598990236158,
            0.9143918221747058,
            1.7677414141414143
        ],
        [
            0.38598150491149125,
            0.8957807912075179,
            1.8182454545454545
        ],
        [
            0.3652259326562992,
            0.8788190982709727,
            1.868749494949495
        ],
        [
            0.34413887107333896,
            0.8633611141362496,
            1.9192535353535354
        ],
        [
            0.32286692316958043,
            0.8492613256159769,
            1.9697575757575758
        ],
        [
            0.3015529642417196,
            0.83637876056965,
            2.0202616161616165
        ],
        [
            0.28033263342257214,
            0.8245802261595571,
            2.0707656565656567
        ],
        [
            0.25933217929847746,
            0.8137423863373882,
            2.1212696969696974
        ],
        [
            0.23866711014018147,
            0.803752836971875,
            2.1717737373737376
        ],
        [
            0.21844182651523122,
            0.7945103798826262,
            2.2222777777777782
        ],
        [
            0.1987497660346415,
            0.7859247529605474,
            2.2727818181818185
        ],
        [
            0.19874976603501066,
            0.7859247529605335,
            2.2727818181818185
        ],
        [
            0.1774545843473287,
            0.7779159851276128,
            2.3232858585858587
        ],
        [
            0.15109861182625273,
            0.7704135593420434,
            2.3737898989898993
        ],
        [
            0.11771181793447243,
            0.7633554768082486,
            2.4242939393939396
        ],
        [
            0.0682500444106245,
            0.7566873155474514,
            2.47479797979798
        ],
        [
            null,
            0.7503613263123297,
            2.5253020202020204
        ],
        [
            null,
            0.7443355946263562,
            2.575806060606061
        ],
        [
            null,
            0.73857328287473,
            2.6263101010101013
        ],
        [
            null,
            0.7330419548911685,
            2.6768141414141415
        ],
        [
            null,
            0.727712979499901,
            2.727318181818182
        ],
        [
            null,
            0.7225610232932153,
            2.7778222222222224
        ],
        [
            null,
            0.7175635766055217,
            2.828326262626263
        ],
        [
            null,
            0.7127005867775047,
            2.8788303030303033
        ],
        [
            null,
            0.7079541093348806,
            2.9293343434343435
        ],
        [
            null,
            0.7033080191260133,
            2.979838383838384
        ],
        [
            null,
            0.6987477586510108,
            3.0303424242424244
        ],
        [
            null,
            0.6942601199597559,
            3.080846464646465
        ],
        [
            null,
            0.6898330557993014,
            3.1313505050505053
        ],
        [
            null,
            0.6854555143298937,
            3.181854545454546
