{"dim": 3, "delta": 1, "mu": 5.906055070328385, "dmu": 3, "g": -0.3936620523522679, "k_c": 50, "data": [[0.47458496036667025, 1.5698747978486538, 0.0001], [0.4735747639610306, 1.5698039173961227, 0.06070505050505051], [0.470545737558945, 1.5695915377142435, 0.12131010101010102], [0.465482045170898, 1.5692370383585648, 0.18191515151515153], [0.45835520689679954, 1.568739376884342, 0.24252020202020202], [0.4491207058112935, 1.5680970726608094, 0.3031252525252525], [0.43771276868253445, 1.567308185066866, 0.36373030303030307], [0.437712768682532, 1.567308185066996, 0.36373030303030307], [0.4240364865448044, 1.566370283698668, 0.42433535353535357], [0.4240364865448148, 1.5663702836988063, 0.42433535353535357], [0.4079560895146238, 1.5652804089445662, 0.48494040404040406], [0.4079560895145729, 1.5652804089447039, 0.48494040404040406], [0.3892769017683057, 1.564035026578729, 0.5455454545454546], [0.3892769017683132, 1.5640350265789278, 0.5455454545454546], [0.3677163451522623, 1.5626299597379834, 0.606150505050505], [0.342854344859833, 1.5610603190403287, 0.6667555555555555], [0.31404124829521063, 1.5593204038240136, 0.7273606060606062], [0.28020681262300784, 1.5574035835186795, 0.7879656565656566], [0.23939522147297262, 1.5553021474724236, 0.8485707070707071], [0.18729599436197622, 1.5530071145784912, 0.9091757575757576], [0.10906772471513446, 1.5505079891159215, 0.9697808080808081], [null, 1.547792443808936, 1.0303858585858587], [null, 1.5448459012341111, 1.0909909090909091], [null, 1.541650971800846, 1.1515959595959597], [null, 1.5381866807112927, 1.2122010101010101], [null, 1.5344273776234632, 1.2728060606060607], [null, 1.5303411478573572, 1.333411111111111], [null, 1.5258874052926739, 1.3940161616161617], [null, 1.5210130621677755, 1.4546212121212123], [null, 1.5156460371248415, 1.5152262626262627], [null, 1.5096832599699597, 1.5758313131313133], [null, 1.5029655761858793, 1.6364363636363637], [null, 1.495214396317791, 1.6970414141414143], [null, 1.4857914177679796, 1.7576464646464647], [null, 1.4720199892558572, 1.8182515151515153], [null, 1.4720199892558101, 1.8182515151515153], [null, 1.4571141642623768, 1.8788565656565657], [null, 1.457114164262453, 1.8788565656565657], [null, 1.4427809885848373, 1.9394616161616163], [null, 1.4427809885849117, 1.9394616161616163], [null, 1.428983447219559, 2.000066666666667], [null, 1.4289834472196405, 2.000066666666667], [null, 1.4156867632841803, 2.0606717171717177], [null, 1.4156867632842274, 2.0606717171717177], [null, 1.4028582539399566, 2.121276767676768], [null, 1.4028582539400036, 2.121276767676768], [null, 1.390467197866675, 2.1818818181818185], [null, 1.3904671978667111, 2.1818818181818185], [null, 1.378484711371722, 2.242486868686869], [null, 1.3784847113717704, 2.242486868686869], [null, 1.3668836312829709, 2.3030919191919197], [null, 1.3668836312830068, 2.3030919191919197], [null, 1.3556384052270085, 2.36369696969697], [null, 1.355638405227038, 2.36369696969697], [null, 1.3447249871499078, 2.4243020202020205], [null, 1.344724987149918, 2.4243020202020205], [null, 1.3341207385041036, 2.484907070707071], [null, 1.334120738504103, 2.484907070707071], [null, 1.3238043344869113, 2.5455121212121217], [null, 1.323804334486911, 2.5455121212121217], [null, 1.313755674881067, 2.6061171717171723], [null, 1.3137556748810968, 2.6061171717171723], [null, 1.3039557997328637, 2.6667222222222224], [null, 1.2943868085728891, 2.727327272727273], [null, 1.2850317861121425, 2.7879323232323237], [null, 1.2758747266984547, 2.8485373737373743], [null, 1.2669004690245564, 2.909142424242425], [null, 1.25809462944653, 2.969747474747475], [null, 1.249443540524608, 3.0303525252525256], [null, 1.240934192218516, 3.0909575757575762], [null, 1.2325541749733764, 3.151562626262627], [null, 1.2242916309276055, 3.212167676767677], [null, 1.2161351936796518, 3.2727727272727276], [null, 1.2080739471134871, 3.333377777777778], [null, 1.2000973759776352, 3.393982828282829], [null, 1.1921953181459422, 3.4545878787878794], [null, 1.1843579211171031, 3.5151929292929296], [null, 1.176575597678988, 3.57579797979798], [null, 1.1688389822777885, 3.636403030303031], [null, 1.1611388874827644, 3.6970080808080814], [null, 1.1534662600421155, 3.7576131313131316], [null, 1.1458121361590003, 3.818218181818182], [null, 1.1381675952588446, 3.878823232323233], [null, 1.1305237117073523, 3.9394282828282834], [null, 1.1228715054662115, 4.0000333333333336], [null, 1.1152018798525367, 4.060638383838384], [null, 1.1075055881969202, 4.121243434343435], [null, 1.0997731242029087, 4.1818484848484845], [null, 1.091994693064998, 4.242453535353535], [null, 1.0841601096152729, 4.303058585858586], [null, 1.0762587105184347, 4.363663636363636], [null, 1.0682792400524843, 4.424268686868687], [null, 1.0602097669487225, 4.4848737373737375], [null, 1.0520374573674909, 4.545478787878788], [null, 1.0437484816535527, 4.606083838383839], [null, 1.035327763162578, 4.666688888888889], [null, 1.0267587288080948, 4.727293939393939], [null, 1.0180229896866708, 4.78789898989899], [null, 1.0090999400830512, 4.84850404040404], [null, 0.9999662461705888, 4.909109090909091], [null, 0.9905951836679336, 4.9697141414141415], [null, 0.9809556972005716, 5.030319191919192], [null, 0.9710115612429329, 5.090924242424243], [null, 0.9607190876549869, 5.151529292929293], [null, 0.9607190876550062, 5.151529292929293], [null, 0.950025528815041, 5.212134343434344], [null, 0.9500255288150738, 5.212134343434344], [null, 0.9388653801500788, 5.272739393939394], [null, 0.9388653801501854, 5.272739393939394], [null, 0.9271554437319468, 5.333344444444444], [null, 0.9271554437321617, 5.333344444444444], [null, 0.9147868520506899, 5.393949494949495], [null, 0.9147868520511906, 5.393949494949495], [null, 0.9016117479400086, 5.454554545454545], [null, 0.9016117479400861, 5.454554545454545], [null, 0.8874193112636329, 5.515159595959596], [null, 0.8874193112635627, 5.515159595959596], [null, 0.8718881300326629, 5.575764646464647], [null, 0.8718881300326585, 5.575764646464647], [null, 0.8544770752200938, 5.636369696969697], [null, 0.8544770752200858, 5.636369696969697], [null, 0.8341101913503404, 5.696974747474748], [null, 0.8076975190715755, 5.7575797979797985], [null, 0.7468728240285563, 5.818184848484849], [null, 0.6625666973671986, 5.878789898989899], [null, 0.5657884002088837, 5.939394949494949], [null, 0.44853622553378186, 6.0]]}