{"dim": 3, "delta": 1.5, "mu": 5.906055070328385, "dmu": 2, "g": -0.37922080000040265, "k_c": 50, "data": [[0.5563761917633876, 0.9752677501642276, 0.0001], [0.5557138395223408, 0.9751953718477374, 0.040503030303030305], [0.5537148507844866, 0.9749786258163248, 0.0809060606060606], [0.5502931355318486, 0.9746165307924424, 0.12130909090909091], [0.5450796799399192, 0.9741074300642628, 0.1617121212121212], [0.5393505048587416, 0.9734489536017364, 0.2021151515151515], [0.5335482993821351, 0.9726379642002867, 0.2425181818181818], [0.5275873584679714, 0.9716704828481912, 0.28292121212121213], [0.5214021944097699, 0.9705415893862964, 0.3233242424242424], [0.5149371579490977, 0.9692452920302668, 0.3637272727272727], [0.5081413081893059, 0.9677743583968426, 0.404130303030303], [0.5009656618100023, 0.9661200904019451, 0.44453333333333334], [0.49336169242421735, 0.9642720333582787, 0.4849363636363636], [0.48528060055054506, 0.9622175837812624, 0.5253393939393939], [0.47667314700537305, 0.9599414602527843, 0.5657424242424243], [0.46748998026335115, 0.9574249733165912, 0.6061454545454545], [0.4576824440807304, 0.954644992103009, 0.6465484848484848], [0.4472038844678903, 0.951572442049688, 0.6869515151515151], [0.4360114566527998, 0.9481700377917301, 0.7273545454545454], [0.4240684125424472, 0.9443887098811226, 0.7677575757575757], [0.41134677763629973, 0.9401616480741936, 0.808160606060606], [0.3978302497340902, 0.9353936205086646, 0.8485636363636363], [0.3835170675947291, 0.9299398178504038, 0.8889666666666667], [0.3684224933750407, 0.9235573945818735, 0.929369696969697], [0.3525806468012508, 0.9157644011906995, 0.9697727272727272], [0.33604523583245527, 0.9051391044142362, 1.0101757575757575], [0.3188891420774378, 0.8839070261010292, 1.0505787878787878], [0.30120275222748677, 0.8619321800245852, 1.090981818181818], [0.28309123554949306, 0.8416892972206297, 1.1313848484848485], [0.2646710708239685, 0.8230579885369861, 1.1717878787878788], [0.24606622128398395, 0.8059138684891478, 1.212190909090909], [0.2274043429112352, 0.790131762312339, 1.2525939393939394], [0.2088133407131587, 0.77558861934124, 1.2929969696969696], [0.1890319767751423, 0.7621659228402794, 1.3334], [0.16543931789830083, 0.7497514941618822, 1.3738030303030302], [0.13700883878761436, 0.7382406924078723, 1.4142060606060605], [0.10003037653725769, 0.7275370695905822, 1.4546090909090907], [0.03326991616725677, 0.7175525834659195, 1.4950121212121212], [null, 0.7082074670967019, 1.5354151515151515], [null, 0.6994298677392754, 1.5758181818181818], [null, 0.6911553225981767, 1.616221212121212], [null, 0.6833261653326498, 1.6566242424242423], [null, 0.6758908886159712, 1.6970272727272726], [null, 0.6688035131172018, 1.7374303030303029], [null, 0.6620229809333431, 1.7778333333333334], [null, 0.6555125879052283, 1.8182363636363637], [null, 0.6492394618831925, 1.858639393939394], [null, 0.6431740893146802, 1.8990424242424242], [null, 0.6372898894125536, 1.9394454545454545], [null, 0.6315628334785324, 1.9798484848484847], [null, 0.625971104315654, 2.0202515151515152], [null, 0.6204948002238667, 2.0606545454545455], [null, 0.6151156530159776, 2.101057575757576], [null, 0.6098168008812532, 2.141460606060606], [null, 0.6045825622584741, 2.1818636363636363], [null, 0.5993982452056099, 2.2222666666666666], [null, 0.5942499611639372, 2.2626696969696973], [null, 0.5891244676086711, 2.3030727272727276], [null, 0.5840089954307445, 2.343475757575758], [null, 0.5788911093929848, 2.383878787878788], [null, 0.5737585503182818, 2.4242818181818184], [null, 0.5685990835725319, 2.4646848484848487], [null, 0.5634003385735955, 2.505087878787879], [null, 0.5581496360494023, 2.5454909090909092], [null, 0.5528337977152729, 2.5858939393939395], [null, 0.5474389249189451, 2.62629696969697], [null, 0.5419501435872832, 2.6667], [null, 0.5363512919058874, 2.7071030303030303], [null, 0.5306245359280412, 2.7475060606060606], [null, 0.5247498788898282, 2.787909090909091], [null, 0.5187045256483969, 2.828312121212121], [null, 0.5124620311718558, 2.8687151515151514], [null, 0.5059911397181452, 2.9091181818181817], [null, 0.4992541332650904, 2.9495212121212124], [null, 0.49220444186059203, 2.9899242424242427], [null, 0.48478300654479933, 3.030327272727273], [null, 0.4769125134427374, 3.0707303030303033], [null, 0.46848770170411097, 3.1111333333333335], [null, 0.45935783265819413, 3.151536363636364], [null, 0.4492916875757716, 3.191939393939394], [null, 0.43789704360339793, 3.2323424242424244], [null, 0.42438843400981435, 3.2727454545454546], [null, 0.40653211277888446, 3.313148484848485], [null, 0.32808115392104364, 3.353551515151515]]}