{"dim": 3, "delta": 2.5, "mu": 5.906055070328385, "dmu": 5, "g": -0.40590709859172885, "k_c": 50, "data": [[1.6824453477469743, 1.821542631971704, 0.0001], [1.694675287360265, 1.8188661103450607, 0.10110909090909091], [1.6946752873602857, 1.8188661103453365, 0.10110909090909091], [1.7204491787556355, 1.809096903522261, 0.2021181818181818], [1.3696715268574295, 1.5446839560505425, 1.2122090909090908], [1.2898316796380944, 1.5651680892992943, 1.3132181818181818], [1.2214785099363035, 1.5758858787543113, 1.4142272727272727], [1.1587664596652538, 1.5825108728278836, 1.5152363636363637], [1.0997447394862165, 1.5868553351077865, 1.6162454545454545], [1.0434797104213238, 1.5897407146827134, 1.7172545454545454], [0.9884327082352302, 1.591608530949876, 1.8182636363636364], [0.9242400241881586, 1.5927223336612295, 1.9192727272727272], [null, 1.5932512049399654, 2.0202818181818185], [null, 1.5933095784603089, 2.1212909090909093], [null, 1.5929781582033502, 2.2223], [null, 1.592315746302686, 2.323309090909091], [null, 1.5913663638344864, 2.424318181818182], [null, 1.5901636969357074, 2.525327272727273], [null, 1.5887340059854913, 2.626336363636364], [null, 1.5870980817489075, 2.7273454545454547], [null, 1.5852725986348584, 2.8283545454545456], [null, 1.5832710731248412, 2.9293636363636364], [null, 1.5811045522835452, 3.0303727272727277], [null, 1.578782144531491, 3.1313818181818185], [null, 1.5763113590654394, 3.2323909090909093], [null, 1.5736984365113698, 3.3334], [null, 1.5709485503519325, 3.434409090909091], [null, 1.568065983221779, 3.5354181818181822], [null, 1.5650542613090903, 3.636427272727273], [null, 1.561916261442942, 3.737436363636364], [null, 1.5586542959353467, 3.8384454545454547], [null, 1.5552701789046304, 3.9394545454545455], [null, 1.5517652815207936, 4.040463636363636], [null, 1.5481405745543848, 4.141472727272727], [null, 1.5443966628434682, 4.242481818181818], [null, 1.5405338124915708, 4.343490909090909], [null, 1.5365519719683567, 4.4445], [null, 1.5324507835893444, 4.545509090909091], [null, 1.5282296175592804, 4.646518181818181], [null, 1.5238875361247142, 4.747527272727273], [null, 1.5194233394720782, 4.848536363636363], [null, 1.5148355471746024, 4.949545454545454], [null, 1.510122399682471, 5.0505545454545455], [null, 1.5052818529753647, 5.151563636363636], [null, 1.500311570747129, 5.252572727272727], [null, 1.4952089132440425, 5.3535818181818176], [null, 1.4899709229902796, 5.454590909090909], [null, 1.4845943071779817, 5.5556], [null, 1.4790754163009514, 5.6566090909090905], [null, 1.4734102186893525, 5.757618181818182], [null, 1.4675942705297127, 5.858627272727272], [null, 1.461622680609604, 5.959636363636363], [null, 1.4554900690438362, 6.060645454545455], [null, 1.4491905190678893, 6.161654545454545], [null, 1.442717520541143, 6.262663636363636], [null, 1.436063903662058, 6.363672727272727], [null, 1.4292217619552563, 6.464681818181818], [null, 1.422182358886636, 6.565690909090909], [null, 1.414936021020756, 6.6667], [null, 1.407472007232902, 6.767709090909091], [null, 1.3997783536716017, 6.868718181818181], [null, 1.3918416866219072, 6.9697272727272725], [null, 1.3836469906339455, 7.070736363636364], [null, 1.3751773469990252, 7.171745454545454], [null, 1.366413551051097, 7.2727545454545455], [null, 1.3573337148397489, 7.373763636363636], [null, 1.3479126987874521, 7.474772727272727], [null, 1.338121410004271, 7.575781818181818], [null, 1.327925881524462, 7.676790909090909], [null, 1.327925887513584, 7.676790909090909], [null, 1.317286049195068, 7.7778], [null, 1.3172860491950908, 7.7778], [null, 1.3061541015515425, 7.87880909090909], [null, 1.3061541015515665, 7.87880909090909], [null, 1.2944721866506914, 7.979818181818182], [null, 1.2944721866507227, 7.979818181818182], [null, 1.2821691559666943, 8.080827272727273], [null, 1.282169155966726, 8.080827272727273], [null, 1.2691557786392593, 8.181836363636364], [null, 1.2691557786393113, 8.181836363636364], [null, 1.2553174372672946, 8.282845454545454], [null, 1.2553174372673812, 8.282845454545454], [null, 1.2405024331552812, 8.383854545454545], [null, 1.2405024331554293, 8.383854545454545], [null, 1.224502099454782, 8.484863636363636], [null, 1.2245020994550713, 8.484863636363636], [null, 1.2070142033076088, 8.585872727272728], [null, 1.2070142033081, 8.585872727272728], [null, 1.1875677909160443, 8.686881818181819], [null, 1.187567790916018, 8.686881818181819], [null, 1.165341367044853, 8.787890909090908], [null, 1.1385787686003794, 8.8889], [null, 1.1004163585241369, 8.98990909090909], [null, 1.0256198930533842, 9.090918181818182], [null, 0.9440909927930073, 9.191927272727273], [null, 0.8546326125822569, 9.292936363636363], [null, 0.7544314799707015, 9.393945454545454], [null, 0.6384520174878583, 9.494954545454545], [null, 0.4957443827019265, 9.595963636363637], [null, 0.2891272168562801, 9.696972727272726]]}