{"dim": 3, "delta": 1, "mu": 5.906055070328385, "dmu": 5, "g": -0.4075252635527959, "k_c": 50, "data": [[1.3115812310520674, 2.032125247721513, 0.0001], [1.304451083076811, 2.031664943752496, 0.10110909090909091], [1.2831153622551326, 2.030267019309782, 0.2021181818181818], [1.2475195859029502, 2.0278709760570903, 0.3031272727272727], [1.1971762658329725, 2.02436015491476, 0.4041363636363636], [1.1306634171494412, 2.0195268364308396, 0.5051454545454546], [1.0448947718372452, 2.012982933563506, 0.6061545454545454], [0.9337070627967614, 2.003858611165372, 0.7071636363636363], [0.7840853393085785, 1.9878756399586353, 0.8081727272727273], [0.5608989219660117, 1.966227638703447, 0.9091818181818182], [null, 1.9475608468603387, 1.0101909090909091], [null, 1.931279542585126, 1.1112], [null, 1.9312795425851317, 1.1112], [null, 1.91692270058894, 1.2122090909090908], [null, 1.9169227005889553, 1.2122090909090908], [null, 1.9041298709499748, 1.3132181818181818], [null, 1.9041298709499708, 1.3132181818181818], [null, 1.8926167489665413, 1.4142272727272727], [null, 1.8926167489665406, 1.4142272727272727], [null, 1.8821572595331175, 1.5152363636363637], [null, 1.8821572595329563, 1.5152363636363637], [null, 1.872570177886235, 1.6162454545454545], [null, 1.8637093461313055, 1.7172545454545454], [null, 1.8554556133479776, 1.8182636363636364], [null, 1.8477115134578075, 1.9192727272727272], [null, 1.8403965897332857, 2.0202818181818185], [null, 1.8334440089658999, 2.1212909090909093], [null, 1.8267978831801097, 2.2223], [null, 1.8204111842986979, 2.323309090909091], [null, 1.8142440928929335, 2.424318181818182], [null, 1.8082626912940274, 2.525327272727273], [null, 1.8024379201341083, 2.626336363636364], [null, 1.7967446770449134, 2.7273454545454547], [null, 1.791161456189512, 2.8283545454545456], [null, 1.7856691655909744, 2.9293636363636364], [null, 1.7802513090680914, 3.0303727272727277], [null, 1.7748933030244574, 3.1313818181818185], [null, 1.7695822245880914, 3.2323909090909093], [null, 1.7643065762189094, 3.3334], [null, 1.7590560595941718, 3.434409090909091], [null, 1.753821396399624, 3.5354181818181822], [null, 1.7485941875004354, 3.636427272727273], [null, 1.74336678029852, 3.737436363636364], [null, 1.7381321606259756, 3.8384454545454547], [null, 1.73288385626198, 3.9394545454545455], [null, 1.7276158739084013, 4.040463636363636], [null, 1.722322604267246, 4.141472727272727], [null, 1.7169987705214744, 4.242481818181818], [null, 1.7116393871205746, 4.343490909090909], [null, 1.7062396991978874, 4.4445], [null, 1.7007951459910833, 4.545509090909091], [null, 1.6953013204029552, 4.646518181818181], [null, 1.6897539367785688, 4.747527272727273], [null, 1.6841487978418779, 4.848536363636363], [null, 1.6784817664353142, 4.949545454545454], [null, 1.6727487369736223, 5.0505545454545455], [null, 1.6669456102462308, 5.151563636363636], [null, 1.6610682674632309, 5.252572727272727], [null, 1.6551125455927598, 5.3535818181818176], [null, 1.649074212716736, 5.454590909090909], [null, 1.6429490071516581, 5.5556], [null, 1.6367322915714952, 5.6566090909090905], [null, 1.6304196694562771, 5.757618181818182], [null, 1.6240063116490322, 5.858627272727272], [null, 1.6174872521118346, 5.959636363636363], [null, 1.6108572905906913, 6.060645454545455], [null, 1.6041109585271693, 6.161654545454545], [null, 1.5972424787247788, 6.262663636363636], [null, 1.5902457270134134, 6.363672727272727], [null, 1.5831141828670707, 6.464681818181818], [null, 1.5758408770799133, 6.565690909090909], [null, 1.568418327522748, 6.6667], [null, 1.560838491244123, 6.767709090909091], [null, 1.5530926420130842, 6.868718181818181], [null, 1.5451713221893981, 6.9697272727272725], [null, 1.5370642118220734, 7.070736363636364], [null, 1.5287600062063522, 7.171745454545454], [null, 1.5202462648137847, 7.2727545454545455], [null, 1.5115092301469015, 7.373763636363636], [null, 1.5025336086894752, 7.474772727272727], [null, 1.4933023041961369, 7.575781818181818], [null, 1.4837960887929047, 7.676790909090909], [null, 1.4739931934112678, 7.7778], [null, 1.4638687913476411, 7.87880909090909], [null, 1.46386879134765, 7.87880909090909], [null, 1.4533943383461498, 7.979818181818182], [null, 1.4533943383461616, 7.979818181818182], [null, 1.4425367164265777, 8.080827272727273], [null, 1.442536716426563, 8.080827272727273], [null, 1.431257104140768, 8.181836363636364], [null, 1.431257104140735, 8.181836363636364], [null, 1.419509456188029, 8.282845454545454], [null, 1.4195094561880548, 8.282845454545454], [null, 1.4072384138337686, 8.383854545454545], [null, 1.4072384138337857, 8.383854545454545], [null, 1.3943763494635575, 8.484863636363636], [null, 1.3943763494635897, 8.484863636363636], [null, 1.3808390679478124, 8.585872727272728], [null, 1.3808390679478775, 8.585872727272728], [null, 1.3665193084532326, 8.686881818181819], [null, 1.3665193084533511, 8.686881818181819], [null, 1.3512764648919413, 8.787890909090908], [null, 1.3512764648920874, 8.787890909090908], [null, 1.3349193721246964, 8.8889], [null, 1.3349193721249486, 8.8889], [null, 1.3171752255294613, 8.98990909090909], [null, 1.3171752255297315, 8.98990909090909], [null, 1.2976274041809026, 9.090918181818182], [null, 1.2976274041807203, 9.090918181818182], [null, 1.2755707304740396, 9.191927272727273], [null, 1.2495766734997493, 9.292936363636363], [null, 1.21506728552418, 9.393945454545454], [null, 1.151649468498404, 9.494954545454545], [null, 1.0815093427485405, 9.595963636363637], [null, 1.0063288226276437, 9.696972727272726], [null, 0.9248814099174756, 9.797981818181817], [null, 0.8353379846620995, 9.898990909090909], [null, 0.7347467051496227, 10.0]]}