{"dim": 3, "delta": 1.4, "mu": 5.906055070328385, "dmu": 1.6, "g": -0.37104267529004137, "k_c": 50, "data": [[0.47710738626194227, 0.6825490975727493, 0.0001], [0.47850730583463513, 0.6824315749962149, 0.03242222222222223], [0.48099763407173707, 0.6820789335354541, 0.06474444444444445], [0.48329379713568565, 0.6814865364512157, 0.09706666666666668], [0.48563134395635565, 0.6806463425246763, 0.1293888888888889], [0.48812666393836, 0.6795463765486454, 0.1617111111111111], [0.49087196745249767, 0.6781698752685138, 0.19403333333333334], [0.49396207953384297, 0.6764939528737552, 0.22635555555555556], [0.49750980130095024, 0.6744875113408271, 0.2586777777777778], [0.501661817092961, 0.6721078757321196, 0.29100000000000004], [0.5066214439877109, 0.6692951297339526, 0.32332222222222223], [0.5126896275480343, 0.6659619461290051, 0.35564444444444443], [0.5203440388720408, 0.6619736096619464, 0.3879666666666667], [0.5304214697615186, 0.6571033817619624, 0.42028888888888893], [0.5446266941985773, 0.6509105157397228, 0.45261111111111113], [0.5675843803481788, 0.642256291389098, 0.4849333333333333], [0.1802463945179398, 0.26894668789025583, 1.2283444444444445], [0.14030150699951324, 0.29009107481324936, 1.2606666666666668], [0.11150022468796814, 0.30169004957537005, 1.292988888888889], [0.08816048971845014, 0.30940454895937103, 1.325311111111111], [0.06788282477453861, 0.3148954679008868, 1.3576333333333335], [0.03395604124677649, 0.3189173409958792, 1.3899555555555556], [null, 0.32188449775020805, 1.4222777777777778], [null, 0.3240508551446219, 1.4546000000000001], [null, 0.3255836131248725, 1.4869222222222223], [null, 0.32659854038484215, 1.5192444444444446], [null, 0.32717876044547406, 1.5515666666666668], [null, 0.327385558665005, 1.583888888888889], [null, 0.32726497096899904, 1.6162111111111113], [null, 0.3268519920146018, 1.6485333333333334], [null, 0.32617335383129303, 1.6808555555555558], [null, 0.32524941038845046, 1.713177777777778], [null, 0.3240954411027153, 1.7455], [null, 0.3227225435687368, 1.7778222222222224], [null, 0.32113825711441524, 1.8101444444444446], [null, 0.3193469607978175, 1.8424666666666667], [null, 0.31735010449022544, 1.874788888888889], [null, 0.31514628866365285, 1.9071111111111112], [null, 0.3127311986649948, 1.9394333333333333], [null, 0.31009738097196576, 1.9717555555555557], [null, 0.3072338295292526, 2.0040777777777783], [null, 0.3041253217048881, 2.0364000000000004], [null, 0.30075139895203934, 2.0687222222222226], [null, 0.29708481061560343, 2.1010444444444447], [null, 0.2930890987753249, 2.133366666666667], [null, 0.288714723580343, 2.1656888888888894], [null, 0.2838925415331068, 2.1980111111111116], [null, 0.27852205386353857, 2.2303333333333337], [null, 0.2724482053723201, 2.262655555555556], [null, 0.2654090002498164, 2.294977777777778], [null, 0.25688962549868866, 2.3273000000000006], [null, 0.24551523085607138, 2.3596222222222227], [null, 0.1693372257597218, 2.391944444444445]]}