{"dim": 3, "delta": 0.5, "mu": 5.906055070328385, "dmu": 0.57, "g": -0.3479497580733612, "k_c": 50, "data": [[0.16605623285754068, 0.2681073004191946, 0.0001], [0.16607920544709648, 0.2680773103681973, 0.011614141414141412], [0.16609868589204801, 0.26798817351953286, 0.023128282828282824], [0.16612814316874638, 0.26783932567292806, 0.03464242424242424], [0.16617182445950754, 0.2676298078424195, 0.04615656565656565], [0.16623385190504614, 0.2673582374806328, 0.05767070707070707], [0.16631878868082225, 0.2670227633571693, 0.06918484848484847], [0.1664319328246825, 0.2666210021261748, 0.0806989898989899], [0.16657959951850454, 0.2661499508171116, 0.0922131313131313], [0.16676946333330836, 0.26560586728899216, 0.10372727272727271], [0.16701101226066128, 0.26498410617864177, 0.11524141414141413], [0.16731617860781772, 0.2642788782802825, 0.12675555555555554], [0.16770024337430162, 0.2634829955782385, 0.13826969696969693], [0.16818318169526647, 0.26258727440266244, 0.14978383838383835], [0.1687917278813652, 0.2615799754804533, 0.16129797979797977], [0.16956267865086444, 0.26044566502231475, 0.17281212121212117], [0.1705484548415193, 0.259163484172394, 0.1843262626262626], [0.17182705321134129, 0.257704132661125, 0.195840404040404], [0.1735213556689338, 0.25602421566183564, 0.2073545454545454], [0.17584094276475148, 0.2540543600477453, 0.21886868686868682], [0.1791883983070965, 0.25166974146457444, 0.23038282828282824], [0.1845115882407404, 0.24859279415607483, 0.24189696969696964], [0.19539704252768308, 0.243741847991651, 0.2534111111111111], [0.07975623366659196, 0.10215693440099996, 0.42612323232323224], [0.06169584391289518, 0.11142529254266827, 0.43763737373737366], [0.04957711000389274, 0.11553321487018983, 0.4491515151515151], [0.0398341183364792, 0.11800844612343533, 0.4606656565656565], [0.031658107177607836, 0.11962565978753223, 0.4721797979797979], [0.024597745669517123, 0.12070522325460385, 0.4836939393939393], [0.013703040458899906, 0.12141342581335354, 0.4952080808080807], [null, 0.12184807692883128, 0.5067222222222222], [null, 0.12207148891701526, 0.5182363636363635], [null, 0.12212560604395818, 0.5297505050505049], [null, 0.12203979929119595, 0.5412646464646463], [null, 0.1218352063419111, 0.5527787878787878], [null, 0.1215274519838643, 0.5642929292929292], [null, 0.12112803684466113, 0.5758070707070706], [null, 0.1206456316943441, 0.587321212121212], [null, 0.12008666330356806, 0.5988353535353534], [null, 0.11945581667236563, 0.6103494949494949], [null, 0.11875636460540578, 0.6218636363636363], [null, 0.11799038913606663, 0.6333777777777777], [null, 0.11715892681530725, 0.6448919191919191], [null, 0.11626205232010611, 0.6564060606060605], [null, 0.11529891073325385, 0.6679202020202019], [null, 0.11426770122173936, 0.6794343434343433], [null, 0.11316560914505557, 0.6909484848484847], [null, 0.11198867885310707, 0.7024626262626261], [null, 0.11073160938100901, 0.7139767676767675], [null, 0.10938744395327371, 0.725490909090909], [null, 0.10794710256221439, 0.7370050505050504], [null, 0.1063986691936897, 0.7485191919191918], [null, 0.10472627409531707, 0.7600333333333332], [null, 0.1029082760573511, 0.7715474747474746], [null, 0.10091409435297509, 0.7830616161616161], [null, 0.09869830290884449, 0.7945757575757575], [null, 0.09618828779265454, 0.8060898989898989], [null, 0.09325394477977378, 0.8176040404040402], [null, 0.08961006335718547, 0.8291181818181816], [null, 0.08422156086643116, 0.8406323232323231]]}