{"dim": 3, "delta": 0.75, "mu": 5.906055070328385, "dmu": 0.8, "g": -0.35316806390657185, "k_c": 50, "data": [[0.2711660410917575, 0.2850937075546614, 0.0001], [0.2720936160930312, 0.2843227971224914, 0.016260606060606062], [0.27627922838721425, 0.28059860171663487, 0.03242121212121213], [0.02834263980323676, 0.06765660057579213, 0.7273272727272728], [0.014512649004728123, 0.07926246295751346, 0.7434878787878789], [null, 0.08622182122206042, 0.7596484848484849], [null, 0.09115019220330088, 0.775809090909091], [null, 0.09484807070774016, 0.7919696969696971], [null, 0.09769067955454284, 0.8081303030303031], [null, 0.09988926006793539, 0.8242909090909092], [null, 0.10157561120698219, 0.8404515151515153], [null, 0.10283727004809541, 0.8566121212121213], [null, 0.10373451907345849, 0.8727727272727274], [null, 0.10430952016210672, 0.8889333333333335], [null, 0.10459129788226897, 0.9050939393939395], [null, 0.10459877078709869, 0.9212545454545455], [null, 0.10434218519781842, 0.9374151515151516], [null, 0.1038235469235258, 0.9535757575757577], [null, 0.10303596761658765, 0.9697363636363637], [null, 0.10196157777040074, 0.9858969696969698], [null, 0.10056699821425757, 1.0020575757575758], [null, 0.09879376011626582, 1.018218181818182], [null, 0.09653615221111292, 1.034378787878788], [null, 0.09357925077921476, 1.050539393939394], [null, 0.08934352616465872, 1.0667000000000002]]}