{"dim": 3, "delta": 0.934, "mu": 5.906055070328385, "dmu": 0.6, "g": -0.3500447246828746, "k_c": 50, "data": [[0.169908469899279, 0.3044674149691154, 0.0001], [0.1696299983546053, 0.30444381098223716, 0.01222020202020202], [0.16868268631498137, 0.3043736728486682, 0.02434040404040404], [0.167617919074509, 0.30425672979858204, 0.03646060606060607], [0.16661679903104887, 0.3040925248076054, 0.048580808080808086], [0.16563663581253615, 0.30388040664379207, 0.0607010101010101], [0.16465506412734945, 0.3036195171311081, 0.07282121212121213], [0.1636577029896601, 0.3033087736465774, 0.08494141414141415], [0.16263372417184604, 0.30294684670770583, 0.09706161616161617], [0.16157393668821704, 0.30253213037304444, 0.10918181818181819], [0.16046975608293557, 0.3020627046487834, 0.1213020202020202], [0.1593125689336209, 0.3015362871972753, 0.13342222222222222], [0.15809327030187525, 0.30095017165644267, 0.14554242424242425], [0.1568018710658216, 0.30030114743432523, 0.15766262626262625], [0.1554271187717237, 0.29958539523711947, 0.16978282828282829], [0.15395609676790664, 0.2987983489879795, 0.1819030303030303], [0.15237377630157206, 0.2979345088801442, 0.19402323232323232], [0.15066250266679515, 0.2969871863477207, 0.20614343434343435], [0.1488014032543073, 0.2959481441847792, 0.21826363636363635], [0.14676571743478198, 0.29480707681870066, 0.23038383838383839], [0.1445260683303745, 0.2935508322727113, 0.2425040404040404], [0.14204774066744388, 0.29216219748169286, 0.2546242424242424], [0.13929009793813352, 0.29061790284869055, 0.26674444444444445], [0.13620638824857587, 0.2888851121666424, 0.2788646464646465], [0.1327443681664769, 0.2869146707707048, 0.2909848484848485], [0.1288483467439651, 0.2846263813300204, 0.3031050505050505], [0.1244634297220397, 0.28186993029604707, 0.3152252525252525], [0.1195425540409544, 0.27827576079561306, 0.32734545454545455], [0.11405623989238868, 0.2704069915782534, 0.3394656565656566], [0.10800349453241496, 0.2557546747840425, 0.3515858585858586], [0.10142061956686738, 0.24303049527648335, 0.3637060606060606], [0.09438398498902344, 0.2320749244700151, 0.3758262626262626], [0.08700447683177849, 0.22269979611288448, 0.38794646464646465], [0.07941485390171674, 0.21470068907339881, 0.4000666666666667], [0.07175427223180626, 0.2078721406243703, 0.4121868686868687], [0.06415468293688512, 0.20202098914773625, 0.4243070707070707], [0.056731879243276974, 0.1969750723089808, 0.4364272727272727], [0.04958153072237065, 0.1925869467021247, 0.44854747474747475], [0.04277902254341517, 0.18873383200634583, 0.4606676767676768], [0.0362227637838817, 0.1853153055951572, 0.4727878787878788], [0.027458684739228748, 0.18225009615422286, 0.4849080808080808], [0.012676792953410985, 0.1794727344523076, 0.4970282828282828], [null, 0.17693050407722571, 0.5091484848484849], [null, 0.17458091086012387, 0.5212686868686869], [null, 0.17238938882879423, 0.5333888888888889], [null, 0.17032780126610106, 0.5455090909090909], [null, 0.16837299642477205, 0.557629292929293], [null, 0.1665057795436398, 0.569749494949495], [null, 0.16471009094612857, 0.581869696969697], [null, 0.16297235815854386, 0.593989898989899], [null, 0.16128098892531958, 0.606110101010101], [null, 0.15962596597232498, 0.618230303030303], [null, 0.15799852298864378, 0.630350505050505], [null, 0.15639088289774328, 0.6424707070707071], [null, 0.1547960422726853, 0.6545909090909091], [null, 0.15320759043170007, 0.6667111111111111], [null, 0.15161955570395716, 0.6788313131313132], [null, 0.15002626881616876, 0.6909515151515152], [null, 0.14842223817342767, 0.7030717171717172], [null, 0.14680203115592927, 0.7151919191919192], [null, 0.14516015492057244, 0.7273121212121212], [null, 0.14349093049998887, 0.7394323232323232], [null, 0.14178835301921447, 0.7515525252525252], [null, 0.14004592708205718, 0.7636727272727273], [null, 0.13825646934307045, 0.7757929292929293], [null, 0.1364118477970781, 0.7879131313131313], [null, 0.1345026352701551, 0.8000333333333334], [null, 0.13251770001663007, 0.8121535353535354], [null, 0.13044338736279174, 0.8242737373737374], [null, 0.1282626861719131, 0.8363939393939395], [null, 0.12595355618125686, 0.8485141414141414], [null, 0.12348635559146963, 0.8606343434343434], [null, 0.12081923095620492, 0.8727545454545454], [null, 0.1178891570712321, 0.8848747474747475], [null, 0.11459213180342852, 0.8969949494949495], [null, 0.11072986026379089, 0.9091151515151515], [null, 0.10580373408955651, 0.9212353535353536], [null, 0.06546520108376906, 0.9333555555555556]]}