{"dim": 3, "delta": 0.75, "mu": 5.906055070328385, "dmu": 0.9, "g": -0.3588853442677627, "k_c": 50, "data": [[0.25652705683301225, 0.44642201485565, 0.0001], [0.25604478855916735, 0.4463853712554283, 0.01828080808080808], [0.25455144243129224, 0.4462760772783414, 0.03646161616161617], [0.25312499677444594, 0.44609365734356726, 0.05464242424242425], [0.2517799015510046, 0.4458373077077876, 0.07282323232323233], [0.2504595677966369, 0.4455058800077114, 0.0910040404040404], [0.249134221148181, 0.4450978560245415, 0.1091848484848485], [0.2477844970664206, 0.44461131301427775, 0.12736565656565657], [0.2463956381814646, 0.4440438779377578, 0.14554646464646465], [0.24495490144215404, 0.44339266678962547, 0.16372727272727272], [0.24345016693377922, 0.44265420832170854, 0.1819080808080808], [0.2418690497164256, 0.44182433972435897, 0.2000888888888889], [0.24019822226769563, 0.44089807826108396, 0.21826969696969697], [0.23842280819986106, 0.4398694422370027, 0.23645050505050505], [0.23652576284299145, 0.4387312201879071, 0.25463131313131315], [0.2344871863447976, 0.43747465081103487, 0.27281212121212123], [0.23228352189715556, 0.4360889799243441, 0.2909929292929293], [0.22988660884068274, 0.43456082831377973, 0.3091737373737374], [0.22726248649815478, 0.4328732605928997, 0.32735454545454545], [0.22437014552782358, 0.43100436347606813, 0.34553535353535353], [0.22115989437386185, 0.4289249671807971, 0.3637161616161616], [0.21757181314839347, 0.42659477673031343, 0.38189696969696973], [0.21353429073309452, 0.4239552689922635, 0.4000777777777778], [0.20896345092411217, 0.42091519805706884, 0.4182585858585859], [0.2037641244922466, 0.41731602292482084, 0.43643939393939396], [0.19783420478334027, 0.4128249160074802, 0.45462020202020204], [0.19107395048409986, 0.4063296784128292, 0.4728010101010101], [0.18340162214094577, 0.38730026884380825, 0.4909818181818182], [0.17477438379050664, 0.3673017473662546, 0.5091626262626263], [0.16520943896506415, 0.34988040462262066, 0.5273434343434343], [0.15479679510069386, 0.33488347549837805, 0.5455242424242425], [0.14369606329044501, 0.3220906925215131, 0.5637050505050505], [0.13211661526625376, 0.3112341298918277, 0.5818858585858586], [0.12028874798846378, 0.3020270977484759, 0.6000666666666667], [0.10843641225313258, 0.29419149073623235, 0.6182474747474748], [0.09675855545470041, 0.28747653818810853, 0.6364282828282829], [0.08542045320231673, 0.2816675698029791, 0.6546090909090909], [0.07455270515297467, 0.2765871215000978, 0.672789898989899], [0.06425464018541509, 0.2720916353906831, 0.6909707070707071], [0.05436030543145776, 0.26806635734290757, 0.7091515151515152], [0.04109761111829097, 0.2644200032621032, 0.7273323232323232], [0.018465133265970813, 0.2610799575919946, 0.7455131313131313], [null, 0.257988257809734, 0.7636939393939395], [null, 0.25509837151682, 0.7818747474747475], [null, 0.25237266589223384, 0.8000555555555556], [null, 0.24978044730429766, 0.8182363636363637], [null, 0.2472964448183418, 0.8364171717171718], [null, 0.24489964126710775, 0.8545979797979798], [null, 0.24257236644422825, 0.8727787878787879], [null, 0.24029959195069256, 0.8909595959595961], [null, 0.2380683754704966, 0.9091404040404041], [null, 0.23586742323174267, 0.9273212121212122], [null, 0.23368673669449333, 0.9455020202020202], [null, 0.23151732637569, 0.9636828282828284], [null, 0.22935097423810838, 0.9818636363636364], [null, 0.22718003258088731, 1.0000444444444445], [null, 0.22499724870051233, 1.0182252525252526], [null, 0.22279560700822904, 1.0364060606060608], [null, 0.22056818056636754, 1.0545868686868687], [null, 0.21830798530220485, 1.0727676767676768], [null, 0.21600782909828103, 1.090948484848485], [null, 0.21366014831841348, 1.109129292929293], [null, 0.21125682044192218, 1.127310101010101], [null, 0.2087889407562194, 1.1454909090909091], [null, 0.20624654541829004, 1.1636717171717172], [null, 0.203618252768281, 1.1818525252525254], [null, 0.20089077675483838, 1.2000333333333335], [null, 0.1980483079969521, 1.2182141414141414], [null, 0.19507148096752006, 1.2363949494949495], [null, 0.19193604797276395, 1.2545757575757577], [null, 0.18861063829152805, 1.2727565656565658], [null, 0.18505315362067623, 1.2909373737373737], [null, 0.1812044156948415, 1.3091181818181818], [null, 0.1769759653932633, 1.32729898989899], [null, 0.17222356766481717, 1.345479797979798], [null, 0.16667787043380686, 1.3636606060606062], [null, 0.15969148714052553, 1.3818414141414141], [null, 0.1474722614065139, 1.4000222222222223]]}