{"dim": 3, "delta": 1.5, "mu": 5.906055070328385, "dmu": 2.5, "g": -0.3868887336439033, "k_c": 50, "data": [[0.613116291873277, 1.2736177194975382, 0.0001], [0.6125099340789091, 1.273547220934806, 0.05060404040404041], [0.6106996839746982, 1.2733360243597514, 0.10110808080808081], [0.6076974961220888, 1.2729834248833236, 0.1516121212121212], [0.6035228217192046, 1.2724882068650638, 0.2021161616161616], [0.5982019312565546, 1.2718486471544526, 0.252620202020202], [0.5917669988351999, 1.271062480718682, 0.3031242424242424], [0.5842549669713648, 1.2701268604211775, 0.35362828282828285], [0.5757062109312037, 1.2690383043560465, 0.40413232323232323], [0.566163005581092, 1.2677926304756582, 0.4546363636363636], [0.5556677870685888, 1.2663848673293345, 0.5051404040404041], [0.5442611857243476, 1.2648091508624009, 0.5556444444444445], [0.5319798027760102, 1.2630585856237233, 0.6061484848484848], [0.5188537172976112, 1.261125072005009, 0.6566525252525253], [0.5049037512429516, 1.2589990835099856, 0.7071565656565657], [0.49013857334532956, 1.256669378063612, 0.757660606060606], [0.4745517535113839, 1.2541226181984328, 0.8081646464646465], [0.4581188229529979, 1.2513428630406558, 0.8586686868686869], [0.44079421457584217, 1.2483108755901104, 0.9091727272727272], [0.42250766461614087, 1.2450031535130759, 0.9596767676767677], [0.4031592653545363, 1.2413905362620021, 1.0101808080808081], [0.38261195067366294, 1.2374361324530725, 1.0606848484848486], [0.36067930132415565, 1.233092091927354, 1.111188888888889], [0.33710517134940365, 1.2282943194628682, 1.1616929292929292], [0.3115280597569656, 1.222953146926604, 1.2121969696969697], [0.2834147500193726, 1.2169352470647887, 1.26270101010101], [0.2519244399305007, 1.2100231598803786, 1.3132050505050505], [0.2155880721705718, 1.201800586467436, 1.363709090909091], [0.17135513376069322, 1.1910898863479236, 1.4142131313131314], [0.11009228459824642, 1.1738045298362076, 1.4647171717171716], [null, 1.1565941287919608, 1.515221212121212], [null, 1.1402683474904145, 1.5657252525252525], [null, 1.1247668988917119, 1.616229292929293], [null, 1.110032266615936, 1.6667333333333334], [null, 1.0960102471603337, 1.7172373737373738], [null, 1.0826489601615568, 1.7677414141414143], [null, 1.0698998681999092, 1.8182454545454545], [null, 1.0577172080147816, 1.868749494949495], [null, 1.0460580301905047, 1.9192535353535354], [null, 1.0348821024933028, 1.9697575757575758], [null, 1.0241518026502046, 2.0202616161616165], [null, 1.0138319862461627, 2.0707656565656567], [null, 1.0038898599189363, 2.1212696969696974], [null, 0.9942948379920064, 2.1717737373737376], [null, 0.985018400996211, 2.2222777777777782], [null, 0.9760339534537725, 2.2727818181818185], [null, 0.9673166837033985, 2.3232858585858587], [null, 0.9588434272119024, 2.3737898989898993], [null, 0.9505925344321138, 2.4242939393939396], [null, 0.942543744028137, 2.47479797979798], [null, 0.9346780617512522, 2.5253020202020204], [null, 0.9269776440604401, 2.575806060606061], [null, 0.919425690628204, 2.6263101010101013], [null, 0.9120063378567771, 2.6768141414141415], [null, 0.9047045609223482, 2.727318181818182], [null, 0.8975060792404913, 2.7778222222222224], [null, 0.8903972657914165, 2.828326262626263], [null, 0.883365060561498, 2.8788303030303033], [null, 0.876396885997444, 2.9293343434343435], [null, 0.8694805647812698, 2.979838383838384], [null, 0.8626042380734555, 3.0303424242424244], [null, 0.8557562841871944, 3.080846464646465], [null, 0.8489252355425441, 3.1313505050505053], [null, 0.8420996935475625, 3.181854545454546], [null, 0.8352682313099001, 3.232358585858586], [null, 0.8284193332355438, 3.2828626262626264], [null, 0.8215412208622509, 3.333366666666667], [null, 0.8146218069736832, 3.3838707070707073], [null, 0.8076485304236259, 3.434374747474748], [null, 0.8006082117632269, 3.484878787878788], [null, 0.7934868847086226, 3.535382828282829], [null, 0.7862695740462664, 3.585886868686869], [null, 0.7789400560320446, 3.6363909090909092], [null, 0.771480542215541, 3.68689494949495], [null, 0.763871289834498, 3.73739898989899], [null, 0.756090107308121, 3.7879030303030308], [null, 0.7481117100219378, 3.838407070707071], [null, 0.7399068678733737, 3.888911111111111], [null, 0.7314412510359437, 3.939415151515152], [null, 0.7226738276299697, 3.989919191919192], [null, 0.7135545757563992, 4.040423232323232], [null, 0.7040211052790862, 4.0909272727272725], [null, 0.6939934677999585, 4.141431313131313], [null, 0.6833657849032828, 4.191935353535354], [null, 0.6719918891398469, 4.242439393939394], [null, 0.6596586380045545, 4.292943434343434], [null, 0.6460305388314651, 4.3434474747474745], [null, 0.6305144369866617, 4.393951515151515], [null, 0.6118233754896012, 4.444455555555556], [null, 0.5851948228759501, 4.494959595959596], [null, 0.49122706742989913, 4.545463636363636], [null, 0.3560910425310838, 4.5959676767676765], [null, 0.11107390846199808, 4.646471717171717]]}