{"dim": 3, "delta": 0.5, "mu": 5.906055070328385, "dmu": 2, "g": -0.3836042150233743, "k_c": 50, "data": [[0.20530450499837943, null, 0.0001], [0.2045901120371504, null, 0.040503030303030305], [0.20244241485318884, null, 0.0809060606060606], [0.19882550897924703, null, 0.12130909090909091], [0.19367486892900043, null, 0.1617121212121212], [0.18688897592952092, null, 0.2021151515151515], [0.17831432808034775, null, 0.2425181818181818], [0.1677183426326419, null, 0.28292121212121213], [0.167718342632878, null, 0.28292121212121213], [0.15473738590963412, null, 0.3233242424242424], [0.15473738590978878, null, 0.3233242424242424], [0.13876630788156163, null, 0.3637272727272727], [0.13876630788155625, null, 0.3637272727272727], [0.11868223526626326, null, 0.404130303030303], [0.09193232341117612, null, 0.44453333333333334], [0.048731534113884076, null, 0.4849363636363636], [0.40787148314044763, null, 4.0]]}