{"dim": 3, "delta": 1, "mu": 5.906055070328385, "dmu": 1.5, "g": -0.37346369010375874, "k_c": 50, "data": [[0.36848283513330266, 0.8253698284633257, 0.0001], [0.3681707580744694, 0.825330696926524, 0.0304020202020202], [0.36723998702219995, 0.825213724281638, 0.060704040404040406], [0.3656945929521808, 0.825018635908151, 0.0910060606060606], [0.36354129444710165, 0.824744971247332, 0.12130808080808081], [0.36078936982299015, 0.8243920784036003, 0.151610101010101], [0.35745053786181336, 0.8239591065333027, 0.1819121212121212], [0.3535388115731937, 0.8234449957488491, 0.2122141414141414], [0.34907032705102364, 0.8228484641801753, 0.2425161616161616], [0.34406316741627774, 0.822167988059758, 0.2728181818181818], [0.3385371409481667, 0.8214018008262312, 0.303120202020202], [0.33251359303217404, 0.8205478310494121, 0.33342222222222223], [0.326015177631241, 0.81960371075608, 0.3637242424242424], [0.3190656298762858, 0.8185667213970323, 0.3940262626262626], [0.3116895057134924, 0.8174337533023981, 0.42432828282828283], [0.30391182488712526, 0.8162012487255571, 0.454630303030303], [0.29575738626265213, 0.8148651611085223, 0.4849323232323232], [0.28724894063735124, 0.8134208262640059, 0.5152343434343434], [0.278402037774368, 0.8118629116160927, 0.5455363636363636], [0.2692158011750069, 0.810185266559144, 0.5758383838383838], [0.25966843568822906, 0.8083807684733351, 0.606140404040404], [0.2497219040393024, 0.8064411176936161, 0.6364424242424243], [0.239325900608988, 0.8043565694678221, 0.6667444444444445], [0.22841737760015682, 0.8021155773860198, 0.6970464646464646], [0.21691705515919743, 0.7997043092259836, 0.7273484848484848], [0.20472322671957593, 0.7971059728816731, 0.757650505050505], [0.19170165125882313, 0.7942998520791106, 0.7879525252525252], [0.1776685348142542, 0.7912598790770441, 0.8182545454545455], [0.16235996045929765, 0.787952432352843, 0.8485565656565657], [0.14537171819671219, 0.7843327590556761, 0.8788585858585858], [0.12602449959237427, 0.7803387620019402, 0.909160606060606], [0.10299539166680201, 0.7758792000032801, 0.9394626262626262], [0.07287106094380671, 0.7708082139148941, 0.9697646464646464], [null, 0.7648579291745194, 1.0000666666666667], [null, 0.7573713988190682, 1.0303686868686868], [null, 0.7446564839395073, 1.060670707070707], [null, 0.7299558218072466, 1.0909727272727272], [null, 0.7160795644847352, 1.1212747474747475], [null, 0.7029699950600851, 1.1515767676767676], [null, 0.690571822063908, 1.1818787878787878], [null, 0.6788323793242851, 1.212180808080808], [null, 0.6677017630802115, 1.2424828282828282], [null, 0.6571328980138906, 1.2727848484848485], [null, 0.6470815540632641, 1.3030868686868686], [null, 0.6375063083100321, 1.333388888888889], [null, 0.6283684755839292, 1.363690909090909], [null, 0.6196320041399236, 1.3939929292929292], [null, 0.6112633514327978, 1.4242949494949495], [null, 0.6032313443491332, 1.4545969696969696], [null, 0.5955070297270838, 1.48489898989899], [null, 0.5880635201142954, 1.51520101010101], [null, 0.5808758382172409, 1.5455030303030304], [null, 0.5739207628568501, 1.5758050505050505], [null, 0.5671766783406913, 1.6061070707070706], [null, 0.5606234328602123, 1.636409090909091], [null, 0.5542421764874395, 1.666711111111111], [null, 0.548015269076013, 1.6970131313131314], [null, 0.5419261115927005, 1.7273151515151515], [null, 0.5359590369353358, 1.7576171717171716], [null, 0.5300991930506668, 1.787919191919192], [null, 0.5243324251682653, 1.818221212121212], [null, 0.5186451638763687, 1.8485232323232323], [null, 0.5130243091577793, 1.8788252525252525], [null, 0.5074571283075816, 1.9091272727272728], [null, 0.5019311304379201, 1.939429292929293], [null, 0.496433954009307, 1.969731313131313], [null, 0.49095323747909275, 2.0000333333333336], [null, 0.4854764809987986, 2.030335353535354], [null, 0.4799908905179669, 2.0606373737373738], [null, 0.4744831999930753, 2.090939393939394], [null, 0.46893946128220454, 2.1212414141414144], [null, 0.4633447911465525, 2.1515434343434343], [null, 0.45768305858664604, 2.1818454545454546], [null, 0.45193648916439755, 2.212147474747475], [null, 0.44608515200572646, 2.2424494949494953], [null, 0.4401062778577776, 2.272751515151515], [null, 0.43397332813384343, 2.3030535353535355], [null, 0.4276546865773704, 2.333355555555556], [null, 0.42111175922520144, 2.3636575757575757], [null, 0.41429610816638257, 2.393959595959596], [null, 0.4071449268027006, 2.4242616161616164], [null, 0.3995734856862035, 2.4545636363636367], [null, 0.39146158412914794, 2.4848656565656566], [null, 0.3826268211436321, 2.515167676767677], [null, 0.3727641898155711, 2.5454696969696973], [null, 0.36127714543677847, 2.575771717171717], [null, 0.34656498182792617, 2.6060737373737375], [null, 0.286738765500272, 2.636375757575758]]}