{"dim": 3, "delta": 2, "mu": 5.906055070328385, "dmu": 2.1, "g": -0.3743562366066844, "k_c": 50, "data": [[0.06709054730378035, 0.11287670280498825, 1.951568686868687], [0.02073498329176111, 0.1543806972768077, 1.9939919191919193], [null, 0.17501277999752837, 2.036415151515152], [null, 0.18929469879305658, 2.0788383838383844], [null, 0.18929469879255506, 2.0788383838383844], [null, 0.2000036070266116, 2.1212616161616165], [null, 0.20000360702691516, 2.1212616161616165], [null, 0.2082985981739094, 2.163684848484849], [null, 0.21479500753462802, 2.206108080808081], [null, 0.2198621112380752, 2.2485313131313136], [null, 0.2237370402642816, 2.290954545454546], [null, 0.2265767331266759, 2.333377777777778], [null, 0.22848405312815606, 2.3758010101010107], [null, 0.22952116996898908, 2.418224242424243], [null, 0.22971536262785383, 2.4606474747474754], [null, 0.22905883947849262, 2.5030707070707074], [null, 0.22750156639132485, 2.54549393939394], [null, 0.22493211894230575, 2.587917171717172], [null, 0.2211309761630807, 2.6303404040404046], [null, 0.21564025255285219, 2.6727636363636367], [null, 0.2072499966000337, 2.715186868686869], [null, 0.15259272791603365, 2.7576101010101017]]}