{"dim": 3, "delta": 3.5, "mu": 5.906055070328385, "dmu": 3.6, "g": -0.38605213568354974, "k_c": 50, "data": [[0.026217262715580256, 0.14712436103725407, 3.490960606060606], [null, 0.19040121795322545, 3.563686868686869], [null, 0.2174532168041765, 3.6364131313131316], [null, 0.23712055107057928, 3.709139393939394], [null, 0.23712055107024338, 3.709139393939394], [null, 0.2521078110991811, 3.7818656565656568], [null, 0.2521078110995947, 3.7818656565656568], [null, 0.26367549550831354, 3.854591919191919], [null, 0.26367549550848984, 3.854591919191919], [null, 0.2725133969954061, 3.927318181818182], [null, 0.27901913222641855, 4.000044444444445], [null, 0.283406235242417, 4.072770707070707], [null, 0.28574134341993135, 4.1454969696969695], [null, 0.28593212592377576, 4.218223232323232], [null, 0.2836408676940856, 4.290949494949495], [null, 0.2779721852554424, 4.363675757575757], [null, 0.2657396401629672, 4.43640202020202], [null, 0.26573964016292406, 4.43640202020202]]}