{"dim": 3, "delta": 3, "mu": 5.906055070328385, "dmu": 5, "g": -0.40489976263610494, "k_c": 50, "data": [[1.207327131857995, 1.252467317531855, 1.9192727272727272], [1.069769257749836, 1.3381321323549993, 2.0202818181818185], [0.9883342459589685, 1.3687266690900661, 2.1212909090909093], [0.9192069316189407, 1.38802899425559, 2.2223], [0.856697619524656, 1.4017015485561597, 2.323309090909091], [0.7986187946709187, 1.4119133613107457, 2.424318181818182], [0.7376375116505237, 1.4197557039753175, 2.525327272727273], [0.6628004453142373, 1.4258622673934263, 2.626336363636364], [0.5724166938413187, 1.430635823361517, 2.7273454545454547], [0.458712082597199, 1.4343489097976638, 2.8283545454545456], [0.29698769690618065, 1.4371946450158588, 2.9293636363636364], [null, 1.4393148025133686, 3.0303727272727277], [null, 1.4408164189080979, 3.1313818181818185], [null, 1.4417821566835476, 3.2323909090909093], [null, 1.442277053423805, 3.3334], [null, 1.4423530755612406, 3.434409090909091], [null, 1.4420522825225575, 3.5354181818181822], [null, 1.4414090833474977, 3.636427272727273], [null, 1.4404518751800983, 3.737436363636364], [null, 1.4392042642833502, 3.8384454545454547], [null, 1.437685982570042, 3.9394545454545455], [null, 1.435913589827933, 4.040463636363636], [null, 1.4339010170469566, 4.141472727272727], [null, 1.4316599915470902, 4.242481818181818], [null, 1.429200372390165, 4.343490909090909], [null, 1.42653041710421, 4.4445], [null, 1.4236569950536182, 4.545509090909091], [null, 1.4205857598016836, 4.646518181818181], [null, 1.4173212848833692, 4.747527272727273], [null, 1.413867174483251, 4.848536363636363], [null, 1.4102261531817295, 4.949545454545454], [null, 1.4064001345737214, 5.0505545454545455], [null, 1.4023902751362627, 5.151563636363636], [null, 1.3981970146786329, 5.252572727272727], [null, 1.3938201044390803, 5.3535818181818176], [null, 1.3892586244225957, 5.454590909090909], [null, 1.3845109904683766, 5.5556], [null, 1.3795749515029918, 5.6566090909090905], [null, 1.374447555386807, 5.757618181818182], [null, 1.3691252345386136, 5.858627272727272], [null, 1.36360355640959, 5.959636363636363], [null, 1.3578773951290941, 6.060645454545455], [null, 1.3519407656227642, 6.161654545454545], [null, 1.3457867728579533, 6.262663636363636], [null, 1.3394075218925618, 6.363672727272727], [null, 1.3327940078572866, 6.464681818181818], [null, 1.3259359806212179, 6.565690909090909], [null, 1.3188217790687347, 6.6667], [null, 1.3114381279313236, 6.767709090909091], [null, 1.3037698862626323, 6.868718181818181], [null, 1.2957997352219672, 6.9697272727272725], [null, 1.2875077865974451, 7.070736363636364], [null, 1.2788710870514308, 7.171745454545454], [null, 1.2698629830307133, 7.2727545454545455], [null, 1.2604522955561872, 7.373763636363636], [null, 1.250602231352611, 7.474772727272727], [null, 1.2402689188531175, 7.575781818181818], [null, 1.2402689188531644, 7.575781818181818], [null, 1.2293993978502735, 7.676790909090909], [null, 1.2293993978502915, 7.676790909090909], [null, 1.2179287888578598, 7.7778], [null, 1.217928788857874, 7.7778], [null, 1.205776187931637, 7.87880909090909], [null, 1.2057761879316322, 7.87880909090909], [null, 1.1928384975694792, 7.979818181818182], [null, 1.1928384975695518, 7.979818181818182], [null, 1.1789807472569598, 8.080827272727273], [null, 1.1789807472570937, 8.080827272727273], [null, 1.1640200493133896, 8.181836363636364], [null, 1.1640200493136126, 8.181836363636364], [null, 1.1476970868592702, 8.282845454545454], [null, 1.1476970868592231, 8.282845454545454], [null, 1.1296203867128283, 8.383854545454545], [null, 1.1296203867125274, 8.383854545454545], [null, 1.1091415348868812, 8.484863636363636], [null, 1.0850076480107202, 8.585872727272728], [null, 1.0538530803811126, 8.686881818181819], [null, 0.9902971466318587, 8.787890909090908], [null, 0.9042698068196304, 8.8889], [null, 0.8089506782975684, 8.98990909090909], [null, 0.7005596342052469, 9.090918181818182], [null, 0.5717123515836866, 9.191927272727273], [null, 0.4032593173430296, 9.292936363636363]]}