{"dim": 3, "delta": 1.5, "mu": 5.906055070328385, "dmu": 1.65, "g": -0.37064327082696885, "k_c": 50, "data": [[0.5265572675023585, 0.6214229208916342, 0.0001], [0.5273284147336477, 0.6210685546862557, 0.03343232323232323], [0.5296473425228517, 0.6199838909576211, 0.06676464646464646], [0.5335645681321516, 0.6180825896048451, 0.10009696969696968], [0.5391949365597712, 0.6151815315488712, 0.1334292929292929], [0.5468149406322549, 0.6108922979992443, 0.1667616161616161], [0.5572793417388587, 0.6041992091553392, 0.20009393939393935], [0.5772538113275322, 0.5882476750395624, 0.2334262626262626], [0.11914474632894743, 0.18317511561317504, 1.4000575757575755], [0.07821854174986796, 0.21356017839341526, 1.4333898989898988], [0.053547056812378556, 0.2293267479871399, 1.466722222222222], [null, 0.24003110501867628, 1.5000545454545453], [null, 0.2479058082447906, 1.5333868686868684], [null, 0.25391099217096685, 1.5667191919191916], [null, 0.25856277377669923, 1.600051515151515], [null, 0.26217469219162376, 1.6333838383838382], [null, 0.26495248242774333, 1.6667161616161614], [null, 0.26703831221531665, 1.7000484848484845], [null, 0.2685339465260961, 1.7333808080808077], [null, 0.26951390708008954, 1.766713131313131], [null, 0.27003340004242127, 1.8000454545454543], [null, 0.27013328963200633, 1.8333777777777776], [null, 0.26984328757206705, 1.8667101010101008], [null, 0.26918398892776346, 1.9000424242424239], [null, 0.26816810311406347, 1.9333747474747471], [null, 0.2668010581962715, 1.9667070707070704], [null, 0.2650810457559709, 2.0000393939393937], [null, 0.2629984712437791, 2.033371717171717], [null, 0.2605346548514849, 2.06670404040404], [null, 0.25765943714081124, 2.1000363636363635], [null, 0.25432698465876646, 2.1333686868686867], [null, 0.25046831939806813, 2.16670101010101], [null, 0.24597722879018552, 2.2000333333333333], [null, 0.24068100127391026, 2.2333656565656566], [null, 0.2342697201950033, 2.26669797979798], [null, 0.22607562321843563, 2.300030303030303], [null, 0.2138522560325271, 2.333362626262626]]}