{"dim": 3, "delta": 1, "mu": 5.906055070328385, "dmu": 1.2, "g": -0.36540681620828314, "k_c": 50, "data": [[0.34493444383059574, 0.5787663981108025, 0.0001], [0.34406710024781817, 0.5787145864439296, 0.024341414141414136], [0.34224721942728187, 0.5785597366030079, 0.048582828282828276], [0.34067617073452977, 0.57830105792749, 0.07282424242424242], [0.3391896992312561, 0.5779372122205481, 0.09706565656565655], [0.337726673200085, 0.577466275645597, 0.12130707070707068], [0.3362548029760209, 0.5768857141099779, 0.14554848484848482], [0.3347529103653574, 0.5761922640741279, 0.16978989898989894], [0.3332046332945415, 0.575381890541594, 0.19403131313131308], [0.33159558364119013, 0.5744496381896385, 0.21827272727272723], [0.32991178197619186, 0.5733894743432572, 0.24251414141414135], [0.3281386093898414, 0.572194070435119, 0.26675555555555547], [0.32625995116295003, 0.5708545111179303, 0.29099696969696964], [0.3242573650481649, 0.56935989497806, 0.31523838383838376], [0.3221091644770053, 0.5676967796254223, 0.3394797979797979], [0.3197893238684652, 0.5658483904710278, 0.36372121212121206], [0.3172661151021986, 0.5637934579414879, 0.3879626262626262], [0.31450036579998436, 0.561504445848259, 0.4122040404040403], [0.31144322545945086, 0.5589447258083204, 0.43644545454545447], [0.308033318151061, 0.5560638033357795, 0.4606868686868686], [0.30419320238837927, 0.5527886224073798, 0.4849282828282827], [0.2998252001762512, 0.5490060106811698, 0.5091696969696968], [0.29480701982469204, 0.5445215636001576, 0.533411111111111], [0.2889883743083994, 0.538936243310513, 0.5576525252525252], [0.2821912112195205, 0.5310132922970873, 0.5818939393939393], [0.27421818100316814, 0.5076259174143068, 0.6061353535353534], [0.2648754167044382, 0.48051713631720167, 0.6303767676767675], [0.2540134509186292, 0.45664820518461074, 0.6546181818181817], [0.24158008213993948, 0.4360333010725099, 0.6788595959595958], [0.22766358755880198, 0.41854751387076083, 0.70310101010101], [0.21249900542086575, 0.40392009318628325, 0.7273424242424241], [0.1964285985440603, 0.3917736582784022, 0.7515838383838382], [0.1798369981953966, 0.38168884677251574, 0.7758252525252524], [0.16309231769497742, 0.3732630903789935, 0.8000666666666665], [0.14651104665188228, 0.36614570303319366, 0.8243080808080806], [0.13034643203175575, 0.3600495470911705, 0.8485494949494947], [0.11479162254718468, 0.3547479980802765, 0.872790909090909], [0.09998917631897616, 0.3500655966934233, 0.8970323232323231], [0.08604180815235717, 0.34586750330551824, 0.9212737373737372], [0.0727730724153612, 0.34205007786476926, 0.9455151515151513], [0.05507831458832832, 0.33853327117797216, 0.9697565656565654], [0.024792743511579774, 0.33525474988831144, 0.9939979797979795], [null, 0.3321654998699322, 1.0182393939393937], [null, 0.32922655440143833, 1.042480808080808], [null, 0.32640656794315454, 1.066722222222222], [null, 0.3236800131254939, 1.0909636363636361], [null, 0.3210258322032455, 1.1152050505050504], [null, 0.31842641981881603, 1.1394464646464644], [null, 0.3158668501315106, 1.1636878787878786], [null, 0.31333428009733527, 1.1879292929292926], [null, 0.3108174847131532, 1.2121707070707068], [null, 0.30830649151030803, 1.2364121212121209], [null, 0.3057922824804134, 1.260653535353535], [null, 0.3032665524790489, 1.2848949494949493], [null, 0.3007215050259947, 1.3091363636363633], [null, 0.2981496744505076, 1.3333777777777776], [null, 0.29554376630579704, 1.3576191919191916], [null, 0.29289650772747416, 1.3818606060606058], [null, 0.2902005003996352, 1.40610202020202], [null, 0.28744806863650446, 1.430343434343434], [null, 0.28463109551305404, 1.4545848484848483], [null, 0.2817408364571048, 1.4788262626262623], [null, 0.27876769970384746, 1.5030676767676765], [null, 0.27570097704221996, 1.5273090909090905], [null, 0.27252850254761335, 1.5515505050505047], [null, 0.2692362072286663, 1.575791919191919], [null, 0.2658075177701801, 1.600033333333333], [null, 0.26222252594235684, 1.6242747474747472], [null, 0.2584567892655225, 1.6485161616161612], [null, 0.254479556679966, 1.6727575757575754], [null, 0.2502510036056112, 1.6969989898989895], [null, 0.24571771226427627, 1.7212404040404037], [null, 0.24080476896919356, 1.745481818181818], [null, 0.23540072369679257, 1.769723232323232], [null, 0.22932532717191215, 1.7939646464646462], [null, 0.22224677047840366, 1.8182060606060602], [null, 0.21339129230598586, 1.8424474747474744], [null, 0.19904357528802372, 1.8666888888888886]]}