{"dim": 3, "delta": 1, "mu": 5.906055070328385, "dmu": 1.3, "g": -0.3685441322585326, "k_c": 50, "data": [[0.3548269621809683, 0.6720987125958721, 0.0001], [0.35445625826428406, 0.6720558510997379, 0.02636161616161616], [0.3533431874603593, 0.6719277729320378, 0.05262323232323232], [0.3514615795782828, 0.6717140536579173, 0.07888484848484849], [0.34871966536753324, 0.6714139776786967, 0.10514646464646464], [0.34501416417824426, 0.671026528437255, 0.13140808080808078], [0.34122919319330103, 0.67055037047755, 0.15766969696969696], [0.3373805690821218, 0.6699838263262722, 0.1839313131313131], [0.33342715506699766, 0.669324850487969, 0.21019292929292926], [0.3293353098921229, 0.6685709839912618, 0.23645454545454542], [0.32507520996829653, 0.6677193145017825, 0.26271616161616157], [0.3206188217131482, 0.6667664117723718, 0.2889777777777777], [0.3159387057426216, 0.6657082540214759, 0.31523939393939393], [0.3110072924178582, 0.6645401312199011, 0.3415010101010101], [0.3057964633703312, 0.6632565244370583, 0.36776262626262624], [0.3002773671726415, 0.6618509500075656, 0.3940242424242424], [0.29442044726733113, 0.660315756848921, 0.42028585858585854], [0.2881956897384312, 0.6586418596030555, 0.4465474747474747], [0.2815731159346215, 0.6568183805933435, 0.47280909090909085], [0.27452355277528395, 0.6548321598970478, 0.499070707070707], [0.26701971263194907, 0.6526670689184774, 0.5253323232323232], [0.2590375986759667, 0.6503030178126468, 0.5515939393939393], [0.2505582226528339, 0.6477144767800054, 0.5778555555555555], [0.2415695734595441, 0.644868169686033, 0.6041171717171716], [0.23206871567723558, 0.6417192845620393, 0.6303787878787879], [0.22206382826775578, 0.6382048133475994, 0.656640404040404], [0.21157594292577572, 0.6342307101995158, 0.6829020202020202], [0.2006401150890813, 0.6296436811373641, 0.7091636363636363], [0.18930579420977656, 0.6241549412720964, 0.7354252525252525], [0.17763624366265662, 0.6170307360301744, 0.7616868686868686], [0.16570699524501376, 0.6029845157843682, 0.7879484848484848], [0.1536034715213875, 0.5852985002587711, 0.8142101010101009], [0.14141804422523094, 0.5690856291592031, 0.8404717171717171], [0.12924678688336536, 0.5542287364877592, 0.8667333333333332], [0.11689534229698217, 0.5406105601891925, 0.8929949494949494], [0.10219701577124542, 0.5281163648309052, 0.9192565656565655], [0.08433948591511972, 0.5166361060097844, 0.9455181818181817], [0.06093080292158923, 0.5060660153958533, 0.9717797979797979], [0.016104711260481144, 0.49630964927076904, 0.998041414141414], [null, 0.4872784370469916, 1.0243030303030303], [null, 0.47889181136698833, 1.0505646464646463], [null, 0.4710770369806106, 1.0768262626262626], [null, 0.4637688246137943, 1.1030878787878786], [null, 0.45690880791098326, 1.1293494949494949], [null, 0.45044495446522775, 1.155611111111111], [null, 0.44433094569138515, 1.1818727272727272], [null, 0.4385255704285146, 1.2081343434343432], [null, 0.43299214294504373, 1.2343959595959595], [null, 0.42769796320824977, 1.2606575757575758], [null, 0.4226138226589292, 1.2869191919191918], [null, 0.4177135574369125, 1.313180808080808], [null, 0.4129736482319444, 1.339442424242424], [null, 0.40837286252657257, 1.3657040404040404], [null, 0.4038919367189307, 1.3919656565656564], [null, 0.3995132922004697, 1.4182272727272727], [null, 0.3952207820937268, 1.4444888888888887], [null, 0.3909994629226092, 1.470750505050505], [null, 0.38683538751362184, 1.497012121212121], [null, 0.3827154144688513, 1.5232737373737373], [null, 0.37862702987672286, 1.5495353535353533], [null, 0.3745581769869145, 1.5757969696969696], [null, 0.370497089133145, 1.6020585858585856], [null, 0.36643212090997, 1.628320202020202], [null, 0.36235157189866685, 1.654581818181818], [null, 0.3582434968523478, 1.6808434343434342], [null, 0.3540954859487783, 1.7071050505050505], [null, 0.3498944262140859, 1.7333666666666665], [null, 0.3456261914724003, 1.7596282828282828], [null, 0.3412752395719496, 1.7858898989898988], [null, 0.3368242942922854, 1.812151515151515], [null, 0.33225338628864637, 1.838413131313131], [null, 0.32753930542679055, 1.8646747474747474], [null, 0.3226542088837972, 1.8909363636363634], [null, 0.31756385385040675, 1.9171979797979797], [null, 0.3122248439377662, 1.9434595959595957], [null, 0.3065802121182846, 1.969721212121212], [null, 0.3005518849429463, 1.995982828282828], [null, 0.2940267762101729, 2.0222444444444445], [null, 0.28682823862269236, 2.0485060606060608], [null, 0.27864761460658366, 2.0747676767676766], [null, 0.26883234291475683, 2.101029292929293], [null, 0.2552341730103953, 2.127290909090909], [null, 0.07129553501700649, 2.1535525252525254]]}