{"dim": 3, "delta": 0.75, "mu": 5.906055070328385, "dmu": 1.0, "g": -0.3628026574867113, "k_c": 50, "data": [[0.2641239919930826, 0.5422667000496222, 0.0001], [0.26388607647684237, 0.5422368511388921, 0.0203010101010101], [0.26317656713107607, 0.5421478119796149, 0.040502020202020206], [0.26199376861864854, 0.5419993497136522, 0.06070303030303031], [0.2603330961016953, 0.541791073555128, 0.08090404040404041], [0.2581822869859288, 0.5415224296096249, 0.10110505050505052], [0.25550119379618735, 0.5411926940276598, 0.12130606060606061], [0.25218809510979984, 0.5408009627900108, 0.1415070707070707], [0.24872074447816667, 0.5403461398829356, 0.1617080808080808], [0.24515963233573476, 0.5398269214165315, 0.1819090909090909], [0.2414815811748451, 0.5392417764445161, 0.20211010101010102], [0.23766586169244014, 0.5385889225024593, 0.2223111111111111], [0.2336931408528712, 0.5378663005986855, 0.2425121212121212], [0.22954486927401485, 0.5370715313553208, 0.2627131313131313], [0.22520294253116835, 0.5362018795393177, 0.2829141414141414], [0.22064955504795278, 0.5352541954560156, 0.3031151515151515], [0.2158672099086136, 0.5342248489313554, 0.3233161616161616], [0.21083886740252566, 0.5331096435432638, 0.3435171717171717], [0.2055482319262009, 0.5319037102798546, 0.36371818181818183], [0.1999801778858983, 0.5306013691126625, 0.38391919191919194], [0.19412131789363432, 0.52919594948761, 0.40412020202020205], [0.18796070975858356, 0.5276795525629486, 0.4243212121212121], [0.1814906880338677, 0.5260427309102435, 0.4445222222222222], [0.17470778955227936, 0.5242740454838893, 0.4647232323232323], [0.16761372209135775, 0.5223594400314587, 0.4849242424242424], [0.16021630376971954, 0.5202813260264039, 0.5051252525252525], [0.15253028230433308, 0.5180171958224716, 0.5253262626262626], [0.14457793340045644, 0.5155374191140766, 0.5455272727272727], [0.13638934146577777, 0.512801530388393, 0.5657282828282828], [0.12800229047114559, 0.5097514741790334, 0.585929292929293], [0.11946172596817617, 0.5062979891158566, 0.606130303030303], [0.11081880721510078, 0.5022882925100157, 0.6263313131313132], [0.1019997856919237, 0.49740673693015164, 0.6465323232323232], [0.0919039528976798, 0.4905806635340781, 0.6667333333333333], [0.08023910004418505, 0.4770985381740077, 0.6869343434343435], [0.06632713121653966, 0.46408079446304557, 0.7071353535353535], [0.04834076561618424, 0.4520754838622807, 0.7273363636363637], [0.015968238464951833, 0.4409924474447197, 0.7475373737373737], [null, 0.43074614644777753, 0.7677383838383839], [null, 0.4212563423589667, 0.7879393939393939], [null, 0.41244850509731185, 0.8081404040404041], [null, 0.40425398026779813, 0.8283414141414142], [null, 0.3966099602927794, 0.8485424242424242], [null, 0.3894593076625371, 0.8687434343434344], [null, 0.3827502618629651, 0.8889444444444444], [null, 0.37643608931181805, 0.9091454545454546], [null, 0.3704746853623189, 0.9293464646464646], [null, 0.36482816441813626, 0.9495474747474748], [null, 0.35946245723198317, 0.9697484848484849], [null, 0.354346906980308, 0.9899494949494949], [null, 0.3494539180419108, 1.010150505050505], [null, 0.34475858519976305, 1.0303515151515152], [null, 0.3402384011278281, 1.0505525252525252], [null, 0.33587295004438067, 1.0707535353535353], [null, 0.3316436532469895, 1.0909545454545455], [null, 0.32753352790602863, 1.1111555555555557], [null, 0.3235269699172309, 1.1313565656565656], [null, 0.31960955822572173, 1.1515575757575758], [null, 0.3157678723803512, 1.171758585858586], [null, 0.3119893273062746, 1.1919595959595959], [null, 0.30826201482458304, 1.212160606060606], [null, 0.3045745528945173, 1.2323616161616162], [null, 0.30091594163364477, 1.2525626262626264], [null, 0.29727541487786846, 1.2727636363636363], [null, 0.2936422888484909, 1.2929646464646465], [null, 0.2900057998173983, 1.3131656565656566], [null, 0.2863549242490086, 1.3333666666666666], [null, 0.2826781721604799, 1.3535676767676768], [null, 0.2789633407047785, 1.373768686868687], [null, 0.2751972117403133, 1.393969696969697], [null, 0.2713651590584305, 1.414170707070707], [null, 0.2674506606429824, 1.4343717171717172], [null, 0.2634345750580757, 1.4545727272727274], [null, 0.2592941549546493, 1.4747737373737373], [null, 0.2550017008733815, 1.4949747474747475], [null, 0.25052229189188713, 1.5151757575757576], [null, 0.2458101740765566, 1.5353767676767678], [null, 0.24080373007445957, 1.5555777777777777], [null, 0.23541277429651386, 1.575778787878788], [null, 0.22949806960082442, 1.595979797979798], [null, 0.22281731605610833, 1.6161808080808082], [null, 0.21486277808876977, 1.6363818181818182], [null, 0.2040071640845534, 1.6565828282828283]]}