{"dim": 3, "delta": 0.5, "mu": 5.906055070328385, "dmu": 1, "g": -0.36550675230965557, "k_c": 50, "data": [[0.18272140937404258, 0.6285180879978732, 0.0001], [0.18253113492914133, 0.6284979181844149, 0.0203010101010101], [0.18196393785254822, 0.6284377776740708, 0.040502020202020206], [0.18101948438114057, 0.6283375869001754, 0.06070303030303031], [0.17969714534498515, 0.6281972129715333, 0.08090404040404041], [0.17799588262506583, 0.6280164686597188, 0.10110505050505052], [0.1759140835247762, 0.6277951112844911, 0.12130606060606061], [0.1734493352826483, 0.6275328411082168, 0.1415070707070707], [0.17059812832324786, 0.6272292992899883, 0.1617080808080808], [0.16735547181985816, 0.6268840654448684, 0.1819090909090909], [0.16371439750877192, 0.6264966547815911, 0.20211010101010102], [0.15966531643531745, 0.6260665146042722, 0.2223111111111111], [0.1551951760884976, 0.6255930203088986, 0.2425121212121212], [0.15028633571000805, 0.6250754706908705, 0.2627131313131313], [0.14491503299747988, 0.6245130824373065, 0.2829141414141414], [0.1390492313427809, 0.6239049838954515, 0.3031151515151515], [0.13264549271093287, 0.623250207664927, 0.3233161616161616], [0.12564424354101192, 0.622547682531834, 0.3435171717171717], [0.11796224480433207, 0.6217962228802304, 0.36371818181818183], [0.10947986459269515, 0.6209945181284817, 0.38391919191919194], [0.1000178569938494, 0.6201411190099295, 0.40412020202020205], [0.08929046395770653, 0.6192344223420017, 0.4243212121212121], [0.08929046395767685, 0.6192344223420553, 0.4243212121212121], [0.0767960481369988, 0.6182726524506134, 0.4445222222222222], [0.07679604813694496, 0.618272652450702, 0.4445222222222222], [0.061497134332608894, 0.6172538400591073, 0.4647232323232323], [0.061497134332500716, 0.6172538400592595, 0.4647232323232323], [0.04036106342758273, 0.6161757965997406, 0.4849242424242424], [null, 0.6150360836566766, 0.5051252525252525], [null, 0.6138319771471716, 0.5253262626262626], [null, 0.6125604215659046, 0.5455272727272727], [null, 0.6112179769419522, 0.5657282828282828], [null, 0.6098007517984804, 0.585929292929293], [null, 0.6083043192293085, 0.606130303030303], [null, 0.6067236122897707, 0.6263313131313132], [null, 0.6050527886689313, 0.6465323232323232], [null, 0.6032850559899562, 0.6667333333333333], [null, 0.6014124400203092, 0.6869343434343435], [null, 0.5994254725970367, 0.7071353535353535], [null, 0.5973127599428907, 0.7273363636363637], [null, 0.5950603596377194, 0.7475373737373737], [null, 0.5926509350355365, 0.7677383838383839], [null, 0.5900622763374854, 0.7879393939393939], [null, 0.5872652038406702, 0.8081404040404041], [null, 0.5842197441214689, 0.8283414141414142], [null, 0.5808681098023859, 0.8485424242424242], [null, 0.5771198953817446, 0.8687434343434344], [null, 0.572814347212085, 0.8889444444444444], [null, 0.5675816381427975, 0.9091454545454546], [null, 0.559455245734448, 0.9293464646464646], [null, 0.5497747188780809, 0.9495474747474748], [null, 0.5405036793967558, 0.9697484848484849], [null, 0.5316153153552227, 0.9899494949494949], [null, 0.5230842610124963, 1.010150505050505], [null, 0.514886543253745, 1.0303515151515152], [null, 0.5069995273138388, 1.0505525252525252], [null, 0.4994018559144629, 1.0707535353535353], [null, 0.49207338505909176, 1.0909545454545455], [null, 0.4849951172738753, 1.1111555555555557], [null, 0.4781491335591538, 1.1313565656565656], [null, 0.47151852399325395, 1.1515575757575758], [null, 0.4650873191309254, 1.171758585858586], [null, 0.45884042122348895, 1.1919595959595959], [null, 0.45276353615016557, 1.212160606060606], [null, 0.44684310656752946, 1.2323616161616162], [null, 0.44106624559210594, 1.2525626262626264], [null, 0.4354206718676109, 1.2727636363636363], [null, 0.4298946443472127, 1.2929646464646465], [null, 0.42447689827986557, 1.3131656565656566], [null, 0.41915658055234817, 1.3333666666666666], [null, 0.4139231839367329, 1.3535676767676768], [null, 0.40876648040675306, 1.373768686868687], [null, 0.4036764511246926, 1.393969696969697], [null, 0.3986432127467757, 1.414170707070707], [null, 0.39365693809093133, 1.4343717171717172], [null, 0.38870776908049476, 1.4545727272727274], [null, 0.3837857192447786, 1.4747737373737373], [null, 0.3788805621327132, 1.4949747474747475], [null, 0.37398170077530746, 1.5151757575757576], [null, 0.3690780126940924, 1.5353767676767678], [null, 0.36415765790690235, 1.5555777777777777], [null, 0.3592078443333432, 1.575778787878788], [null, 0.3542145222946827, 1.595979797979798], [null, 0.34916199189157204, 1.6161808080808082], [null, 0.34403237387070007, 1.6363818181818182], [null, 0.33880488573250783, 1.6565828282828283], [null, 0.3334548180610958, 1.6767838383838385], [null, 0.327952040444928, 1.6969848484848484], [null, 0.3222587338084524, 1.7171858585858586], [null, 0.3163257852201296, 1.7373868686868688], [null, 0.31008671571508345, 1.757587878787879], [null, 0.30344667330201364, 1.7777888888888889], [null, 0.29626037663489296, 1.797989898989899], [null, 0.2882811880109316, 1.8181909090909092], [null, 0.27901339681360954, 1.8383919191919191], [null, 0.2670350825691348, 1.8585929292929293], [null, 0.26703508256884406, 1.8585929292929293], [null, 0.185677976436473, 1.8787939393939395]]}