{"dim": 3, "delta": 0.5, "mu": 5.906055070328385, "dmu": 2.5, "g": -0.38945374695003504, "k_c": 50, "data": [[0.22179040186336724, null, 0.0001], [0.22060432819344805, null, 0.05060404040404041], [0.21702314013519886, null, 0.10110808080808081], [0.21094439463248638, null, 0.1516121212121212], [0.2021762804344988, null, 0.2021161616161616], [0.19039594102950191, null, 0.252620202020202], [0.19039594102951973, null, 0.252620202020202], [0.17506168013238776, null, 0.3031242424242424], [0.1750616801323924, null, 0.3031242424242424], [0.1552099937094945, null, 0.35362828282828285], [0.1552099937096192, null, 0.35362828282828285], [0.12888620643443527, null, 0.40413232323232323], [0.09079827865407297, null, 0.4546363636363636]]}