{"dim": 3, "delta": 1, "mu": 5.906055070328385, "dmu": 1.4, "g": -0.37117012277177036, "k_c": 50, "data": [[0.3621533076009018, 0.7525525710843639, 0.0001], [0.36183512544634533, 0.7525126021823091, 0.028381818181818178], [0.3608859958891074, 0.752393150927539, 0.05666363636363636], [0.3593086496286402, 0.7521938989537065, 0.08494545454545453], [0.3571072469150021, 0.751914311696661, 0.11322727272727272], [0.3542866199925645, 0.7515536313735635, 0.1415090909090909], [0.3508506377355862, 0.7511108667675768, 0.16979090909090905], [0.34679803597112036, 0.7505847806536965, 0.19807272727272723], [0.3421065108065374, 0.7499738707428919, 0.22635454545454542], [0.33667122092892987, 0.7492763499302044, 0.2546363636363636], [0.3309316694904611, 0.7484901178211254, 0.2829181818181818], [0.3249924774503064, 0.7476127284695593, 0.3112], [0.3188278244702697, 0.7466413494676735, 0.3394818181818181], [0.31241406458231447, 0.7455727110555225, 0.3677636363636363], [0.30572931712578644, 0.7444030452093581, 0.3960454545454545], [0.29875334265594744, 0.7431280084464844, 0.42432727272727266], [0.29146764663029295, 0.7417425863291456, 0.45260909090909085], [0.28385575887314113, 0.7402409720519855, 0.48089090909090904], [0.2759036644347738, 0.7386164148451597, 0.5091727272727272], [0.26760036074596055, 0.7368610179066483, 0.5374545454545454], [0.2589385175470337, 0.7349654823032112, 0.5657363636363636], [0.249915200695847, 0.7329187590996769, 0.5940181818181818], [0.24053262707807452, 0.7307075786493555, 0.6223], [0.23079888862918105, 0.7283157960180368, 0.6505818181818182], [0.22072859300400002, 0.7257234532367962, 0.6788636363636362], [0.21034335091773576, 0.72290538891059, 0.7071454545454544], [0.19967205669466362, 0.7198290974829854, 0.7354272727272726], [0.1887509066135947, 0.7164512501832795, 0.7637090909090908], [0.17762313047578485, 0.7127116656182907, 0.791990909090909], [0.16564834036615242, 0.7085218970163315, 0.8202727272727272], [0.1524059263558029, 0.7037407223387094, 0.8485545454545453], [0.1377098974276992, 0.6981105501937965, 0.8768363636363635], [0.12108376859028298, 0.6910153238794831, 0.9051181818181817], [0.10161340826392803, 0.6786397427346988, 0.9333999999999999], [0.07719699227854486, 0.6630152310035201, 0.9616818181818181], [0.03956800991020533, 0.6484170217043397, 0.9899636363636363], [null, 0.6347683682320346, 1.0182454545454545], [null, 0.6219951738958076, 1.0465272727272725], [null, 0.6100265828719422, 1.0748090909090908], [null, 0.5987954237588353, 1.103090909090909], [null, 0.5882384957589847, 1.1313727272727272], [null, 0.5782967179346078, 1.1596545454545453], [null, 0.5689151632295497, 1.1879363636363636], [null, 0.560042997344222, 1.2162181818181816], [null, 0.5516333435098214, 1.2445], [null, 0.5436430953244451, 1.272781818181818], [null, 0.5360326946018975, 1.3010636363636363], [null, 0.5287658869389292, 1.3293454545454544], [null, 0.5218094443048403, 1.3576272727272725], [null, 0.5151330272801506, 1.3859090909090908], [null, 0.5087086993561007, 1.4141909090909088], [null, 0.5025109204654431, 1.4424727272727271], [null, 0.49651619951355075, 1.4707545454545452], [null, 0.49070290107260867, 1.4990363636363635], [null, 0.4850510421341129, 1.5273181818181816], [null, 0.4795421021011666, 1.5555999999999999], [null, 0.47415884531158026, 1.583881818181818], [null, 0.46888515529757546, 1.6121636363636362], [null, 0.4637058777710324, 1.6404454545454543], [null, 0.45860667420931517, 1.6687272727272726], [null, 0.45357387858858333, 1.6970090909090907], [null, 0.4485943608046668, 1.725290909090909], [null, 0.4436553886081146, 1.753572727272727], [null, 0.4387444978292925, 1.7818545454545454], [null, 0.4338493353588735, 1.8101363636363634], [null, 0.4289575230149163, 1.8384181818181815], [null, 0.4240564850382664, 1.8666999999999998], [null, 0.41913326370034576, 1.8949818181818179], [null, 0.4141743040064233, 1.9232636363636362], [null, 0.4091651962825745, 1.9515454545454543], [null, 0.40409036086141153, 1.9798272727272725], [null, 0.3989326497948299, 2.008109090909091], [null, 0.39367283081248144, 2.036390909090909], [null, 0.3882888997036507, 2.064672727272727], [null, 0.38275513740825123, 2.0929545454545453], [null, 0.3770407759668836, 2.121236363636364], [null, 0.3711080444500624, 2.149518181818182], [null, 0.3649091880929623, 2.1778], [null, 0.3583816959616027, 2.206081818181818], [null, 0.35144018848796005, 2.2343636363636366], [null, 0.34396151907866646, 2.2626454545454546], [null, 0.33575439739838175, 2.2909272727272727], [null, 0.3264872944619466, 2.3192090909090908], [null, 0.31546916667455027, 2.347490909090909], [null, 0.3005122963612441, 2.3757727272727274], [null, 0.17941098003305753, 2.4040545454545454]]}