{"dim": 3, "delta": 2, "mu": 5.906055070328385, "dmu": 5.5, "g": -0.4092911847782621, "k_c": 50, "data": [[1.378470056347241, 1.6368258720515043, 1.444531313131313], [1.290158113519266, 1.6682654439938467, 1.555641414141414], [1.1967865185330262, 1.6872189499925996, 1.666751515151515], [1.0556207339134023, 1.7002709922107853, 1.777861616161616], [0.825483828444179, 1.7098010565133437, 1.888971717171717], [null, 1.7169694898333976, 2.000081818181818], [null, 1.722435601653214, 2.1111919191919193], [null, 1.7266114705208842, 2.2223020202020205], [null, 1.7297721683510476, 2.3334121212121213], [null, 1.7321104292533493, 2.4445222222222225], [null, 1.7337664242773247, 2.5556323232323233], [null, 1.7348451587891016, 2.6667424242424245], [null, 1.7354272098547574, 2.7778525252525252], [null, 1.7355756513611664, 2.8889626262626265], [null, 1.7353406853428543, 3.0000727272727272], [null, 1.7347628348536774, 3.1111828282828284], [null, 1.7338752028710256, 3.222292929292929], [null, 1.732705106505033, 3.3334030303030304], [null, 1.7312752824212199, 3.444513131313131], [null, 1.7296047912948123, 3.5556232323232324], [null, 1.7277097059419884, 3.6667333333333336], [null, 1.725603647146272, 3.7778434343434344], [null, 1.7232981908465403, 3.8889535353535356], [null, 1.7208032042547245, 4.000063636363636], [null, 1.7181271029338174, 4.111173737373737], [null, 1.7152770611829509, 4.222283838383838], [null, 1.7122591824007776, 4.333393939393939], [null, 1.7090786375471527, 4.44450404040404], [null, 1.7057397758011272, 4.555614141414141], [null, 1.7022462193512355, 4.666724242424242], [null, 1.6986009385853416, 4.777834343434343], [null, 1.6948063146876235, 4.888944444444444], [null, 1.6908641911505484, 5.000054545454545], [null, 1.6867759152323358, 5.111164646464646], [null, 1.682542371268502, 5.222274747474747], [null, 1.6781640081617686, 5.333384848484848], [null, 1.6736408594944303, 5.444494949494949], [null, 1.6689725588640156, 5.55560505050505], [null, 1.6641583458907518, 5.6667151515151515], [null, 1.6591970931573279, 5.777825252525252], [null, 1.6540872646295226, 5.888935353535353], [null, 1.6488269578727728, 6.000045454545454], [null, 1.6434138705456254, 6.1111555555555555], [null, 1.6378452987186336, 6.222265656565656], [null, 1.632118118423087, 6.333375757575757], [null, 1.6262287658474082, 6.444485858585858], [null, 1.6201732116848802, 6.555595959595959], [null, 1.613946929831572, 6.66670606060606], [null, 1.6075448601215023, 6.777816161616161], [null, 1.6009613625356625, 6.888926262626262], [null, 1.5941901646367, 7.000036363636363], [null, 1.5872243189415522, 7.111146464646464], [null, 1.58005602279655, 7.222256565656565], [null, 1.5726767400492052, 7.333366666666667], [null, 1.565076884872891, 7.444476767676767], [null, 1.5572458009263626, 7.555586868686868], [null, 1.5491715890592086, 7.666696969696969], [null, 1.5408409248661543, 7.777807070707071], [null, 1.5322388370811646, 7.888917171717171], [null, 1.5233484362668948, 8.000027272727273], [null, 1.5141505796916261, 8.111137373737373], [null, 1.5046234531752505, 8.222247474747475], [null, 1.4947420437006007, 8.333357575757574], [null, 1.4844774649024874, 8.444467676767676], [null, 1.4844774649024939, 8.444467676767676], [null, 1.4737960828468601, 8.555577777777778], [null, 1.473796082846864, 8.555577777777778], [null, 1.4626583632663035, 8.666687878787878], [null, 1.462658363266286, 8.666687878787878], [null, 1.4510173229831433, 8.77779797979798], [null, 1.4510173229831431, 8.77779797979798], [null, 1.438816405450146, 8.888908080808081], [null, 1.4388164054501615, 8.888908080808081], [null, 1.4259864843386407, 9.00001818181818], [null, 1.4259864843386765, 9.00001818181818], [null, 1.41244152004542, 9.111128282828282], [null, 1.4124415200454665, 9.111128282828282], [null, 1.3980720195297056, 9.222238383838384], [null, 1.3980720195297647, 9.222238383838384], [null, 1.3827347499759282, 9.333348484848484], [null, 1.3827347499760316, 9.333348484848484], [null, 1.366235627020575, 9.444458585858586], [null, 1.366235627020757, 9.444458585858586], [null, 1.3482991116229455, 9.555568686868686], [null, 1.348299111623263, 9.555568686868686], [null, 1.328507796256279, 9.666678787878787], [null, 1.3285077962558778, 9.666678787878787], [null, 1.3061646476811977, 9.777788888888889], [null, 1.2798946405278449, 9.888898989898989], [null, 1.2456838599503703, 10.00000909090909], [null, 1.1820557350077532, 10.111119191919192], [null, 1.1085215462475937, 10.222229292929292], [null, 1.029554873686481, 10.333339393939394], [null, 0.943795381090582, 10.444449494949493], [null, 0.849190004868124, 10.555559595959595], [null, 0.7423672674517653, 10.666669696969697], [null, 0.6170171817739595, 10.777779797979797], [null, 0.45818194197760703, 10.888889898989898], [null, 0.19691225237071944, 11.0]]}