{"dim": 3, "delta": 1, "mu": 5.906055070328385, "dmu": 2, "g": -0.38220998084091123, "k_c": 50, "data": [[0.3974508400374195, 1.1275784977560288, 0.0001], [0.39701831937670784, 1.127534402580262, 0.040503030303030305], [0.3957254375079282, 1.1274024602123607, 0.0809060606060606], [0.3935733792421123, 1.127182405099707, 0.12130909090909091], [0.39056388577125056, 1.12687379056511, 0.1617121212121212], [0.386698902988184, 1.126475986105306, 0.2021151515151515], [0.3819800811396577, 1.1259881689387246, 0.2425181818181818], [0.3764081148705533, 1.125409318047967, 0.28292121212121213], [0.36998190686306764, 1.1247382019130505, 0.3233242424242424], [0.36269752783103987, 1.1239733660452147, 0.3637272727272727], [0.35454693064951437, 1.1231131165224213, 0.404130303030303], [0.3455163515135042, 1.1221555006175314, 0.44453333333333334], [0.33558429621510605, 1.1210982834538175, 0.4849363636363636], [0.32471894392482087, 1.1199389198964447, 0.5253393939393939], [0.3247189439248537, 1.1199389198965828, 0.5253393939393939], [0.31287470349303653, 1.1186745209780107, 0.5657424242424243], [0.3128747034930448, 1.1186745209781752, 0.5657424242424243], [0.29998747966988637, 1.1173018136433568, 0.6061454545454545], [0.2999874796699088, 1.1173018136435509, 0.6061454545454545], [0.28596789072071876, 1.1158170918292354, 0.6465484848484848], [0.2859678907207339, 1.1158170918294699, 0.6465484848484848], [0.2706910843664049, 1.1142161584524053, 0.6869515151515151], [0.27069108436642275, 1.1142161584527348, 0.6869515151515151], [0.2539806034327417, 1.11249425249769, 0.7273545454545454], [0.2539806034327432, 1.1124942524981007, 0.7273545454545454], [0.23558115353797063, 1.11064596241317, 0.7677575757575757], [0.23558115353797066, 1.1106459624136906, 0.7677575757575757], [0.21510891879665267, 1.108665116588097, 0.808160606060606], [0.191951188887692, 1.1065446484750052, 0.8485636363636363], [0.1650322479111444, 1.1042764233835263, 0.8889666666666667], [0.1321285574917945, 1.1018510210134311, 0.929369696969697], [0.08674886202810608, 1.0992574472938634, 0.9697727272727272], [null, 1.096482758345824, 1.0101757575757575], [null, 1.0935115515947282, 1.0505787878787878], [null, 1.0903252503435585, 1.090981818181818], [null, 1.086901152978094, 1.1313848484848485], [null, 1.083210876513392, 1.1717878787878788], [null, 1.079218198901581, 1.212190909090909], [null, 1.0748754640427214, 1.2525939393939394], [null, 1.070117330220646, 1.2929969696969696], [null, 1.0648493127157623, 1.3334], [null, 1.0589232062314051, 1.3738030303030302], [null, 1.0520733642362, 1.4142060606060605], [null, 1.043668019121495, 1.4546090909090907], [null, 1.0307951031484626, 1.4950121212121212], [null, 1.0307951031480203, 1.4950121212121212], [null, 1.0166780528365928, 1.5354151515151515], [null, 1.0166780528366113, 1.5354151515151515], [null, 1.003121805112968, 1.5758181818181818], [null, 1.003121805112988, 1.5758181818181818], [null, 0.9900928616661465, 1.616221212121212], [null, 0.9900928616661526, 1.616221212121212], [null, 0.9775591466840524, 1.6566242424242423], [null, 0.9775591466840516, 1.6566242424242423], [null, 0.9654903927434478, 1.6970272727272726], [null, 0.9654903927434416, 1.6970272727272726], [null, 0.953857297968716, 1.7374303030303029], [null, 0.9538572979687185, 1.7374303030303029], [null, 0.9426323037132386, 1.7778333333333334], [null, 0.9426323037132478, 1.7778333333333334], [null, 0.9317891449688046, 1.8182363636363637], [null, 0.9317891449688358, 1.8182363636363637], [null, 0.9213028837360709, 1.858639393939394], [null, 0.9213028837360688, 1.858639393939394], [null, 0.9111498561557074, 1.8990424242424242], [null, 0.9111498561557027, 1.8990424242424242], [null, 0.9013076160326012, 1.9394454545454545], [null, 0.8917548757381533, 1.9798484848484847], [null, 0.8824714449748458, 2.0202515151515152], [null, 0.8734381683476565, 2.0606545454545455], [null, 0.864636862228158, 2.101057575757576], [null, 0.8560502514536553, 2.141460606060606], [null, 0.847661906242362, 2.1818636363636363], [null, 0.8394561794949921, 2.2222666666666666], [null, 0.831418144797533, 2.2626696969696973], [null, 0.8235335350204821, 2.3030727272727276], [null, 0.8157886816099232, 2.343475757575758], [null, 0.8081704548720984, 2.383878787878788], [null, 0.8006662029676483, 2.4242818181818184], [null, 0.7932636943733675, 2.4646848484848487], [null, 0.7859510557341872, 2.505087878787879], [null, 0.7787167112971699, 2.5454909090909092], [null, 0.7715493218256549, 2.5858939393939395], [null, 0.7644377191802814, 2.62629696969697], [null, 0.7573708389162482, 2.6667], [null, 0.7503376485144906, 2.7071030303030303], [null, 0.7433270699760394, 2.7475060606060606], [null, 0.7363278950726672, 2.787909090909091], [null, 0.729328691074463, 2.828312121212121], [null, 0.722317694184213, 2.8687151515151514], [null, 0.7152826870990773, 2.9091181818181817], [null, 0.7082108562000305, 2.9495212121212124], [null, 0.7010886218320852, 2.9899242424242427], [null, 0.6939014341621452, 3.030327272727273], [null, 0.6866335227907604, 3.0707303030303033], [null, 0.6792675842664924, 3.1111333333333335], [null, 0.6717843911470001, 3.151536363636364], [null, 0.6641622749686408, 3.191939393939394], [null, 0.6563764642734764, 3.2323424242424244], [null, 0.6483981811244225, 3.2727454545454546], [null, 0.6401934044420095, 3.313148484848485], [null, 0.6317211208690359, 3.353551515151515], [null, 0.6229307738651214, 3.3939545454545454], [null, 0.6137584018192427, 3.4343575757575757], [null, 0.604120521109979, 3.474760606060606], [null, 0.5939038759575149, 3.5151636363636363], [null, 0.5939038759572518, 3.5151636363636363], [null, 0.5829469702319021, 3.555566666666667], [null, 0.5829469702318916, 3.555566666666667], [null, 0.5710033798488229, 3.5959696969696973], [null, 0.5710033798488215, 3.5959696969696973], [null, 0.5576579166075812, 3.6363727272727275], [null, 0.5576579166075643, 3.6363727272727275], [null, 0.5420871298580792, 3.676775757575758], [null, 0.5420871298580846, 3.676775757575758], [null, 0.5219887662812163, 3.717178787878788], [null, 0.4596713095186844, 3.7575818181818184], [null, 0.32999687208232, 3.7979848484848486], [null, 0.08116089801174764, 3.838387878787879]]}