{"dim": 3, "delta": 0.5, "mu": 5.906055070328385, "dmu": 0.65, "g": -0.35293535861608666, "k_c": 50, "data": [[0.1732035365913381, 0.3560159276883324, 0.0001], [0.17304407847242914, 0.35599595067272666, 0.01323030303030303], [0.1725694701179411, 0.3559365688332835, 0.02636060606060606], [0.17177603607289157, 0.3558376313071135, 0.03949090909090909], [0.1706546823603702, 0.3556988851984493, 0.052621212121212124], [0.1691798132437587, 0.3555199724007188, 0.06575151515151516], [0.16725666830776897, 0.355300424974102, 0.07888181818181818], [0.16519521655483524, 0.3550396591652433, 0.09201212121212121], [0.16309377150436863, 0.3547369675833473, 0.10514242424242425], [0.16093531495103175, 0.35439150945301195, 0.11827272727272728], [0.1587053150043989, 0.3540022984389979, 0.1314030303030303], [0.15639057992442815, 0.3535681884914744, 0.14453333333333332], [0.15397858509870396, 0.3530878544813776, 0.15766363636363634], [0.15145705782750363, 0.35255977138797817, 0.1707939393939394], [0.14881373028206055, 0.3519821864609224, 0.1839242424242424], [0.14603619291314396, 0.35135308601657295, 0.19705454545454545], [0.14311185335735896, 0.35067015399403, 0.21018484848484847], [0.14002796684486973, 0.34993072022068145, 0.2233151515151515], [0.1367717648873492, 0.3491316953610692, 0.23644545454545454], [0.13333067906513066, 0.34826948702195876, 0.24957575757575756], [0.12969267727150363, 0.3473398929864458, 0.2627060606060606], [0.12584672331700394, 0.34633795995443567, 0.2758363636363636], [0.12178336681355417, 0.34525779325932143, 0.28896666666666665], [0.11749546346805237, 0.3440923011661665, 0.3020969696969697], [0.11297900084245997, 0.3428328344348472, 0.3152272727272727], [0.10823399338430897, 0.3414686683737744, 0.32835757575757574], [0.10326537533228189, 0.33998623436004094, 0.3414878787878788], [0.09808380034727796, 0.3383679263534054, 0.35461818181818183], [0.09270623806700942, 0.33659015304445034, 0.3677484848484848], [0.08715625908638854, 0.33461993927288314, 0.38087878787878787], [0.08146392456702006, 0.33240844424275884, 0.3940090909090909], [0.07566522885225009, 0.3298769528257417, 0.4071393939393939], [0.0698011501074612, 0.3268800510042717, 0.42026969696969696], [0.06391633898388753, 0.3230656337173745, 0.4334], [0.05774399407016396, 0.3158535644724756, 0.446530303030303], [0.05040060216407537, 0.3056381355527151, 0.45966060606060605], [0.041544418750830966, 0.2963366533460311, 0.4727909090909091], [0.029974032853672297, 0.28785651924127437, 0.4859212121212121], [0.007800261103287193, 0.28011137971860334, 0.49905151515151513], [null, 0.27302162493086274, 0.5121818181818182], [null, 0.2665146137304139, 0.5253121212121212], [null, 0.2605245860860514, 0.5384424242424243], [null, 0.2549924591617472, 0.5515727272727272], [null, 0.24986542196454153, 0.5647030303030303], [null, 0.24509646716694483, 0.5778333333333333], [null, 0.24064387357367129, 0.5909636363636364], [null, 0.2364706789527033, 0.6040939393939394], [null, 0.2325441617618124, 0.6172242424242425], [null, 0.22883535297505386, 0.6303545454545454], [null, 0.22531858251749554, 0.6434848484848484], [null, 0.22197106668834693, 0.6566151515151515], [null, 0.21877253591489745, 0.6697454545454545], [null, 0.21570490356764177, 0.6828757575757576], [null, 0.2127519712338546, 0.6960060606060606], [null, 0.20989916796852282, 0.7091363636363637], [null, 0.20713331972462123, 0.7222666666666666], [null, 0.20444244393165215, 0.7353969696969697], [null, 0.20181556764637815, 0.7485272727272727], [null, 0.19924256327123932, 0.7616575757575758], [null, 0.19671399966839834, 0.7747878787878788], [null, 0.194221004613477, 0.7879181818181819], [null, 0.1917551352351195, 0.8010484848484848], [null, 0.1893082527031957, 0.8141787878787878], [null, 0.18687239697735258, 0.8273090909090909], [null, 0.18443966614242274, 0.8404393939393939], [null, 0.1820020552884744, 0.853569696969697], [null, 0.17955132560448575, 0.8667], [null, 0.1770788288454699, 0.8798303030303031], [null, 0.17457524668103958, 0.892960606060606], [null, 0.17203035919240564, 0.9060909090909091], [null, 0.16943265807365263, 0.9192212121212121], [null, 0.16676885682402773, 0.9323515151515152], [null, 0.16402319194130333, 0.9454818181818182], [null, 0.16117639998504085, 0.9586121212121212], [null, 0.15820412144583967, 0.9717424242424242], [null, 0.15507437792891934, 0.9848727272727272], [null, 0.15174311511713412, 0.9980030303030303], [null, 0.14814590810493244, 1.0111333333333332], [null, 0.1441804444728439, 1.0242636363636364], [null, 0.13966282524775747, 1.0373939393939393], [null, 0.13418221517220263, 1.0505242424242425], [null, 0.1261117784435919, 1.0636545454545454]]}