{"dim": 3, "delta": 1.2, "mu": 5.906055070328385, "dmu": 1.35, "g": -0.366648456705483, "k_c": 50, "data": [[0.40421052165360677, 0.573378468230173, 0.0001], [0.40505019342049525, 0.573272532963865, 0.027371717171717172], [0.407570294107474, 0.5729548087306849, 0.05464343434343435], [0.4100728092238319, 0.5724208343243634, 0.08191515151515152], [0.4126089179408322, 0.5716628526425498, 0.1091868686868687], [0.41530309053929165, 0.5706692638118822, 0.13645858585858586], [0.41825231990821066, 0.5694237325871071, 0.16373030303030303], [0.421555271853606, 0.5679037781224208, 0.1910020202020202], [0.4253287018431708, 0.5660785242824748, 0.21827373737373737], [0.42972417292384024, 0.5639049966203534, 0.24554545454545454], [0.43495239810773506, 0.5613217024470654, 0.27281717171717174], [0.4413259194103783, 0.5582366448289379, 0.3000888888888889], [0.4493445079998012, 0.5545024717033691, 0.3273606060606061], [0.4598930354486616, 0.5498562815637276, 0.35463232323232324], [0.4748091664102908, 0.5437311034562202, 0.3819040404040404], [0.49930096474406827, 0.5342197986235324, 0.4091757575757576], [0.1158200077672652, 0.20887409156474732, 1.090968686868687], [0.08712599598378294, 0.22451422596656656, 1.1182404040404041], [0.06602593076274282, 0.2339641726691966, 1.1455121212121213], [0.04798220214550957, 0.24049696807215093, 1.1727838383838385], [null, 0.24525937411577103, 1.2000555555555557], [null, 0.248810298884115, 1.2273272727272728], [null, 0.2514694095137014, 1.25459898989899], [null, 0.25343801139482003, 1.2818707070707072], [null, 0.2548512552599493, 1.3091424242424243], [null, 0.25580403546348723, 1.3364141414141415], [null, 0.25636514530356413, 1.3636858585858587], [null, 0.256585579972341, 1.3909575757575758], [null, 0.25650367506596633, 1.418229292929293], [null, 0.25614841717891457, 1.4455010101010102], [null, 0.2555416387498513, 1.4727727272727273], [null, 0.2546994973590234, 1.5000444444444445], [null, 0.25363347273156633, 1.5273161616161617], [null, 0.25235102021133954, 1.5545878787878789], [null, 0.2508559616326151, 1.581859595959596], [null, 0.24914865615582038, 1.6091313131313132], [null, 0.24722596463693963, 1.6364030303030304], [null, 0.24508099148612394, 1.6636747474747475], [null, 0.24270256152138506, 1.6909464646464647], [null, 0.24007431818876118, 1.7182181818181819], [null, 0.2371732926360205, 1.745489898989899], [null, 0.23396758711807658, 1.7727616161616162], [null, 0.23041256302119678, 1.8000333333333334], [null, 0.22644422751503346, 1.8273050505050505], [null, 0.2219669417548658, 1.8545767676767677], [null, 0.2168280454426723, 1.8818484848484849], [null, 0.2107567984536855, 1.909120202020202], [null, 0.20317474866581733, 1.9363919191919192], [null, 0.19215772787027285, 1.9636636363636364]]}