{"dim": 3, "delta": 0.5, "mu": 5.906055070328385, "dmu": 0.8, "g": -0.35934475541820815, "k_c": 50, "data": [[0.17836834855787692, 0.4834001482229676, 0.0001], [0.17822328259761766, 0.48338169821983706, 0.016260606060606062], [0.1777919780409219, 0.4833267682293653, 0.03242121212121213], [0.17707546104386115, 0.4832352718386819, 0.04858181818181819], [0.17607541462715745, 0.48310706340383824, 0.06474242424242425], [0.17479414099672957, 0.48294193738737745, 0.08090303030303032], [0.173234508195093, 0.48273962803821646, 0.09706363636363638], [0.1713998747061449, 0.4824998045085144, 0.11322424242424244], [0.16929399596357478, 0.4822220709585253, 0.1293848484848485], [0.1669209016641908, 0.4819059620183313, 0.14554545454545456], [0.1642847426143344, 0.4815509389631844, 0.16170606060606063], [0.16138959874004097, 0.4811563850528216, 0.17786666666666667], [0.1582392400018798, 0.4807215999769383, 0.19402727272727274], [0.15483682983279495, 0.48024579364263337, 0.2101878787878788], [0.15118455977226208, 0.4797280773321914, 0.22634848484848485], [0.14728320191356833, 0.4791674576989286, 0.24250909090909092], [0.14313156556299578, 0.4785628213831702, 0.258669696969697], [0.1387258390177169, 0.4779129270394246, 0.27483030303030304], [0.13405879188557696, 0.4772163887755331, 0.29099090909090913], [0.12911879423560954, 0.476471658791535, 0.3071515151515152], [0.12388857516771255, 0.475677007057944, 0.3233121212121213], [0.11834357833339511, 0.47483049674025574, 0.3394727272727273], [0.11244965894913905, 0.4739299541576334, 0.35563333333333336], [0.106159658840352, 0.47297293308504307, 0.37179393939393945], [0.09940799509398147, 0.4719566705648163, 0.3879545454545455], [0.09210155164645044, 0.47087803264325384, 0.40411515151515154], [0.08410318784912776, 0.4697334466009776, 0.42027575757575764], [0.07519894416066432, 0.46851881558257485, 0.4364363636363637], [0.06502365995479327, 0.46722940934456114, 0.4525969696969697], [0.052853944386352526, 0.4658597229777293, 0.4687575757575758], [0.03676617447646426, 0.4644032894720452, 0.48491818181818186], [null, 0.4628524292385377, 0.5010787878787879], [null, 0.4611978975787636, 0.517239393939394], [null, 0.45942842617613683, 0.5334000000000001], [null, 0.4575299539456583, 0.5495606060606061], [null, 0.45548460161852056, 0.5657212121212122], [null, 0.4532689361347361, 0.5818818181818183], [null, 0.4508510890752751, 0.5980424242424243], [null, 0.44818549419693304, 0.6142030303030304], [null, 0.4452021914672603, 0.6303636363636365], [null, 0.4417811813413333, 0.6465242424242426], [null, 0.43767035846880287, 0.6626848484848485], [null, 0.43180990242124023, 0.6788454545454546], [null, 0.42256314295855757, 0.6950060606060607], [null, 0.41382629557742273, 0.7111666666666667], [null, 0.405560083438535, 0.7273272727272728], [null, 0.3977278028660263, 0.7434878787878789], [null, 0.39029523859488163, 0.7596484848484849], [null, 0.38323055926597094, 0.775809090909091], [null, 0.3765041982460125, 0.7919696969696971], [null, 0.37008873153929306, 0.8081303030303031], [null, 0.3639587330087079, 0.8242909090909092], [null, 0.35809064818921327, 0.8404515151515153], [null, 0.3524626543550008, 0.8566121212121213], [null, 0.34705452667501063, 0.8727727272727274], [null, 0.3418475086441945, 0.8889333333333335], [null, 0.336824185372751, 0.9050939393939395], [null, 0.3319683641437169, 0.9212545454545455], [null, 0.32726495890967794, 0.9374151515151516], [null, 0.3226998809434054, 0.9535757575757577], [null, 0.31825993483352927, 0.9697363636363637], [null, 0.3139327179248386, 0.9858969696969698], [null, 0.30970652731020304, 1.0020575757575758], [null, 0.3055702657735771, 1.018218181818182], [null, 0.30151335368114096, 1.034378787878788], [null, 0.29752564028321093, 1.050539393939394], [null, 0.2935973159245859, 1.0667000000000002], [null, 0.2897188220168625, 1.0828606060606063], [null, 0.2858807563438997, 1.0990212121212122], [null, 0.28207377713920795, 1.1151818181818183], [null, 0.2782884854678724, 1.1313424242424244], [null, 0.2745153089526756, 1.1475030303030305], [null, 0.2707443547159613, 1.1636636363636366], [null, 0.2669652387011786, 1.1798242424242427], [null, 0.26316687616239925, 1.1959848484848485], [null, 0.2593372142732285, 1.2121454545454546], [null, 0.2554628904204648, 1.2283060606060607], [null, 0.25152877117780625, 1.2444666666666668], [null, 0.2475173206865516, 1.260627272727273], [null, 0.24340770271514214, 1.276787878787879], [null, 0.23917445954141536, 1.2929484848484851], [null, 0.2347854788252425, 1.309109090909091], [null, 0.23019871979814568, 1.325269696969697], [null, 0.22535656932935633, 1.3414303030303032], [null, 0.2201753426140302, 1.3575909090909093], [null, 0.21452341565878855, 1.3737515151515154], [null, 0.20816770475582028, 1.3899121212121215], [null, 0.20060176750743006, 1.4060727272727274], [null, 0.19000407719777088, 1.4222333333333335]]}