{"dim": 3, "delta": 1.2, "mu": 5.906055070328385, "dmu": 1.5, "g": -0.37133745507548455, "k_c": 50, "data": [[0.4247465604825901, 0.7337115363187999, 0.0001], [0.4241161637055687, 0.7336532022904947, 0.0304020202020202], [0.42205938779199786, 0.7334787007601905, 0.060704040404040406], [0.4188304718081922, 0.7331872350720987, 0.0910060606060606], [0.4157644375324043, 0.7327774591819973, 0.12130808080808081], [0.41273322318987926, 0.7322474476857188, 0.151610101010101], [0.4096673633032649, 0.7315946511082974, 0.1819121212121212], [0.4065203891704663, 0.7308158365171572, 0.2122141414141414], [0.4032558806845914, 0.7299070038547667, 0.2425161616161616], [0.39984170562366894, 0.7288632801125678, 0.2728181818181818], [0.396246974879592, 0.7276787815806458, 0.303120202020202], [0.39244017102697176, 0.7263464290529138, 0.33342222222222223], [0.38838782989065296, 0.724857709352726, 0.3637242424242424], [0.38405350008878014, 0.7232023541025026, 0.3940262626262626], [0.3793968587705736, 0.7213679063265626, 0.42432828282828283], [0.3743729438556122, 0.71933912182564, 0.454630303030303], [0.36893152185846834, 0.717097123471543, 0.4849323232323232], [0.36301666556841816, 0.7146181708924813, 0.5152343434343434], [0.35656667861546354, 0.7118718081419511, 0.5455363636363636], [0.34951457106129985, 0.7088179474921702, 0.5758383838383838], [0.3417893724976367, 0.7054020270252556, 0.606140404040404], [0.33331860627931026, 0.7015463725973243, 0.6364424242424243], [0.3240322590209897, 0.6971332500057509, 0.6667444444444445], [0.3138684382661135, 0.6919666931167623, 0.6970464646464646], [0.3027805999685509, 0.6856653195273765, 0.7273484848484848], [0.290745717348027, 0.6771909532385818, 0.757650505050505], [0.2777721523721941, 0.6579571143954215, 0.7879525252525252], [0.26390553490473423, 0.6343215197223739, 0.8182545454545455], [0.24923097695920954, 0.613009594475803, 0.8485565656565657], [0.23387063344279652, 0.5938825760627743, 0.8788585858585858], [0.21797680674800995, 0.5767734582747385, 0.909160606060606], [0.20172195878494076, 0.56149640075879, 0.9394626262626262], [0.18528768930587072, 0.5478572873560262, 0.9697646464646464], [0.16885455448180745, 0.5356635109255904, 1.0000666666666667], [0.1525940709200022, 0.524731682459263, 1.0303686868686868], [0.1366633603190084, 0.5148927716111976, 1.060670707070707], [0.1212022961480066, 0.5059948359925482, 1.0909727272727272], [0.10456885685879405, 0.49790382458479143, 1.1212747474747475], [0.08273385057695072, 0.49050305404372413, 1.1515767676767676], [0.050946513855209985, 0.4836918898815585, 1.1818787878787878], [null, 0.477384049574772, 1.212180808080808], [null, 0.471505769582763, 1.2424828282828282], [null, 0.46599406310989766, 1.2727848484848485], [null, 0.4607950944957079, 1.3030868686868686], [null, 0.4558627551530066, 1.333388888888889], [null, 0.45115742372147233, 1.363690909090909], [null, 0.44664490970108994, 1.3939929292929292], [null, 0.4422955589390114, 1.4242949494949495], [null, 0.4380835040249739, 1.4545969696969696], [null, 0.4339860271171065, 1.48489898989899], [null, 0.4299830340026978, 1.51520101010101], [null, 0.4260566038043782, 1.5455030303030304], [null, 0.4221906098046627, 1.5758050505050505], [null, 0.41837039647932095, 1.6061070707070706], [null, 0.4145824990900112, 1.636409090909091], [null, 0.41081439997578717, 1.666711111111111], [null, 0.4070543109741314, 1.6970131313131314], [null, 0.4032909756367953, 1.7273151515151515], [null, 0.39951348407491755, 1.7576171717171716], [null, 0.3957110981148986, 1.787919191919192], [null, 0.3918730668076165, 1.818221212121212], [null, 0.38798844869772015, 1.8485232323232323], [null, 0.3840459089536137, 1.8788252525252525], [null, 0.38003349613651044, 1.9091272727272728], [null, 0.3759383802330485, 1.939429292929293], [null, 0.3717465388334881, 1.969731313131313], [null, 0.36744235870890807, 2.0000333333333336], [null, 0.36300813181317887, 2.030335353535354], [null, 0.35842337951374836, 2.0606373737373738], [null, 0.3536639315890318, 2.090939393939394], [null, 0.3487006254875841, 2.1212414141414144], [null, 0.3434974076148469, 2.1515434343434343], [null, 0.33800843486408966, 2.1818454545454546], [null, 0.332173459483982, 2.212147474747475], [null, 0.32590999891661243, 2.2424494949494953], [null, 0.31909902546637364, 2.272751515151515], [null, 0.31155597327565415, 2.3030535353535355], [null, 0.3029625985339644, 2.333355555555556], [null, 0.2926633449860451, 2.3636575757575757], [null, 0.2786590320236328, 2.393959595959596], [null, 0.15011008257478206, 2.4242616161616164]]}