{"dim": 3, "delta": 2, "mu": 5.906055070328385, "dmu": 5, "g": -0.4066445399153576, "k_c": 50, "data": [[1.6265159290999054, 1.9348373678119413, 0.0001], [1.6186132202889807, 1.9340296235482832, 0.10110909090909091], [1.597798838344356, 1.9315345856998345, 0.2021181818181818], [1.5736965008888488, 1.9270898848538147, 0.3031272727272727], [1.5451294866944594, 1.9200758692670106, 0.4041363636363636], [1.5114595234919674, 1.9087750655247218, 0.5051454545454546], [1.4728340108372886, 1.8811172221602448, 0.6061545454545454], [1.430042260255071, 1.8486139652512992, 0.7071636363636363], [1.384189642845151, 1.8236011549348312, 0.8081727272727273], [1.3363662845467654, 1.8041256778536634, 0.9091818181818182], [1.287463315382211, 1.7886828216902777, 1.0101909090909091], [1.23747129907164, 1.7761673773139781, 1.1112], [1.180929557969879, 1.765787780911293, 1.2122090909090908], [1.1171698891925201, 1.7569814046582901, 1.3132181818181818], [1.0451436453020115, 1.7493468884943317, 1.4142272727272727], [0.9629801987166313, 1.7425950420286993, 1.5152363636363637], [0.8676982924249584, 1.7365147343189633, 1.6162454545454545], [0.7541872018892254, 1.730949602871932, 1.7172545454545454], [0.6121922348166622, 1.7257821191302571, 1.8182636363636364], [0.41304962504757753, 1.7209227080706748, 1.9192727272727272], [null, 1.7163021625808024, 2.0202818181818185], [null, 1.711866327251024, 2.1212909090909093], [null, 1.7075723246193377, 2.2223], [null, 1.7033858113046316, 2.323309090909091], [null, 1.6992789987169854, 2.424318181818182], [null, 1.695229170145556, 2.525327272727273], [null, 1.691217576991309, 2.626336363636364], [null, 1.6872286007297241, 2.7273454545454547], [null, 1.683249114764863, 2.8283545454545456], [null, 1.67926798223629, 2.9293636363636364], [null, 1.6752756749744446, 3.0303727272727277], [null, 1.6712639634736528, 3.1313818181818185], [null, 1.6672256778223846, 3.2323909090909093], [null, 1.6631545098222567, 3.3334], [null, 1.6590448557169337, 3.434409090909091], [null, 1.6548916954176212, 3.5354181818181822], [null, 1.6506904715371318, 3.636427272727273], [null, 1.6464370179430954, 3.737436363636364], [null, 1.6421274791385674, 3.8384454545454547], [null, 1.637758250601932, 3.9394545454545455], [null, 1.633325926719188, 4.040463636363636], [null, 1.6288272561982746, 4.141472727272727], [null, 1.6242591033413827, 4.242481818181818], [null, 1.619618413238225, 4.343490909090909], [null, 1.6149021853646792, 4.4445], [null, 1.6101074399312854, 4.545509090909091], [null, 1.6052311980341698, 4.646518181818181], [null, 1.6002704594987731, 4.747527272727273], [null, 1.5952221748210211, 4.848536363636363], [null, 1.590083229328204, 4.949545454545454], [null, 1.584850422802341, 5.0505545454545455], [null, 1.579520446081153, 5.151563636363636], [null, 1.5740898630197349, 5.252572727272727], [null, 1.5685550870771163, 5.3535818181818176], [null, 1.5629123601182435, 5.454590909090909], [null, 1.5571577285028326, 5.5556], [null, 1.5512870169757071, 5.6566090909090905], [null, 1.545295805240748, 5.757618181818182], [null, 1.539179389676859, 5.858627272727272], [null, 1.5329327582932852, 5.959636363636363], [null, 1.5265505495601543, 6.060645454545455], [null, 1.5200270116680834, 6.161654545454545], [null, 1.513355955279407, 6.262663636363636], [null, 1.5065306973120935, 6.363672727272727], [null, 1.499544013886852, 6.464681818181818], [null, 1.4923880409414412, 6.565690909090909], [null, 1.4850542216882805, 6.6667], [null, 1.4775331881968887, 6.767709090909091], [null, 1.4698146817572004, 6.868718181818181], [null, 1.4618873506268206, 6.9697272727272725], [null, 1.4537386857876258, 7.070736363636364], [null, 1.445354750447483, 7.171745454545454], [null, 1.4367199820406735, 7.2727545454545455], [null, 1.4278169006130805, 7.373763636363636], [null, 1.418625755601322, 7.474772727272727], [null, 1.4091240842883381, 7.575781818181818], [null, 1.3992861520189939, 7.676790909090909], [null, 1.389082233324509, 7.7778], [null, 1.3890822333244963, 7.7778], [null, 1.3784776741465308, 7.87880909090909], [null, 1.3784776741465534, 7.87880909090909], [null, 1.3674316460971188, 7.979818181818182], [null, 1.367431646097137, 7.979818181818182], [null, 1.3558954588824554, 8.080827272727273], [null, 1.355895458882475, 8.080827272727273], [null, 1.343810219442508, 8.181836363636364], [null, 1.3438102194424906, 8.181836363636364], [null, 1.3311034949629268, 8.282845454545454], [null, 1.3311034949629696, 8.282845454545454], [null, 1.3176844008979034, 8.383854545454545], [null, 1.3176844008979365, 8.383854545454545], [null, 1.3034360743557774, 8.484863636363636], [null, 1.3034360743558873, 8.484863636363636], [null, 1.2882035798060338, 8.585872727272728], [null, 1.288203579805832, 8.585872727272728], [null, 1.2717732204306298, 8.686881818181819], [null, 1.2717732204309034, 8.686881818181819], [null, 1.2538341597077627, 8.787890909090908], [null, 1.2538341597073568, 8.787890909090908], [null, 1.2338986451962382, 8.8889], [null, 1.233898645196238, 8.8889], [null, 1.2111050553558422, 8.98990909090909], [null, 1.1835575876883229, 9.090918181818182], [null, 1.1416361128385764, 9.191927272727273], [null, 1.0699725358710808, 9.292936363636363], [null, 0.9929854295849656, 9.393945454545454], [null, 0.9093255711957026, 9.494954545454545], [null, 0.8169476164314672, 9.595963636363637], [null, 0.7124707775421996, 9.696972727272726], [null, 0.5894996370819254, 9.797981818181817], [null, 0.43254153642108356, 9.898990909090909], [null, 0.16237242711590869, 10.0]]}