{"dim": 3, "delta": 0.5, "mu": 5.906055070328385, "dmu": 0.75, "g": -0.35745630563796066, "k_c": 50, "data": [[0.17700450531726142, 0.4435935009448115, 0.0001], [0.1768643732378413, 0.44357508617098457, 0.01525050505050505], [0.17644805856451962, 0.44352028965583185, 0.030401010101010102], [0.17575683921447074, 0.44342901561812925, 0.045551515151515155], [0.17479282896021828, 0.4433011037316182, 0.06070202020202021], [0.173558958770439, 0.4431363278471343, 0.07585252525252525], [0.17205895017492942, 0.44293439399101414, 0.09100303030303031], [0.170297280186712, 0.4426949377541649, 0.10615353535353536], [0.16827913640948655, 0.4424175210254891, 0.12130404040404041], [0.16601036042060763, 0.4421016281191492, 0.13645454545454544], [0.16349737587695848, 0.4417466605983756, 0.1516050505050505], [0.16074709553759609, 0.4413519317105697, 0.16675555555555555], [0.15776679751055808, 0.4409166593860441, 0.1819060606060606], [0.15456395538732104, 0.44043995800442054, 0.19705656565656565], [0.1511459979559709, 0.4399208287361006, 0.2122070707070707], [0.1475199640291801, 0.4393581476879882, 0.22735757575757576], [0.14369200736728832, 0.43875065404090907, 0.2425080808080808], [0.13966670915802207, 0.438096930501852, 0.25765858585858586], [0.1354461839143974, 0.4373953873860537, 0.2728090909090909], [0.13102903123595683, 0.4366442380166677, 0.28795959595959597], [0.1264092552336121, 0.43584147112057103, 0.303110101010101], [0.12157527033301332, 0.43498481677677936, 0.3182606060606061], [0.11650897454125975, 0.43407170565321446, 0.3334111111111111], [0.11118467228318538, 0.433099217637479, 0.3485616161616162], [0.1055674545412863, 0.43206401823253204, 0.3637121212121212], [0.09961049497494394, 0.4309622784271121, 0.3788626262626263], [0.09325043887467514, 0.42978956996715784, 0.3940131313131313], [0.08639936905597553, 0.4285407431520515, 0.4091636363636364], [0.07893012008497263, 0.4272097299522184, 0.4243141414141414], [0.07064715348814644, 0.42578933030325367, 0.4394646464646465], [0.06122109810492582, 0.4242708765790129, 0.4546151515151515], [0.05000952974436129, 0.4226437797313639, 0.4697656565656566], [0.035352229804423464, 0.42089486422499883, 0.48491616161616163], [null, 0.4190073620959136, 0.5000666666666667], [null, 0.41695932492474475, 0.5152171717171717], [null, 0.414720956610495, 0.5303676767676768], [null, 0.412249787742092, 0.5455181818181818], [null, 0.40948095722305466, 0.5606686868686869], [null, 0.40630434604432053, 0.575819191919192], [null, 0.4024941270258341, 0.590969696969697], [null, 0.3972700108632007, 0.606120202020202], [null, 0.38811357028165827, 0.6212707070707071], [null, 0.3793492684331669, 0.6364212121212122], [null, 0.3711139084960504, 0.6515717171717172], [null, 0.36336333089821354, 0.6667222222222222], [null, 0.3560565605251404, 0.6818727272727273], [null, 0.34915568834681693, 0.6970232323232324], [null, 0.34262572470614516, 0.7121737373737375], [null, 0.3364344344180634, 0.7273242424242424], [null, 0.33055216093038553, 0.7424747474747475], [null, 0.32495163748744493, 0.7576252525252526], [null, 0.3196078403699058, 0.7727757575757576], [null, 0.31449773752647253, 0.7879262626262626], [null, 0.3096001856225137, 0.8030767676767677], [null, 0.30489572698351897, 0.8182272727272728], [null, 0.30036643768451116, 0.8333777777777778], [null, 0.295995777733407, 0.8485282828282829], [null, 0.29176844916166333, 0.8636787878787879], [null, 0.28767026455539607, 0.878829292929293], [null, 0.28368802182727, 0.893979797979798], [null, 0.2798093880623422, 0.9091303030303031], [null, 0.2760227886706964, 0.9242808080808081], [null, 0.2723173032749208, 0.9394313131313132], [null, 0.26868256319062833, 0.9545818181818182], [null, 0.2651086546969235, 0.9697323232323233], [null, 0.2615860207556246, 0.9848828282828284], [null, 0.25810536266099365, 1.0000333333333333], [null, 0.25465753808555075, 1.0151838383838385], [null, 0.2512334511351877, 1.0303343434343435], [null, 0.24782393468992056, 1.0454848484848485], [null, 0.2444196135510924, 1.0606353535353537], [null, 0.24101074795990063, 1.0757858585858586], [null, 0.23758704257546137, 1.0909363636363636], [null, 0.23413741131367702, 1.1060868686868688], [null, 0.23064967467737232, 1.1212373737373738], [null, 0.22711016147249038, 1.136387878787879], [null, 0.22350316616918084, 1.151538383838384], [null, 0.2198101859403699, 1.1666888888888889], [null, 0.21600880922862653, 1.181839393939394], [null, 0.21207102691609273, 1.196989898989899], [null, 0.20796053960267885, 1.212140404040404], [null, 0.2036282036236325, 1.2272909090909092], [null, 0.19900371956604618, 1.2424414141414142], [null, 0.19397881326609073, 1.2575919191919191], [null, 0.188367852367741, 1.2727424242424243], [null, 0.1817908489744029, 1.2878929292929293], [null, 0.173106154559372, 1.3030434343434345]]}