{"dim": 3, "delta": 1.2, "mu": 5.906055070328385, "dmu": 1.4, "g": -0.36840208697430715, "k_c": 50, "data": [[0.41021854951156367, 0.6351118774293073, 0.0001], [0.41012351858143414, 0.6350354996589983, 0.028381818181818178], [0.4101007574576858, 0.634806848406228, 0.05666363636363636], [0.41010784388760246, 0.6344241364853692, 0.08494545454545453], [0.41014903731082347, 0.63388431408216, 0.11322727272727272], [0.4102320678468093, 0.6331829522564769, 0.1415090909090909], [0.41036692114986895, 0.6323140623629296, 0.16979090909090905], [0.41056600357168266, 0.6312698393700381, 0.19807272727272723], [0.4108447327841062, 0.6300402952123106, 0.22635454545454542], [0.4112224739504172, 0.6286127417446541, 0.2546363636363636], [0.41172392211378367, 0.626971051356906, 0.2829181818181818], [0.41238115169565503, 0.6250945774205023, 0.3112], [0.41323673696970126, 0.6229565349631552, 0.3394818181818181], [0.414348672760763, 0.6205214755994287, 0.3677636363636363], [0.41579849209701125, 0.6177411567184357, 0.3960454545454545], [0.41770543316294373, 0.614547345544, 0.42432727272727266], [0.420253022479931, 0.6108381888004969, 0.45260909090909085], [0.4237440382724637, 0.6064491987470564, 0.48089090909090904], [0.4287309510488368, 0.601079619339622, 0.5091727272727272], [0.4364000297272081, 0.5940384026939061, 0.5374545454545454], [0.45027789506654375, 0.5821614577456659, 0.5657363636363636], [0.25048562380234124, 0.2774606724321394, 0.9616818181818181], [0.20028066427901411, 0.30382112694101393, 0.9899636363636363], [0.16878442078303593, 0.3130141891515582, 1.0182454545454545], [0.14275827464196003, 0.3182521676348139, 1.0465272727272725], [0.12016683336907615, 0.3215439150831198, 1.0748090909090908], [0.10021317121218395, 0.3236598955610837, 1.103090909090909], [0.0824875525309942, 0.32498386008743296, 1.1313727272727272], [0.06504347312819336, 0.32573533054297826, 1.1596545454545453], [null, 0.3260513411032649, 1.1879363636363636], [null, 0.32602271258133475, 1.2162181818181816], [null, 0.32571230028530834, 1.2445], [null, 0.3251650162340469, 1.272781818181818], [null, 0.32441371390143026, 1.3010636363636363], [null, 0.3234828241676671, 1.3293454545454544], [null, 0.322390697008273, 1.3576272727272725], [null, 0.3211511584405331, 1.3859090909090908], [null, 0.3197745721249566, 1.4141909090909088], [null, 0.31826857645251233, 1.4424727272727271], [null, 0.31663860215036654, 1.4707545454545452], [null, 0.3148882356180558, 1.4990363636363635], [null, 0.31301947022495297, 1.5273181818181816], [null, 0.3110328724254762, 1.5555999999999999], [null, 0.3089276798112509, 1.583881818181818], [null, 0.3067018408809835, 1.6121636363636362], [null, 0.3043520005660684, 1.6404454545454543], [null, 0.30187343267212113, 1.6687272727272726], [null, 0.2992599090409531, 1.6970090909090907], [null, 0.29650350112903295, 1.725290909090909], [null, 0.2935942900003611, 1.753572727272727], [null, 0.29051995001716596, 1.7818545454545454], [null, 0.28726515529205926, 1.8101363636363634], [null, 0.2838108115422457, 1.8384181818181815], [null, 0.2801327099582947, 1.8666999999999998], [null, 0.276199844643357, 1.8949818181818179], [null, 0.27197152700668625, 1.9232636363636362], [null, 0.26739281082828437, 1.9515454545454543], [null, 0.26238655601883465, 1.9798272727272725], [null, 0.25683854863936656, 2.008109090909091], [null, 0.25056631623201103, 2.036390909090909], [null, 0.24324201384121322, 2.064672727272727], [null, 0.23414014842125844, 2.0929545454545453], [null, 0.2205114290977612, 2.121236363636364]]}