{"dim": 3, "delta": 0.5, "mu": 5.906055070328385, "dmu": 3, "g": -0.3942728029433361, "k_c": 50, "data": [[0.24439160756103448, null, 0.0001], [0.24252354094524212, null, 0.06070505050505051], [0.23685530474996075, null, 0.12131010101010102], [0.22713878514791797, null, 0.18191515151515153], [0.2128833803049664, null, 0.24252020202020202], [0.21288338030489498, null, 0.24252020202020202], [0.19318096052114378, null, 0.3031252525252525], [0.1931809605214704, null, 0.3031252525252525], [0.1662402573883049, null, 0.36373030303030307], [0.12776032609609136, null, 0.42433535353535357], [0.05863560540154656, null, 0.48494040404040406]]}