{"dim": 3, "delta": 1, "mu": 5.906055070328385, "dmu": 1.1, "g": -0.3613015625876271, "k_c": 50, "data": [[0.3357667332167604, 0.4515604317266545, 0.0001], [0.3362467731031224, 0.45144775206526977, 0.02232121212121212], [0.33770551923367614, 0.4511094257853414, 0.044542424242424244], [0.3403411802001673, 0.4505383717590144, 0.06676363636363637], [0.34363230661901073, 0.44972202216405793, 0.08898484848484849], [0.3471328308542967, 0.4486409582267605, 0.1112060606060606], [0.3509722575365549, 0.4472665146783722, 0.13342727272727273], [0.355286588160656, 0.4455565734109666, 0.15564848484848484], [0.3602428716759584, 0.4434478312397009, 0.17786969696969696], [0.366067696262275, 0.44084036316221503, 0.20009090909090907], [0.37309377921658393, 0.43756260629079957, 0.22231212121212118], [0.38185181564627785, 0.43327397975893, 0.24453333333333332], [0.39328385179941094, 0.42706789251965066, 0.26675454545454547], [0.39328385179942066, 0.4270678925197161, 0.26675454545454547], [0.07677636726309447, 0.13123994636608657, 0.933390909090909], [0.05167343385569142, 0.14888693027984923, 0.9556121212121211], [0.03556380700659125, 0.15867855533946593, 0.9778333333333333], [0.0355638070065242, 0.15867855533947606, 0.9778333333333333], [null, 0.16537111420505218, 1.0000545454545455], [null, 0.17027552595285605, 1.0222757575757575], [null, 0.17398156417048508, 1.0444969696969697], [null, 0.17681336957425187, 1.066718181818182], [null, 0.17897039796696582, 1.0889393939393939], [null, 0.18058453921335949, 1.111160606060606], [null, 0.18174736216871445, 1.133381818181818], [null, 0.18252456670286332, 1.1556030303030302], [null, 0.18296428543318355, 1.1778242424242424], [null, 0.18310211971770374, 1.2000454545454544], [null, 0.18296431275104577, 1.2222666666666666], [null, 0.18256978743987812, 1.2444878787878788], [null, 0.18193144221538743, 1.2667090909090908], [null, 0.18105692179801033, 1.288930303030303], [null, 0.1799489736087935, 1.3111515151515152], [null, 0.1786054239950841, 1.3333727272727272], [null, 0.17701874276174606, 1.3555939393939394], [null, 0.1751750750462934, 1.3778151515151515], [null, 0.17305248415263455, 1.4000363636363635], [null, 0.17061787264369244, 1.4222575757575757], [null, 0.1678214797951699, 1.444478787878788], [null, 0.16458638656187824, 1.4667], [null, 0.1607863887605111, 1.488921212121212], [null, 0.15619117693379536, 1.5111424242424243], [null, 0.15028733899339422, 1.5333636363636363], [null, 0.14113994746804798, 1.5555848484848485]]}