{"dim": 3, "delta": 0.75, "mu": 5.906055070328385, "dmu": 1.1, "g": -0.3659549650572991, "k_c": 50, "data": [[0.26916480311085883, 0.624174024877468, 0.0001], [0.2689456705896598, 0.6241457364608471, 0.02232121212121212], [0.2682929878395594, 0.6240613174722722, 0.044542424242424244], [0.26720915258329325, 0.6239205930776023, 0.06676363636363637], [0.2656981306658323, 0.6237232701135026, 0.08898484848484849], [0.263765418402093, 0.6234689342909654, 0.1112060606060606], [0.2614179908989922, 0.623157045944314, 0.13342727272727273], [0.258664238059147, 0.6227869340833254, 0.15564848484848484], [0.25551388769666883, 0.6223577902139373, 0.17786969696969696], [0.25197791879313625, 0.6218686576351034, 0.20009090909090907], [0.24806846258289098, 0.6213184224141564, 0.22231212121212118], [0.24379868977822747, 0.6207057992094016, 0.24453333333333332], [0.23918267292026327, 0.6200293157838268, 0.26675454545454547], [0.23423518839693808, 0.6192872942197788, 0.28897575757575755], [0.22897131386879702, 0.6184778278356451, 0.3111969696969697], [0.2234048819621567, 0.6175987540560374, 0.3334181818181818], [0.21754314002841535, 0.6166476215211933, 0.3556393939393939], [0.21145487509452593, 0.6156216500863517, 0.37786060606060606], [0.20514991885810338, 0.6145176820317512, 0.40008181818181815], [0.19862332741204883, 0.6133321222900575, 0.4223030303030303], [0.19187264828883316, 0.612060864268624, 0.4445242424242424], [0.18489825544761926, 0.6106991970445933, 0.4667454545454545], [0.17766073627816042, 0.6092416878823648, 0.48896666666666666], [0.17007672114030045, 0.6076820315847983, 0.5111878787878787], [0.16211070213873177, 0.6060128544048902, 0.5334090909090909], [0.15370429220879897, 0.6042254544065141, 0.555630303030303], [0.14478027292033466, 0.6023094508804014, 0.5778515151515151], [0.1352352862584324, 0.6002522997989145, 0.6000727272727272], [0.12492601207893418, 0.5980386068641319, 0.6222939393939394], [0.1136435163447087, 0.5956491183845372, 0.6445151515151515], [0.10106119983370443, 0.5930591864524138, 0.6667363636363636], [0.08661318463540887, 0.5902363173479347, 0.6889575757575758], [0.06913816327972472, 0.5871359631411206, 0.7111787878787879], [0.045253892886429184, 0.583693868222981, 0.7333999999999999], [null, 0.5798100628464199, 0.7556212121212121], [null, 0.5753096769169616, 0.7778424242424242], [null, 0.5698113022789387, 0.8000636363636363], [null, 0.5613482493646902, 0.8222848484848485], [null, 0.5487690738205505, 0.8445060606060606], [null, 0.5369538558426643, 0.8667272727272727], [null, 0.5258443027930345, 0.8889484848484848], [null, 0.5153851606208977, 0.911169696969697], [null, 0.5055243532605473, 0.933390909090909], [null, 0.49621304701378927, 0.9556121212121211], [null, 0.48740564154634536, 0.9778333333333333], [null, 0.47905970769306166, 1.0000545454545455], [null, 0.4711358826782039, 1.0222757575757575], [null, 0.4635977322190296, 1.0444969696969697], [null, 0.4564115920172965, 1.066718181818182], [null, 0.449546394063719, 1.0889393939393939], [null, 0.44297348062926845, 1.111160606060606], [null, 0.4366664338195006, 1.133381818181818], [null, 0.4306008694895151, 1.1556030303030302], [null, 0.4247542815143617, 1.1778242424242424], [null, 0.4191058592328672, 1.2000454545454544], [null, 0.413636326169577, 1.2222666666666666], [null, 0.40832778303587564, 1.2444878787878788], [null, 0.40316356149015026, 1.2667090909090908], [null, 0.39812808315952375, 1.288930303030303], [null, 0.39320672763054654, 1.3111515151515152], [null, 0.3883857055806165, 1.3333727272727272], [null, 0.3836519378149178, 1.3555939393939394], [null, 0.378992937028871, 1.3778151515151515], [null, 0.37439669189353697, 1.4000363636363635], [null, 0.3698515508739453, 1.4222575757575757], [null, 0.3653461034276447, 1.444478787878788], [null, 0.36086905563329297, 1.4667], [null, 0.35640909654749214, 1.488921212121212], [null, 0.35195475020752914, 1.5111424242424243], [null, 0.34749420872985176, 1.5333636363636363], [null, 0.34301513315258936, 1.5555848484848485], [null, 0.3385044183947729, 1.5778060606060607], [null, 0.33394789794557267, 1.6000272727272726], [null, 0.3293299689311878, 1.6222484848484848], [null, 0.3246331000554824, 1.644469696969697], [null, 0.31983716823937053, 1.666690909090909], [null, 0.314918535909442, 1.6889121212121212], [null, 0.3098487238584889, 1.7111333333333334], [null, 0.3045924302843701, 1.7333545454545454], [null, 0.2991044385774802, 1.7555757575757576], [null, 0.29332452401570064, 1.7777969696969695], [null, 0.2871684751463389, 1.8000181818181817], [null, 0.2805107860548885, 1.822239393939394], [null, 0.273146856454868, 1.844460606060606], [null, 0.26469315576741115, 1.866681818181818], [null, 0.2542153992265042, 1.8889030303030303], [null, 0.23334155502699946, 1.9111242424242423]]}