{"dim": 3, "delta": 2, "mu": 5.906055070328385, "dmu": 2.5, "g": -0.3837768919059416, "k_c": 50, "data": [[0.7419239194798063, 1.082129027487202, 0.0001], [0.7399501234421001, 1.0819817106931162, 0.05060404040404041], [0.7384540846716958, 1.0815393362766816, 0.10110808080808081], [0.7371253393372404, 1.0807970698323048, 0.1516121212121212], [0.7358426010243995, 1.0797465799343215, 0.2021161616161616], [0.7345613161688216, 1.0783755832263824, 0.252620202020202], [0.7332581434124144, 1.0766671263109506, 0.3031242424242424], [0.7319176667313284, 1.0745984994193538, 0.35362828282828285], [0.7305275787412953, 1.07213959860151, 0.40413232323232323], [0.7290763433843429, 1.0692504278985389, 0.4546363636363636], [0.7275516648127937, 1.0658771475508066, 0.5051404040404041], [0.7259391044890914, 1.0619455725994549, 0.5556444444444445], [0.7242204447011348, 1.0573497463061012, 0.6061484848484848], [0.722371383310716, 1.0519301118030182, 0.6566525252525253], [0.7203579302787012, 1.0454264449437292, 0.7071565656565657], [0.7181303694313004, 1.037355688192561, 0.757660606060606], [0.7156125278671476, 1.0265681695357887, 0.8081646464646465], [0.7156125278671112, 1.026568169535785, 0.8081646464646465], [0.7126815992977652, 1.004633214417583, 0.8586686868686869], [0.7091278475223145, 0.9524710151365838, 0.9091727272727272], [0.7045694638762878, 0.9028973598298357, 0.9596767676767677], [0.6982669846592516, 0.85657667801313, 1.0101808080808081], [0.6887498816365074, 0.8149201449275526, 1.0606848484848486], [0.6734214833987039, 0.7804784311701402, 1.111188888888889], [0.6496584269062253, 0.7558404604480881, 1.1616929292929292], [0.6180482526578008, 0.7403943180052678, 1.2121969696969697], [0.581908427188018, 0.7308070004662388, 1.26270101010101], [0.5439833828307625, 0.724326343580699, 1.3132050505050505], [0.5057472523456884, 0.7194773916506322, 1.363709090909091], [0.4679342724539223, 0.715531199101488, 1.4142131313131314], [0.43092979195605724, 0.7121131169932834, 1.4647171717171716], [0.3949548867459603, 0.7090174004040196, 1.515221212121212], [0.36014969193604945, 0.7061234393344115, 1.5657252525252525], [0.3266120085246152, 0.7033563243494725, 1.616229292929293], [0.2944165114776388, 0.7006671534585148, 1.6667333333333334], [0.2636245912591718, 0.6980225437181043, 1.7172373737373738], [0.23428962807496115, 0.6953988281116513, 1.7677414141414143], [0.2064598780935774, 0.6927786105048062, 1.8182454545454545], [0.1786817242849737, 0.6901486775678798, 1.868749494949495], [0.14190632269607067, 0.6874986735241791, 1.9192535353535354], [0.08763801215789926, 0.6848202332163427, 1.9697575757575758], [null, 0.682106397774294, 2.0202616161616165], [null, 0.6793512102474598, 2.0707656565656567], [null, 0.6765494281985606, 2.1212696969696974], [null, 0.6736963140607816, 2.1717737373737376], [null, 0.6707874796355887, 2.2222777777777782], [null, 0.6678187628539476, 2.2727818181818185], [null, 0.6647861351214149, 2.3232858585858587], [null, 0.6616856221675058, 2.3737898989898993], [null, 0.6585132360036622, 2.4242939393939396], [null, 0.6552649186057176, 2.47479797979798], [null, 0.6519364855778167, 2.5253020202020204], [null, 0.6485235729011622, 2.575806060606061], [null, 0.6450215877494133, 2.6263101010101013], [null, 0.6414256519139511, 2.6768141414141415], [null, 0.6377305439400187, 2.727318181818182], [null, 0.633930635373126, 2.7778222222222224], [null, 0.6300198184499208, 2.828326262626263], [null, 0.6259914232609644, 2.8788303030303033], [null, 0.6218381211208955, 2.9293343434343435], [null, 0.6175518100768106, 2.979838383838384], [null, 0.6131234775236127, 3.0303424242424244], [null, 0.6085430331997963, 3.080846464646465], [null, 0.6037991036676534, 3.1313505050505053], [null, 0.598878774799596, 3.181854545454546], [null, 0.5937672736024787, 3.232358585858586], [null, 0.5884475434708966, 3.2828626262626264], [null, 0.5828997110577678, 3.333366666666667], [null, 0.5771003676745748, 3.3838707070707073], [null, 0.5710215980576179, 3.434374747474748], [null, 0.5646296468529277, 3.484878787878788], [null, 0.5578829984186459, 3.535382828282829], [null, 0.5507295991214212, 3.585886868686869], [null, 0.543102600847145, 3.6363909090909092], [null, 0.5349135962506452, 3.68689494949495], [null, 0.5260412104755908, 3.73739898989899], [null, 0.5163103910950116, 3.7879030303030308], [null, 0.5054508548472948, 3.838407070707071], [null, 0.5054508548473092, 3.838407070707071], [null, 0.4930008380743098, 3.888911111111111], [null, 0.4930008380743087, 3.888911111111111], [null, 0.4780259218657941, 3.939415151515152], [null, 0.4780259218658032, 3.939415151515152], [null, 0.4577991032190369, 3.989919191919192], [null, 0.371053987870637, 4.040423232323232], [null, 0.12069287067125391, 4.0909272727272725]]}