{"dim": 3, "delta": 1, "mu": 5.906055070328385, "dmu": 6, "g": -0.412027353252091, "k_c": 50, "data": [[0.26709931031149176, null, 1.091], [0.4354757406273291, null, 1.2122111111111111], [0.5799327173296142, null, 1.3334222222222223], [0.7205812090110573, null, 1.4546333333333334], [0.8691145859710627, null, 1.5758444444444446], [0.9709355445639568, null, 11.515155555555555], [0.8736670361554565, null, 11.636366666666667], [0.7638163621511159, null, 11.757577777777778], [0.6348893969981747, null, 11.87878888888889], [0.471493380071536, null, 12.0]]}