{"dim": 3, "delta": 1.4, "mu": 5.906055070328385, "dmu": 1.5, "g": -0.3674259259990216, "k_c": 50, "data": [[0.04738154408529426, 0.14090139489436457, 1.363690909090909], [0.020037895887881588, 0.15856920383489495, 1.3939929292929292], [null, 0.17008169418643224, 1.4242949494949495], [null, 0.17847487653445326, 1.4545969696969696], [null, 0.1848767011058692, 1.48489898989899], [null, 0.18985588210981863, 1.51520101010101], [null, 0.19374547539673867, 1.5455030303030304], [null, 0.19675852491690926, 1.5758050505050505], [null, 0.1990390272032756, 1.6061070707070706], [null, 0.20068754157293475, 1.636409090909091], [null, 0.20177521976823934, 1.666711111111111], [null, 0.2023518995409721, 1.6970131313131314], [null, 0.20245082481917995, 1.7273151515151515], [null, 0.20209120901891173, 1.7576171717171716], [null, 0.20127918949475312, 1.787919191919192], [null, 0.200007257906557, 1.818221212121212], [null, 0.19825183340960048, 1.8485232323232323], [null, 0.195967924234133, 1.8788252525252525], [null, 0.19307833906194272, 1.9091272727272728], [null, 0.18945082025828783, 1.939429292929293], [null, 0.1848430459297591, 1.969731313131313], [null, 0.17873518897388518, 2.0000333333333336], [null, 0.16947427641278429, 2.030335353535354]]}