{"dim": 3, "delta": 1.5, "mu": 5.906055070328385, "dmu": 1.6, "g": -0.3687323104945949, "k_c": 50, "data": [[0.057404784243016704, 0.13004411356914114, 1.4546000000000001], [0.029213468938588814, 0.15405478392864594, 1.4869222222222223], [null, 0.1682437150227391, 1.5192444444444446], [null, 0.1783058729758286, 1.5515666666666668], [null, 0.18589810488213113, 1.583888888888889], [null, 0.1917837123194905, 1.6162111111111113], [null, 0.19638852260286113, 1.6485333333333334], [null, 0.19997681275913615, 1.6808555555555558], [null, 0.20272359054621444, 1.713177777777778], [null, 0.20474927972833007, 1.7455], [null, 0.20613810777619576, 1.7778222222222224], [null, 0.206948453609277, 1.8101444444444446], [null, 0.20721874516375421, 1.8424666666666667], [null, 0.20697057445269312, 1.874788888888889], [null, 0.20620972115895908, 1.9071111111111112], [null, 0.20492516621792092, 1.9394333333333333], [null, 0.20308551796841415, 1.9717555555555557], [null, 0.20063115826650466, 2.0040777777777783], [null, 0.197457788278092, 2.0364000000000004], [null, 0.19337919835993067, 2.0687222222222226], [null, 0.188027399686987, 2.1010444444444447], [null, 0.1804762403022112, 2.133366666666667], [null, 0.15867392148416468, 2.1656888888888894]]}