{"dim": 3, "delta": 4, "mu": 5.906055070328385, "dmu": 5.0, "g": -0.401567979500162, "k_c": 50, "data": [[0.6835762708838986, 0.7640132048029795, 3.434409090909091], [0.5372707895469585, 0.8688820962989684, 3.5354181818181822], [0.45300744798650044, 0.9133017137770681, 3.636427272727273], [0.38497706929527653, 0.9431861868866566, 3.737436363636364], [0.312358209791797, 0.9654963352245569, 3.8384454545454547], [0.1952975009530561, 0.9829836472484159, 3.9394545454545455], [null, 0.9970663078000803, 4.040463636363636], [null, 1.0085855611179633, 4.141472727272727], [null, 1.008585561118, 4.141472727272727], [null, 1.0180865583538052, 4.242481818181818], [null, 1.0259447577433172, 4.343490909090909], [null, 1.0324305041999262, 4.4445], [null, 1.0377450563232369, 4.545509090909091], [null, 1.0420421949241416, 4.646518181818181], [null, 1.0454418070289981, 4.747527272727273], [null, 1.0480388160759069, 4.848536363636363], [null, 1.049909281825365, 4.949545454545454], [null, 1.0511146500417967, 5.0505545454545455], [null, 1.0517048038112469, 5.151563636363636], [null, 1.0517202848031089, 5.252572727272727], [null, 1.051193934199922, 5.3535818181818176], [null, 1.050152113651996, 5.454590909090909], [null, 1.0486156141330927, 5.5556], [null, 1.0466003266290604, 5.6566090909090905], [null, 1.0441177228483864, 5.757618181818182], [null, 1.041175180077732, 5.858627272727272], [null, 1.0377761696168841, 5.959636363636363], [null, 1.0339203192189372, 6.060645454545455], [null, 1.0296033505053204, 6.161654545454545], [null, 1.0248168829764257, 6.262663636363636], [null, 1.0195480855249757, 6.363672727272727], [null, 1.0137791424523535, 6.464681818181818], [null, 1.0074864813892344, 6.565690909090909], [null, 1.000639681651202, 6.6667], [null, 0.9931999523151653, 6.767709090909091], [null, 0.9851178607321166, 6.868718181818181], [null, 0.9763303359082021, 6.9697272727272725], [null, 0.9667557971498947, 7.070736363636364], [null, 0.956287008525747, 7.171745454545454], [null, 0.9562870085257795, 7.171745454545454], [null, 0.9447794327027058, 7.2727545454545455], [null, 0.9447794327027901, 7.2727545454545455], [null, 0.9320314114901265, 7.373763636363636], [null, 0.9320314114903187, 7.373763636363636], [null, 0.9177476936642587, 7.474772727272727], [null, 0.9177476936647714, 7.474772727272727], [null, 0.9014648068268211, 7.575781818181818], [null, 0.9014648068269833, 7.575781818181818], [null, 0.882372526140272, 7.676790909090909], [null, 0.8823725261403034, 7.676790909090909], [null, 0.8587586118051088, 7.7778], [null, 0.8248078034944398, 7.87880909090909], [null, 0.7271518615846226, 7.979818181818182], [null, 0.5971836721331948, 8.080827272727273], [null, 0.42920533461058946, 8.181836363636364], [null, 0.10732950317777872, 8.282845454545454]]}