{"dim": 3, "delta": 2.5, "mu": 5.906055070328385, "dmu": 5.5, "g": -0.4087296777008819, "k_c": 50, "data": [[1.2897469290005779, 1.523805055222941, 1.777861616161616], [1.1937837415645594, 1.565809169910949, 1.888971717171717], [1.116350360238888, 1.5903372199524022, 2.000081818181818], [1.0223047721871605, 1.6072748742042025, 2.1111919191919193], [0.8953532496594727, 1.6198006419079714, 2.2223020202020205], [0.7190834100270919, 1.6294003486553523, 2.3334121212121213], [0.43104480023371233, 1.6369015201450032, 2.4445222222222225], [null, 1.6428161178013292, 2.5556323232323233], [null, 1.6474841329617458, 2.6667424242424245], [null, 1.6511432308924388, 2.7778525252525252], [null, 1.6539660516081582, 2.8889626262626265], [null, 1.6560822955870553, 3.0000727272727272], [null, 1.6575911007214967, 3.1111828282828284], [null, 1.6585704611160976, 3.222292929292929], [null, 1.6590824660673633, 3.3334030303030304], [null, 1.659177306784425, 3.444513131313131], [null, 1.6588960404249413, 3.5556232323232324], [null, 1.658272596727952, 3.6667333333333336], [null, 1.657335253666223, 3.7778434343434344], [null, 1.6561077473087404, 3.8889535353535356], [null, 1.6546101174496672, 4.000063636363636], [null, 1.6528593609182334, 4.111173737373737], [null, 1.6508699423565454, 4.222283838383838], [null, 1.6486541975649893, 4.333393939393939], [null, 1.6462226551257206, 4.44450404040404], [null, 1.643584293348323, 4.555614141414141], [null, 1.6407467558097262, 4.666724242424242], [null, 1.6377165088608936, 4.777834343434343], [null, 1.6344989921850441, 4.888944444444444], [null, 1.6310987252233526, 5.000054545454545], [null, 1.6275194062505285, 5.111164646464646], [null, 1.6237639794135883, 5.222274747474747], [null, 1.619834703978515, 5.333384848484848], [null, 1.615733201137963, 5.444494949494949], [null, 1.6114604930121121, 5.55560505050505], [null, 1.607017033023993, 5.6667151515151515], [null, 1.602402727865294, 5.777825252525252], [null, 1.5976169521291914, 5.888935353535353], [null, 1.5926585371297772, 6.000045454545454], [null, 1.5875258670333745, 6.1111555555555555], [null, 1.5822166836507623, 6.222265656565656], [null, 1.576728264615326, 6.333375757575757], [null, 1.5710573107408534, 6.444485858585858], [null, 1.565199937793218, 6.555595959595959], [null, 1.5591516448718838, 6.66670606060606], [null, 1.5529072716696624, 6.777816161616161], [null, 1.5464609469755295, 6.888926262626262], [null, 1.539806025853761, 7.000036363636363], [null, 1.5329350136443882, 7.111146464646464], [null, 1.5258394744893478, 7.222256565656565], [null, 1.5185099211923636, 7.333366666666667], [null, 1.5109356824196736, 7.444476767676767], [null, 1.5031047422093955, 7.555586868686868], [null, 1.4950035446285521, 7.666696969696969], [null, 1.48661675525444, 7.777807070707071], [null, 1.4779269672309874, 7.888917171717171], [null, 1.4689143358410994, 8.000027272727273], [null, 1.4595561202286567, 8.111137373737373], [null, 1.4498261010275053, 8.222247474747475], [null, 1.4396938314655818, 8.333357575757574], [null, 1.4396938314655743, 8.333357575757574], [null, 1.4291236590628902, 8.444467676767676], [null, 1.4291236590629022, 8.444467676767676], [null, 1.418073426056222, 8.555577777777778], [null, 1.418073426056229, 8.555577777777778], [null, 1.4064927075772098, 8.666687878787878], [null, 1.4064927075772207, 8.666687878787878], [null, 1.3943203680931249, 8.77779797979798], [null, 1.3943203680931462, 8.77779797979798], [null, 1.3814810808007418, 8.888908080808081], [null, 1.3814810808007807, 8.888908080808081], [null, 1.3678802006264918, 9.00001818181818], [null, 1.3678802006265338, 9.00001818181818], [null, 1.3533959239736688, 9.111128282828282], [null, 1.3533959239737363, 9.111128282828282], [null, 1.3378666885896153, 9.222238383838384], [null, 1.3378666885900008, 9.222238383838384], [null, 1.3210696593221662, 9.333348484848484], [null, 1.3210696593223847, 9.333348484848484], [null, 1.3026808679734858, 9.444458585858586], [null, 1.3026808679739181, 9.444458585858586], [null, 1.2821925435930914, 9.555568686868686], [null, 1.2587096610489021, 9.666678787878787], [null, 1.2302716724532063, 9.777788888888889], [null, 1.1871561481389137, 9.888898989898989], [null, 1.1134592183238141, 10.00000909090909], [null, 1.0343313066225912, 10.111119191919192], [null, 0.9484163513734347, 10.222229292929292], [null, 0.8536701288041199, 10.333339393939394], [null, 0.7467414348926699, 10.444449494949493], [null, 0.6213758097612835, 10.555559595959595], [null, 0.4628304708133618, 10.666669696969697], [null, 0.20479036785675586, 10.777779797979797]]}