{"dim": 3, "delta": 0.75, "mu": 5.906055070328385, "dmu": 1, "g": -0.3628026574867113, "k_c": 50, "data": [[0.26412399199295344, 0.5422667000495887, 0.0001], [0.26388607647684287, 0.5422368511388952, 0.0203010101010101], [0.2631765671310767, 0.5421478119796066, 0.040502020202020206], [0.26199376861865037, 0.5419993497136534, 0.06070303030303031], [0.26033309610169514, 0.5417910735551352, 0.08090404040404041], [0.25818228698592854, 0.5415224296096259, 0.10110505050505052], [0.2555011937961873, 0.54119269402766, 0.12130606060606061], [0.2521880951098008, 0.540800962790005, 0.1415070707070707], [0.2487207444781616, 0.5403461398829426, 0.1617080808080808], [0.2451596323357283, 0.5398269214165249, 0.1819090909090909], [0.24148158117484483, 0.5392417764445132, 0.20211010101010102], [0.23766586169243875, 0.5385889225024671, 0.2223111111111111], [0.2336931408528696, 0.5378663005986847, 0.2425121212121212], [0.2295448692740147, 0.5370715313553269, 0.2627131313131313], [0.22520294253116693, 0.536201879539315, 0.2829141414141414], [0.22064955504795575, 0.5352541954560147, 0.3031151515151515], [0.2158672099086146, 0.5342248489313418, 0.3233161616161616], [0.21083886740252863, 0.533109643543264, 0.3435171717171717], [0.20554823192619853, 0.5319037102798483, 0.36371818181818183], [0.19998017788589456, 0.5306013691126574, 0.38391919191919194], [0.19412131789363446, 0.5291959494876143, 0.40412020202020205], [0.18796070975858292, 0.5276795525629412, 0.4243212121212121], [0.18149068803386378, 0.5260427309102373, 0.4445222222222222], [0.17470778955227614, 0.5242740454838792, 0.4647232323232323], [0.16761372209135522, 0.5223594400314601, 0.4849242424242424], [0.16021630376972243, 0.5202813260264039, 0.5051252525252525], [0.152530282304333, 0.5180171958224716, 0.5253262626262626], [0.14457793340045574, 0.5155374191140766, 0.5455272727272727], [0.13638934146577505, 0.512801530388393, 0.5657282828282828], [0.12800229047114198, 0.5097514741790334, 0.585929292929293], [0.11946172596818071, 0.5062979891158566, 0.606130303030303], [0.11081880721510474, 0.5022882925100157, 0.6263313131313132], [0.10199978569192304, 0.49740673693015164, 0.6465323232323232], [0.09190395289768068, 0.4905806635340781, 0.6667333333333333], [0.08023910004418451, 0.4770985381740077, 0.6869343434343435], [0.06632713121653602, 0.46408079446304557, 0.7071353535353535], [0.048340765616180045, 0.4520754838622807, 0.7273363636363637], [0.01596823846492712, 0.4409924474447307, 0.7475373737373737], [null, 0.430746146447793, 0.7677383838383839], [null, 0.42125634235896015, 0.7879393939393939], [null, 0.41244850509732073, 0.8081404040404041], [null, 0.4042539802678097, 0.8283414141414142], [null, 0.39660996029275947, 0.8485424242424242], [null, 0.3894593076625412, 0.8687434343434344], [null, 0.3827502618629619, 0.8889444444444444], [null, 0.37643608931181566, 0.9091454545454546], [null, 0.3704746853623216, 0.9293464646464646], [null, 0.3648281644181359, 0.9495474747474748], [null, 0.35946245723197845, 0.9697484848484849], [null, 0.3543469069803169, 0.9899494949494949], [null, 0.34945391804192066, 1.010150505050505], [null, 0.34475858519975155, 1.0303515151515152], [null, 0.340238401127834, 1.0505525252525252], [null, 0.3358729500443782, 1.0707535353535353], [null, 0.3316436532469858, 1.0909545454545455], [null, 0.3275335279060349, 1.1111555555555557], [null, 0.32352696991724006, 1.1313565656565656], [null, 0.3196095582257217, 1.1515575757575758], [null, 0.31576787238127424, 1.171758585858586], [null, 0.3119893273062758, 1.1919595959595959], [null, 0.30826201482458676, 1.212160606060606], [null, 0.304574552894513, 1.2323616161616162], [null, 0.3009159416336424, 1.2525626262626264], [null, 0.29727541487785886, 1.2727636363636363], [null, 0.29364228884849375, 1.2929646464646465], [null, 0.29000579981740354, 1.3131656565656566], [null, 0.2863549242490127, 1.3333666666666666], [null, 0.2826781721604909, 1.3535676767676768], [null, 0.27896334070477574, 1.373768686868687], [null, 0.2751972117403082, 1.393969696969697], [null, 0.2713651590584309, 1.414170707070707], [null, 0.26745066064297907, 1.4343717171717172], [null, 0.2634345750580718, 1.4545727272727274], [null, 0.25929415495463787, 1.4747737373737373], [null, 0.25500170087338175, 1.4949747474747475], [null, 0.25052229189188546, 1.5151757575757576], [null, 0.24581017407655661, 1.5353767676767678], [null, 0.2408037300744614, 1.5555777777777777], [null, 0.23541277429652452, 1.575778787878788], [null, 0.22949806960082939, 1.595979797979798], [null, 0.22281731605610874, 1.6161808080808082], [null, 0.21486277808877458, 1.6363818181818182], [null, 0.20400716408455655, 1.6565828282828283]]}