{"dim": 3, "delta": 0.5, "mu": 5.906055070328385, "dmu": 0.52, "g": -0.3429381844645634, "k_c": 50, "data": [[0.009033212572890942, 0.027501378300014034, 0.493789898989899], [null, 0.034982009049426305, 0.5042939393939394], [null, 0.03941215632234271, 0.5147979797979798], [null, 0.04256203610101346, 0.5253020202020202], [null, 0.04492940923666567, 0.5358060606060606], [null, 0.04674188020420223, 0.546310101010101], [null, 0.048125181373199204, 0.5568141414141414], [null, 0.0491555375422254, 0.5673181818181818], [null, 0.04988076796063414, 0.5778222222222222], [null, 0.050329898587803595, 0.5883262626262626], [null, 0.05051742006910847, 0.598830303030303], [null, 0.050444169513616896, 0.6093343434343435], [null, 0.05009478247262148, 0.6198383838383839], [null, 0.04942917308728007, 0.6303424242424243], [null, 0.04835815331387177, 0.6408464646464647], [null, 0.046655307295895045, 0.6513505050505051], [null, 0.04319433467882186, 0.6618545454545455]]}