{"dim": 3, "delta": 0.75, "mu": 5.906055070328385, "dmu": 1.5, "g": -0.3751196811151353, "k_c": 50, "data": [[0.2843549937920613, 0.8949811980405946, 0.0001], [0.28405387722888725, 0.8949500696538008, 0.0304020202020202], [0.2831544897236536, 0.894857042911409, 0.060704040404040406], [0.2816568320950902, 0.8947019697631247, 0.0910060606060606], [0.27956077387647515, 0.8944846005441869, 0.12130808080808081], [0.2768658515224503, 0.8942045855347616, 0.151610101010101], [0.27357097671614966, 0.8938614687070708, 0.1819121212121212], [0.2696740438612519, 0.8934546862050516, 0.2122141414141414], [0.2651714209820345, 0.8929835609921174, 0.2425161616161616], [0.2600572999605157, 0.8924472973874282, 0.2728181818181818], [0.25432287119311203, 0.8918449743363869, 0.303120202020202], [0.24795527021501412, 0.8911755372226212, 0.33342222222222223], [0.2409362168744733, 0.8904377884034539, 0.3637242424242424], [0.23324022360755198, 0.8896303759291132, 0.3940262626262626], [0.2248321770048776, 0.8887517806284972, 0.42432828282828283], [0.2156639705532912, 0.8878002997229326, 0.454630303030303], [0.205669640386306, 0.8867740301117448, 0.4849323232323232], [0.19475802837286652, 0.8856708452101942, 0.5152343434343434], [0.1828011314791087, 0.8844883709147165, 0.5455363636363636], [0.1696144315905462, 0.8832239551995246, 0.5758383838383838], [0.15492101129098165, 0.8818746320008337, 0.606140404040404], [0.13827908792507207, 0.8804370788649853, 0.6364424242424243], [0.11891303178412689, 0.8789075648859066, 0.6667444444444445], [0.09521911892079712, 0.8772818880064005, 0.6970464646464646], [0.0625129767802047, 0.8755552979752741, 0.7273484848484848], [null, 0.8737224010164439, 0.757650505050505], [null, 0.8717770405608618, 0.7879525252525252], [null, 0.8697121462050795, 0.8182545454545455], [null, 0.8675195397956023, 0.8485565656565657], [null, 0.8651896824898607, 0.8788585858585858], [null, 0.8627113387841949, 0.909160606060606], [null, 0.8600711209245206, 0.9394626262626262], [null, 0.857252856114945, 0.9697646464646464], [null, 0.854236681065038, 1.0000666666666667], [null, 0.8509977025978489, 1.0303686868686868], [null, 0.8475039284814799, 1.060670707070707], [null, 0.8437128978851373, 1.0909727272727272], [null, 0.8395658020004982, 1.1212747474747475], [null, 0.8349762028765257, 1.1515767676767676], [null, 0.8298052766596441, 1.1818787878787878], [null, 0.8237935344701095, 1.212180808080808], [null, 0.8162529198600837, 1.2424828282828282], [null, 0.8044250343475619, 1.2727848484848485], [null, 0.7922252289730912, 1.3030868686868686], [null, 0.7805078958682459, 1.333388888888889], [null, 0.7692438171472565, 1.363690909090909], [null, 0.7584051061534971, 1.3939929292929292], [null, 0.7479651609959358, 1.4242949494949495], [null, 0.7378987438203101, 1.4545969696969696], [null, 0.7281817412890212, 1.48489898989899], [null, 0.7187913235015467, 1.51520101010101], [null, 0.7097057965324581, 1.5455030303030304], [null, 0.7009045718240287, 1.5758050505050505], [null, 0.6923681099179038, 1.6061070707070706], [null, 0.684077865185219, 1.636409090909091], [null, 0.6760162258779814, 1.666711111111111], [null, 0.6681664569245341, 1.6970131313131314], [null, 0.6605126350928155, 1.7273151515151515], [null, 0.6530395926459005, 1.7576171717171716], [null, 0.6457328554416386, 1.787919191919192], [null, 0.6385785821709886, 1.818221212121212], [null, 0.6315635023077733, 1.8485232323232323], [null, 0.624674858103391, 1.8788252525252525], [null, 0.6179003417633389, 1.9091272727272728], [null, 0.611228033817181, 1.939429292929293], [null, 0.6046463400412182, 1.969731313131313], [null, 0.5981439257393851, 2.0000333333333336], [null, 0.5917096502682181, 2.030335353535354], [null, 0.5853324901342054, 2.0606373737373738], [null, 0.5790014671612339, 2.090939393939394], [null, 0.5727055579723134, 2.1212414141414144], [null, 0.5664336181063047, 2.1515434343434343], [null, 0.5601742439646449, 2.1818454545454546], [null, 0.5539156842322769, 2.212147474747475], [null, 0.547645682091841, 2.2424494949494953], [null, 0.5413513098137736, 2.272751515151515], [null, 0.5350187640455042, 2.3030535353535355], [null, 0.5286331123517027, 2.333355555555556], [null, 0.5221779779321242, 2.3636575757575757], [null, 0.5156351248602783, 2.393959595959596], [null, 0.5089839288565746, 2.4242616161616164], [null, 0.5022006570745454, 2.4545636363636367], [null, 0.49525748429161354, 2.4848656565656566], [null, 0.48812110388950686, 2.515167676767677], [null, 0.4807507027696595, 2.5454696969696973], [null, 0.4730949116513317, 2.575771717171717], [null, 0.4650869487453474, 2.6060737373737375], [null, 0.4566365405168935, 2.636375757575758], [null, 0.44761536455801415, 2.666677777777778], [null, 0.4378282475649484, 2.696979797979798], [null, 0.42694775600603674, 2.7272818181818184], [null, 0.4143296192812755, 2.7575838383838387], [null, 0.39821604185045906, 2.7878858585858586], [null, 0.33939735825422557, 2.818187878787879], [null, 0.15131840772738744, 2.8484898989898992]]}