{"dim": 3, "delta": 2.5, "mu": 5.906055070328385, "dmu": 5.9, "g": -0.4107053521566614, "k_c": 50, "data": [[1.2785643845393635, 1.5194142963541653, 2.145536363636364], [1.1668387457477942, 1.5746399574887155, 2.264727272727273], [0.9833879873905427, 1.6066806784368821, 2.3839181818181823], [null, 1.6290995755542423, 2.503109090909091], [null, 1.6459728121612065, 2.6223000000000005], [null, 1.6459728121609527, 2.6223000000000005], [null, 1.6591692901272097, 2.7414909090909094], [null, 1.6591692901272292, 2.7414909090909094], [null, 1.6697229556496276, 2.8606818181818183], [null, 1.6697229556495479, 2.8606818181818183], [null, 1.6782726443947658, 2.9798727272727277], [null, 1.6852431112376731, 3.0990636363636366], [null, 1.6909322742726562, 3.218254545454546], [null, 1.6955572075687952, 3.337445454545455], [null, 1.6992813605994992, 3.456636363636364], [null, 1.702230761869271, 3.575827272727273], [null, 1.7045046042188279, 3.6950181818181824], [null, 1.7061822848095616, 3.8142090909090913], [null, 1.7073282591287866, 3.9334000000000002], [null, 1.7079954803772208, 4.052590909090909], [null, 1.7082278925490317, 4.1717818181818185], [null, 1.7080622757741122, 4.290972727272727], [null, 1.707529634888232, 4.410163636363636], [null, 1.7066562605003845, 4.529354545454545], [null, 1.705464552690268, 4.648545454545455], [null, 1.7039736642294039, 4.767736363636364], [null, 1.702200011897166, 4.886927272727273], [null, 1.7001576849438065, 5.006118181818182], [null, 1.69785877366107, 5.125309090909091], [null, 1.6953136320283009, 5.2445], [null, 1.6925311148281508, 5.363690909090909], [null, 1.6895187165169836, 5.482881818181818], [null, 1.686282755582339, 5.602072727272727], [null, 1.6828284748259343, 5.721263636363636], [null, 1.679160142967447, 5.840454545454546], [null, 1.675281133968237, 5.959645454545455], [null, 1.6711939904429391, 6.078836363636364], [null, 1.6669004616413121, 6.1980272727272725], [null, 1.6624016104077874, 6.317218181818182], [null, 1.6576976991775523, 6.436409090909091], [null, 1.6527883518516069, 6.5556], [null, 1.6476724897124748, 6.674790909090909], [null, 1.642348345552875, 6.793981818181818], [null, 1.6368134543790347, 6.913172727272728], [null, 1.6310646345670412, 7.032363636363637], [null, 1.6250979597089203, 7.1515545454545455], [null, 1.6189087196685865, 7.270745454545454], [null, 1.612491369944617, 7.389936363636364], [null, 1.60583946791032, 7.509127272727273], [null, 1.598945593888687, 7.628318181818182], [null, 1.5918012539280526, 7.747509090909091], [null, 1.584396761357919, 7.8667], [null, 1.5767210925044222, 7.98589090909091], [null, 1.568761710172301, 8.105081818181818], [null, 1.5605043478034324, 8.224272727272728], [null, 1.551932743585876, 8.343463636363637], [null, 1.543028310857915, 8.462654545454546], [null, 1.5337697260793903, 8.581845454545455], [null, 1.5241324085088255, 8.701036363636364], [null, 1.5140878553933768, 8.820227272727273], [null, 1.5140878553933856, 8.820227272727273], [null, 1.5036027809840282, 8.939418181818182], [null, 1.5036027809840293, 8.939418181818182], [null, 1.4926379839127883, 9.05860909090909], [null, 1.4926379839127952, 9.05860909090909], [null, 1.481146829692016, 9.1778], [null, 1.4811468296920323, 9.1778], [null, 1.4690731771400032, 9.29699090909091], [null, 1.4690731771400207, 9.29699090909091], [null, 1.4563484671325218, 9.416181818181819], [null, 1.4563484671325588, 9.416181818181819], [null, 1.442887526674364, 9.535372727272728], [null, 1.4428875266743875, 9.535372727272728], [null, 1.4285822967463306, 9.654563636363637], [null, 1.4285822967463788, 9.654563636363637], [null, 1.4132920548357961, 9.773754545454546], [null, 1.4132920548358818, 9.773754545454546], [null, 1.3968273367478032, 9.892945454545455], [null, 1.3968273367479462, 9.892945454545455], [null, 1.3789216178283366, 10.012136363636364], [null, 1.3789216178285784, 10.012136363636364], [null, 1.359176589721291, 10.131327272727273], [null, 1.3591765897217656, 10.131327272727273], [null, 1.3369413471871259, 10.250518181818181], [null, 1.3109823295112883, 10.369709090909092], [null, 1.2780917535014402, 10.488900000000001], [null, 1.2183786083759078, 10.60809090909091], [null, 1.1431924684874952, 10.727281818181819], [null, 1.0624833650512469, 10.846472727272728], [null, 0.9748831472045677, 10.965663636363637], [null, 0.8783351974132864, 11.084854545454546], [null, 0.7694819242818259, 11.204045454545454], [null, 0.6420988992010961, 11.323236363636363], [null, 0.4817084236727553, 11.442427272727272], [null, 0.22663392468666863, 11.561618181818183]]}