{"dim": 3, "delta": 2, "mu": 5.906055070328385, "dmu": 3.5, "g": -0.3958732606744182, "k_c": 50, "data": [[0.942256359215662, 1.5953178007399071, 0.0001], [0.9410404788096285, 1.5951788122271313, 0.07080606060606061], [0.9374189185813236, 1.5947616140215928, 0.1415121212121212], [0.9314479629850664, 1.5940631246730148, 0.2122181818181818], [0.923217241850053, 1.593078058237416, 0.2829242424242424], [0.9128441207358436, 1.5917987860764684, 0.353630303030303], [0.9004668771527138, 1.590214973098353, 0.4243363636363636], [0.8862373509716744, 1.5883131706755889, 0.49504242424242423], [0.8703135710472177, 1.586076190224782, 0.5657484848484848], [0.8528525045331925, 1.583482223945609, 0.6364545454545454], [0.8340025395119185, 1.580503583552145, 0.707160606060606], [0.8138947092610105, 1.5771048501346951, 0.7778666666666667], [0.7926315531205255, 1.5732400736537477, 0.8485727272727273], [0.7702745053573922, 1.5688483545577079, 0.9192787878787878], [0.7468348184044928, 1.5638464711675368, 0.9899848484848485], [0.7222732906477011, 1.558115648981929, 1.0606909090909091], [0.6965065034416488, 1.5514752278296249, 1.1313969696969697], [0.6694122395885725, 1.543621533643441, 1.2021030303030302], [0.6408294604480352, 1.53394265048168, 1.2728090909090908], [0.6105517211418121, 1.5203423191247782, 1.3435151515151516], [0.5783132228715684, 1.498926043653403, 1.414221212121212], [0.543764766080057, 1.4789108154534891, 1.4849272727272727], [0.5064329921694197, 1.460257794120861, 1.5556333333333334], [0.46564821895586617, 1.44284583995416, 1.626339393939394], [0.42040626382779983, 1.426562649513194, 1.6970454545454545], [0.36907167074441766, 1.411304515018378, 1.767751515151515], [0.3086196944438384, 1.396976023540784, 1.8384575757575756], [0.232032137996122, 1.3834897020211272, 1.9091636363636364], [0.10951481409745562, 1.370765579749242, 1.979869696969697], [null, 1.358730742417885, 2.050575757575758], [null, 1.34731883363343, 2.1212818181818185], [null, 1.3364695571302534, 2.191987878787879], [null, 1.3261281764480601, 2.2626939393939396], [null, 1.3162450340394138, 2.3334], [null, 1.3067750809108685, 2.4041060606060607], [null, 1.2976774428935962, 2.4748121212121212], [null, 1.2889150115567145, 2.545518181818182], [null, 1.2804540661753852, 2.616224242424243], [null, 1.272263927874119, 2.6869303030303033], [null, 1.2643166435311564, 2.757636363636364], [null, 1.2565866992166934, 2.8283424242424244], [null, 1.2490507605760321, 2.899048484848485], [null, 1.241687438489885, 2.9697545454545455], [null, 1.2344770778361036, 3.040460606060606], [null, 1.2274015671596774, 3.111166666666667], [null, 1.2204441654281308, 3.1818727272727276], [null, 1.2135893559576056, 3.252578787878788], [null, 1.2068226895748306, 3.3232848484848487], [null, 1.2001306753586214, 3.3939909090909093], [null, 1.193500657202729, 3.46469696969697], [null, 1.186920710755283, 3.5354030303030304], [null, 1.1803795474183125, 3.606109090909091], [null, 1.1738664270974688, 3.6768151515151515], [null, 1.167371073414462, 3.7475212121212125], [null, 1.1608835994006, 3.818227272727273], [null, 1.1543944336592944, 3.8889333333333336], [null, 1.1478942507031318, 3.959639393939394], [null, 1.1413739038347126, 4.030345454545454], [null, 1.134824357571112, 4.101051515151515], [null, 1.1282366250755518, 4.171757575757575], [null, 1.1216016948955552, 4.242463636363636], [null, 1.1149104681857687, 4.313169696969696], [null, 1.1081536803610668, 4.383875757575757], [null, 1.1013218268211873, 4.4545818181818175], [null, 1.0944050766531932, 4.5252878787878785], [null, 1.087393179254359, 4.5959939393939395], [null, 1.0802753592186192, 4.6667], [null, 1.0730401962445357, 4.737406060606061], [null, 1.065675486344197, 4.808112121212121], [null, 1.0581680789139094, 4.878818181818182], [null, 1.0505036829406038, 4.949524242424242], [null, 1.0426666334218426, 5.020230303030303], [null, 1.0346396059644736, 5.090936363636363], [null, 1.0264032634132505, 5.161642424242424], [null, 1.017935811718778, 5.232348484848485], [null, 1.0092124334913992, 5.303054545454545], [null, 1.000204553322097, 5.373760606060606], [null, 0.9908788675366323, 5.444466666666666], [null, 0.9811960364898192, 5.515172727272727], [null, 0.9711088808409993, 5.585878787878787], [null, 0.960559826328151, 5.656584848484848], [null, 0.9494771687583694, 5.727290909090909], [null, 0.9377694061357235, 5.797996969696969], [null, 0.9253162333007197, 5.86870303030303], [null, 0.9119533896240665, 5.93940909090909], [null, 0.897445188977571, 6.010115151515151], [null, 0.8814293966712283, 6.0808212121212115], [null, 0.8632890389138379, 6.1515272727272725], [null, 0.8417727315762342, 6.2222333333333335], [null, 0.8130904158607518, 6.292939393939394], [null, 0.7423758026758198, 6.363645454545455], [null, 0.6467491128889815, 6.434351515151515], [null, 0.5341773876311278, 6.505057575757576], [null, 0.3902635549542916, 6.575763636363636], [null, 0.1384395015352645, 6.646469696969697]]}