{"dim": 3, "delta": 0.75, "mu": 5.906055070328385, "dmu": 0.8, "g": -0.35316806390657185, "k_c": 50, "data": [[{"d": 0.0001, "q": 0.2711660410917575, "p": 3.3505153734649165, "j": -1.2678128340075556e-08, "ja": -4.6812502747619935e-09, "jb": -7.996878065313564e-09}, {"d": 0.016260606060606062, "q": 0.2720936160930312, "p": 3.350515405138392, "j": 6.107092686223457e-11, "ja": -6.591927376041021e-06, "jb": 6.591988446967883e-06}], [{"d": 0.0001, "q": 0.2850937075546614, "p": 3.35051537499844, "j": -1.1511725424866977e-08, "ja": -3.951091960378056e-09, "jb": -7.560633464488921e-09}, {"d": 0.016260606060606062, "q": 0.2843227971224914, "p": 3.35051540506091, "j": 5.852136416809067e-10, "ja": 5.9339656616111285e-06, "jb": -5.9333804479694476e-06}]]}