{"dim": 3, "delta": 0.5, "mu": 5.906055070328385, "dmu": 0.9, "g": -0.3626505812098899, "k_c": 50, "data": [[0.18067391899292676, 0.558248100401272, 0.0001], [0.18050985549798906, 0.5582289900968853, 0.01828080808080808], [0.18002137569103424, 0.5581720465953435, 0.03646161616161617], [0.17920888480453012, 0.5580771903666564, 0.05464242424242425], [0.17807301185633737, 0.557944287412388, 0.07282323232323233], [0.1766145402776187, 0.5577731490130244, 0.0910040404040404], [0.1748343075778063, 0.5575635303808676, 0.1091848484848485], [0.17273307089452472, 0.5573151289650706, 0.12736565656565657], [0.17031133334923454, 0.5570275822501142, 0.14554646464646465], [0.167569124937291, 0.5567004530152124, 0.16372727272727272], [0.1645057288152884, 0.5563332868012485, 0.1819080808080808], [0.16111934117227383, 0.5559254869416421, 0.2000888888888889], [0.15740664756497058, 0.5554764313736561, 0.21826969696969697], [0.15336229231373105, 0.5549854069658148, 0.23645050505050505], [0.14897820614550114, 0.5544516155052783, 0.25463131313131315], [0.14424274029586745, 0.5538741682809327, 0.27281212121212123], [0.13913952590623227, 0.5532520710698111, 0.2909929292929293], [0.1336459339535262, 0.5525842283795684, 0.3091737373737374], [0.12773090928122086, 0.5518694194299864, 0.32735454545454545], [0.1213518292475751, 0.5511062906499659, 0.34553535353535353], [0.11444969874947948, 0.5502933409730701, 0.3637161616161616], [0.10694148239979145, 0.5494289032801083, 0.38189696969696973], [0.0987064440628189, 0.5485111236122754, 0.4000777777777778], [0.08956197245687667, 0.5475379362518134, 0.4182585858585859], [0.07921101664831783, 0.5465070338762551, 0.43643939393939396], [0.06711560536444762, 0.5454158315628892, 0.45462020202020204], [0.05209435748251383, 0.5442614229650923, 0.4728010101010101], [0.030069497536649635, 0.543040526591494, 0.4909818181818182], [null, 0.5417494194114989, 0.5091626262626263], [null, 0.5403838531164643, 0.5273434343434343], [null, 0.5389389486811978, 0.5455242424242425], [null, 0.5374090601136378, 0.5637050505050505], [null, 0.5357875961321796, 0.5818858585858586], [null, 0.53406678485017, 0.6000666666666667], [null, 0.5322373487542544, 0.6182474747474748], [null, 0.5302880583727408, 0.6364282828282829], [null, 0.5282050865891048, 0.6546090909090909], [null, 0.525971052003086, 0.672789898989899], [null, 0.5235635342623525, 0.6909707070707071], [null, 0.5209526457783281, 0.7091515151515152], [null, 0.5180967724885563, 0.7273323232323232], [null, 0.5149343641676545, 0.7455131313131313], [null, 0.5113657875765262, 0.7636939393939395], [null, 0.5072031793653964, 0.7818747474747475], [null, 0.5019464284948958, 0.8000555555555556], [null, 0.4932307688308435, 0.8182363636363637], [null, 0.4840344542847732, 0.8364171717171718], [null, 0.4752670381971011, 0.8545979797979798], [null, 0.4668983575348707, 0.8727787878787879], [null, 0.4589000406473353, 0.8909595959595961], [null, 0.45124545011995165, 0.9091404040404041], [null, 0.44390959951039494, 0.9273212121212122], [null, 0.43686907182247064, 0.9455020202020202], [null, 0.4301019312529571, 0.9636828282828284], [null, 0.423587634470112, 0.9818636363636364], [null, 0.4173069392975571, 1.0000444444444445], [null, 0.4112418146946028, 1.0182252525252526], [null, 0.4053753513045875, 1.0364060606060608], [null, 0.39969167389147336, 1.0545868686868687], [null, 0.3941758557637628, 1.0727676767676768], [null, 0.38881383605929426, 1.090948484848485], [null, 0.3835923379948535, 1.109129292929293], [null, 0.3784987911442045, 1.127310101010101], [null, 0.37352125416914705, 1.1454909090909091], [null, 0.36864834004855035, 1.1636717171717172], [null, 0.3638691408606841, 1.1818525252525254], [null, 0.3591731545084297, 1.2000333333333335], [null, 0.3545502096072489, 1.2182141414141414], [null, 0.34999038697356144, 1.2363949494949495], [null, 0.34548394126121496, 1.2545757575757577], [null, 0.3410212138089178, 1.2727565656565658], [null, 0.336592539628767, 1.2909373737373737], [null, 0.33218814298400917, 1.3091181818181818], [null, 0.3277980189101616, 1.32729898989899], [null, 0.32341179282718613, 1.345479797979798], [null, 0.3190185546387133, 1.3636606060606062], [null, 0.3146066529438224, 1.3818414141414141], [null, 0.31016343533685126, 1.4000222222222223], [null, 0.3056749230691921, 1.4182030303030304], [null, 0.30112535165932525, 1.4363838383838385], [null, 0.2964966019303447, 1.4545646464646464], [null, 0.2917673253274716, 1.4727454545454546], [null, 0.2869117627180764, 1.4909262626262627], [null, 0.28189791179993673, 1.5091070707070708], [null, 0.276684676619657, 1.527287878787879], [null, 0.27121713860519514, 1.5454686868686869], [null, 0.2654181558630853, 1.563649494949495], [null, 0.2591720055661847, 1.5818303030303031], [null, 0.25228814034318986, 1.6000111111111113], [null, 0.2444031803071848, 1.6181919191919194], [null, 0.23459787020740833, 1.6363727272727273], [null, 0.19909785195702895, 1.6545535353535354]]}