{"dim": 3, "delta": 2, "mu": 5.906055070328385, "dmu": 3, "g": -0.39071609677042657, "k_c": 50, "data": [[0.8372815916598068, 1.3815691635715517, 0.0001], [0.8362263308211381, 1.3814493508616468, 0.06070505050505051], [0.8330720761095398, 1.381089916127625, 0.12131010101010102], [0.8278270300171604, 1.3804884789664242, 0.18191515151515153], [0.8204765627006173, 1.3796409904047298, 0.24252020202020202], [0.8107731622348053, 1.3785415969567807, 0.3031252525252525], [0.7993294644077018, 1.3771824392020118, 0.36373030303030307], [0.7993294644076903, 1.377182439201527, 0.36373030303030307], [0.7874611870596839, 1.37555336552878, 0.42433535353535357], [0.7874611870596729, 1.3755533655283585, 0.42433535353535357], [0.7750526992340709, 1.3736415265255535, 0.48494040404040406], [0.7750526992340518, 1.3736415265252002, 0.48494040404040406], [0.7620105345009852, 1.3714308254437169, 0.5455454545454546], [0.7620105345009778, 1.3714308254437122, 0.5455454545454546], [0.7482558717679513, 1.3689011437415697, 0.606150505050505], [0.7482558717679509, 1.3689011437414091, 0.606150505050505], [0.7337214071205441, 1.3660272499182422, 0.6667555555555555], [0.7337214071205399, 1.366027249918248, 0.6667555555555555], [0.7183505270604436, 1.3627772210478446, 0.7273606060606062], [0.7183505270604403, 1.3627772210478635, 0.7273606060606062], [0.7020977698881381, 1.3591100912028988, 0.7879656565656566], [0.7020977698881558, 1.359110091202917, 0.7879656565656566], [0.6849300164328304, 1.3549722080857325, 0.8485707070707071], [0.6849300164328106, 1.3549722080857272, 0.8485707070707071], [0.666827956739751, 1.3502913010818207, 0.9091757575757576], [0.666827956739753, 1.350291301081841, 0.9091757575757576], [0.64778753329007, 1.3449661694915864, 0.9697808080808081], [0.6477875332903322, 1.3449661694916015, 0.9697808080808081], [0.6278210465284896, 1.338847107407893, 1.0303858585858587], [0.6278210465285091, 1.338847107407883, 1.0303858585858587], [0.6069577001648949, 1.331693738002236, 1.0909909090909091], [0.5852434342465971, 1.3230640285031554, 1.1515959595959597], [0.5627400061252765, 1.3118814494696782, 1.2122010101010101], [0.5395233678558146, 1.2921322372590154, 1.2728060606060607], [0.515681502954851, 1.2690801560453602, 1.333411111111111], [0.4913119253612433, 1.247728208161967, 1.3940161616161617], [0.46651906745329486, 1.227943773537456, 1.4546212121212123], [0.4414117709113215, 1.2095976854899593, 1.5152262626262627], [0.41501431307150005, 1.1925656269600422, 1.5758313131313133], [0.38565050750199725, 1.176729322636459, 1.6364363636363637], [0.35318592520364495, 1.1619774221589851, 1.6970414141414143], [0.31683493876059393, 1.1482061036352142, 1.7576464646464647], [0.27514858618275295, 1.1353192910628929, 1.8182515151515153], [0.22524370363040375, 1.1232287377551136, 1.8788565656565657], [0.15964255239611824, 1.1118538143195877, 1.9394616161616163], [null, 1.1011211838541082, 2.000066666666667], [null, 1.0909643690011845, 2.0606717171717177], [null, 1.0909643690008892, 2.0606717171717177], [null, 1.0813232623755389, 2.121276767676768], [null, 1.072143599665565, 2.1818818181818185], [null, 1.0633764420200884, 2.242486868686869], [null, 1.0549776612225117, 2.3030919191919197], [null, 1.0469074547140673, 2.36369696969697], [null, 1.039129891652367, 2.4243020202020205], [null, 1.031612493333163, 2.484907070707071], [null, 1.0243258504615995, 2.5455121212121217], [null, 1.017243275967421, 2.6061171717171723], [null, 1.0103404916304695, 2.6667222222222224], [null, 1.003595346503714, 2.727327272727273], [null, 0.9969875642949615, 2.7879323232323237], [null, 0.9904985167643898, 2.8485373737373743], [null, 0.9841110207365408, 2.909142424242425], [null, 0.977809155544327, 2.969747474747475], [null, 0.9715780987056026, 3.0303525252525256], [null, 0.9654039773198293, 3.0909575757575762], [null, 0.9592737327242319, 3.151562626262627], [null, 0.9531749967918209, 3.212167676767677], [null, 0.947095977478999, 3.2727727272727276], [null, 0.9410253519187554, 3.333377777777778], [null, 0.9349521654725099, 3.393982828282829], [null, 0.9288657347900215, 3.4545878787878794], [null, 0.9227555532882766, 3.5151929292929296], [null, 0.9166111972145715, 3.57579797979798], [null, 0.9104222305319623, 3.636403030303031], [null, 0.9041781063949947, 3.6970080808080814], [null, 0.8978680629918071, 3.7576131313131316], [null, 0.8914809847444999, 3.818218181818182], [null, 0.8850054095641416, 3.878823232323233], [null, 0.8784291291815167, 3.9394282828282834], [null, 0.8717392838557246, 4.0000333333333336], [null, 0.8649220524488328, 4.060638383838384], [null, 0.8579624508299447, 4.121243434343435], [null, 0.8508440629624701, 4.1818484848484845], [null, 0.8435487087608686, 4.242453535353535], [null, 0.8360560285083948, 4.303058585858586], [null, 0.82834295386979, 4.363663636363636], [null, 0.820383022180819, 4.424268686868687], [null, 0.8121454706333205, 4.4848737373737375], [null, 0.8035940126971387, 4.545478787878788], [null, 0.7946851463311894, 4.606083838383839], [null, 0.785365748398152, 4.666688888888889], [null, 0.7755695424215018, 4.727293939393939], [null, 0.7652117068359914, 4.78789898989899], [null, 0.765211706836079, 4.78789898989899], [null, 0.7541802532266938, 4.84850404040404], [null, 0.7541802532269744, 4.84850404040404], [null, 0.7423213904745085, 4.909109090909091], [null, 0.7423213904753014, 4.909109090909091], [null, 0.7294127083076187, 4.9697141414141415], [null, 0.7294127083074969, 4.9697141414141415], [null, 0.715108609512299, 5.030319191919192], [null, 0.7151086095122755, 5.030319191919192], [null, 0.6988108876514784, 5.090924242424243], [null, 0.6988108876514876, 5.090924242424243], [null, 0.6792732790955518, 5.151529292929293], [null, 0.6792732790958459, 5.151529292929293], [null, 0.6524694344168722, 5.212134343434344], [null, 0.568679048726381, 5.272739393939394], [null, 0.44394392121069975, 5.333344444444444], [null, 0.2660091855690422, 5.393949494949495]]}