{"dim": 3, "delta": 0.5, "mu": 5.906055070328385, "dmu": 0.6, "g": -0.3500528012331867, "k_c": 50, "data": [[0.16985361023380952, 0.30464500762127705, 0.0001], [0.16957729525850573, 0.3046214498153304, 0.01222020202020202], [0.1686349375426542, 0.3045514511479944, 0.02434040404040404], [0.16756215471239264, 0.3044347415732953, 0.03646060606060607], [0.1665535142995541, 0.3042708669007416, 0.048580808080808086], [0.16556597668691883, 0.3040591786456387, 0.0607010101010101], [0.16457700995191243, 0.3037988250111374, 0.07282121212121213], [0.16357209761127436, 0.303488728047314, 0.08494141414141415], [0.16254032684576367, 0.3031275668532184, 0.09706161616161617], [0.16147243136324946, 0.3027137448224686, 0.10918181818181819], [0.16035975864035057, 0.3022453539799956, 0.1213020202020202], [0.15919363067043837, 0.3017201266669971, 0.13342222222222222], [0.15796487920719832, 0.3011353748444296, 0.14554242424242425], [0.15666345268118678, 0.30048791024317534, 0.15766262626262625], [0.15527803701813314, 0.29977393469481045, 0.16978282828282829], [0.15379565692544978, 0.298988938724045, 0.1819030303030303], [0.15220123105125055, 0.2981274482534106, 0.19402323232323232], [0.1504770649428966, 0.2971828399417682, 0.20614343434343435], [0.14860226402043228, 0.2961469562303224, 0.21826363636363635], [0.14655208616923657, 0.2950095993894539, 0.23038383838383839], [0.14429722646446816, 0.2937577687343469, 0.2425040404040404], [0.14180312821149268, 0.2923744722424979, 0.2546242424242424], [0.13902943941550142, 0.2908367774646862, 0.26674444444444445], [0.13592987712012336, 0.2891123976620315, 0.2788646464646465], [0.1324528850424255, 0.28715315302333855, 0.2909848484848485], [0.1285437413100608, 0.2848808097284579, 0.3031050505050505], [0.12414878421174626, 0.2821499122067768, 0.3152252525252525], [0.11922235303716906, 0.2786092136678504, 0.32734545454545455], [0.11373632127477577, 0.2712565203877568, 0.3394656565656566], [0.10769065646019088, 0.25658539566568317, 0.3515858585858586], [0.10112188671179637, 0.2438352583425207, 0.3637060606060606], [0.09410568934516819, 0.23284733469305835, 0.3758262626262626], [0.08675145438927467, 0.22343500753041845, 0.38794646464646465], [0.07919000471983438, 0.21539583454131817, 0.4000666666666667], [0.07155856283351539, 0.20852632206487406, 0.4121868686868687], [0.06398747692944917, 0.20263493964877996, 0.4243070707070707], [0.05659141020435898, 0.19755067673701476, 0.4364272727272727], [0.049465363033676865, 0.19312677837334538, 0.44854747474747475], [0.042684418765298916, 0.18924076895967346, 0.4606676767676768], [0.0361143708550869, 0.18579228860147695, 0.4727878787878788], [0.02727497266535979, 0.18269995629301689, 0.4849080808080808], [0.01221709701653064, 0.17989811487700588, 0.4970282828282828], [null, 0.17733382176717263, 0.5091484848484849], [null, 0.1749642905797285, 0.5212686868686869], [null, 0.17275478433463456, 0.5333888888888889], [null, 0.17067692892747666, 0.5455090909090909], [null, 0.16870738295160026, 0.557629292929293], [null, 0.1668267752835927, 0.569749494949495], [null, 0.1650188968539091, 0.581869696969697], [null, 0.1632700435220886, 0.593989898989899], [null, 0.1615685082524659, 0.606110101010101], [null, 0.15990417440208315, 0.618230303030303], [null, 0.15826818960808126, 0.630350505050505], [null, 0.1566527024439375, 0.6424707070707071], [null, 0.15505064538013189, 0.6545909090909091], [null, 0.15345555268410793, 0.6667111111111111], [null, 0.15186140562097053, 0.6788313131313132], [null, 0.15026249503986, 0.6909515151515152], [null, 0.1486532960045617, 0.7030717171717172], [null, 0.14702834870767337, 0.7151919191919192], [null, 0.14538213895221486, 0.7273121212121212], [null, 0.14370897227550894, 0.7394323232323232], [null, 0.14200283437930777, 0.7515525252525252], [null, 0.14025722705227955, 0.7636727272727273], [null, 0.13846497183079015, 0.7757929292929293], [null, 0.13661795086712983, 0.7879131313131313], [null, 0.13470676333963175, 0.8000333333333334], [null, 0.13272031917360314, 0.8121535353535354], [null, 0.13064502981980483, 0.8242737373737374], [null, 0.12846398403782638, 0.8363939393939395], [null, 0.12615529695619787, 0.8485141414141414], [null, 0.12368957599935976, 0.8606343434343434], [null, 0.12102538969706503, 0.8727545454545454], [null, 0.11810048829113376, 0.8848747474747475], [null, 0.11481248492360603, 0.8969949494949495], [null, 0.11096722675571669, 0.9091151515151515], [null, 0.1060822993696582, 0.9212353535353536], [null, 0.08157097882211711, 0.9333555555555556]]}