{"dim": 3, "delta": 1.2, "mu": 5.906055070328385, "dmu": 1.3, "g": -0.36456856680821254, "k_c": 50, "data": [[0.4226490891029255, 0.4814781651526196, 0.0001], [0.4233249804772066, 0.48109197050112806, 0.02636161616161616], [0.42538049153867474, 0.47989249230447556, 0.05262323232323232], [0.42895813954831336, 0.47771030751695204, 0.07888484848484849], [0.4344501080735572, 0.47410572667388445, 0.10514646464646464], [0.4433388174981093, 0.4675261039827891, 0.13140808080808078], [0.053606488264585764, 0.14052041754570205, 1.155611111111111], [0.03317381304110162, 0.15577788132881093, 1.1818727272727272], [null, 0.16564078016535977, 1.2081343434343432], [null, 0.1727744302732493, 1.2343959595959595], [null, 0.17817590706439856, 1.2606575757575758], [null, 0.1823487033546126, 1.2869191919191918], [null, 0.18558788467719797, 1.313180808080808], [null, 0.18808249642644667, 1.339442424242424], [null, 0.18996082093404487, 1.3657040404040404], [null, 0.1913132030336439, 1.3919656565656564], [null, 0.19220464563429984, 1.4182272727272727], [null, 0.1926821947874365, 1.4444888888888887], [null, 0.19277943462191996, 1.470750505050505], [null, 0.1925192250020361, 1.497012121212121], [null, 0.19191527168457848, 1.5232737373737373], [null, 0.19097280796560476, 1.5495353535353533], [null, 0.18968846083289417, 1.5757969696969696], [null, 0.1880491989241313, 1.6020585858585856], [null, 0.1860299810025198, 1.628320202020202], [null, 0.18358927010689174, 1.654581818181818], [null, 0.18066047607621258, 1.6808434343434342], [null, 0.17713456666973898, 1.7071050505050505], [null, 0.1728202082192599, 1.7333666666666665], [null, 0.16733082046235115, 1.7596282828282828], [null, 0.15960194777585124, 1.7858898989898988]]}