{"dim": 3, "delta": 1.5, "mu": 5.906055070328385, "dmu": 3, "g": -0.39254759473169326, "k_c": 50, "data": [[0.6771106849486564, 1.50058921835609, 0.0001], [0.676296118704442, 1.5005052889711452, 0.06070505050505051], [0.67386180562182, 1.5002537368309508, 0.12131010101010102], [0.6698195004699784, 1.4998336052698928, 0.18191515151515153], [0.6641877793321947, 1.499243281644032, 0.24252020202020202], [0.6569905786980923, 1.4984804656816404, 0.3031252525252525], [0.6482552375024659, 1.497542125456563, 0.36373030303030307], [0.63801011030651, 1.496424434494306, 0.42433535353535357], [0.6262818165636612, 1.495122693721434, 0.48494040404040406], [0.6130921722620924, 1.4936312241913638, 0.5455454545454546], [0.5984548180204542, 1.4919432346051957, 0.606150505050505], [0.5823715035818199, 1.4900506474111812, 0.6667555555555555], [0.5648279107581587, 1.48794387724901, 0.7273606060606062], [0.5457887733330692, 1.4856115411169373, 0.7879656565656566], [0.525191861935309, 1.4830400774667665, 0.8485707070707071], [0.5029400847160774, 1.4802132377951271, 0.9091757575757576], [0.4788904132458071, 1.4771113940821108, 0.9697808080808081], [0.45283732383046543, 1.4737105746733274, 1.0303858585858587], [0.4244864642614577, 1.4699810837855252, 1.0909909090909091], [0.3934099119112916, 1.4658854570875923, 1.1515959595959597], [0.35896408485523534, 1.461375304418435, 1.2122010101010101], [0.3201232896612683, 1.4563861670341078, 1.2728060606060607], [0.2750907321388591, 1.450828540947914, 1.333411111111111], [0.22015992042817545, 1.4445706503433469, 1.3940161616161617], [0.1445277077437731, 1.4374004411041277, 1.4546212121212123], [null, 1.4289199038890026, 1.5152262626262627], [null, 1.4180438039939915, 1.5758313131313133], [null, 1.4013289023082087, 1.6364363636363637], [null, 1.384703451418874, 1.6970414141414143], [null, 1.3688682693829255, 1.7576464646464647], [null, 1.3537676224742596, 1.8182515151515153], [null, 1.3393492063813803, 1.8788565656565657], [null, 1.3255639940499022, 1.9394616161616163], [null, 1.3123660696034003, 2.000066666666667], [null, 1.2997124735835368, 2.0606717171717177], [null, 1.2875630467959072, 2.121276767676768], [null, 1.2758802736977872, 2.1818818181818185], [null, 1.2646291268070284, 2.242486868686869], [null, 1.2537769130380285, 2.3030919191919197], [null, 1.243293122990052, 2.36369696969697], [null, 1.2331492841493727, 2.4243020202020205], [null, 1.2233188187972799, 2.484907070707071], [null, 1.21377690761899, 2.5455121212121217], [null, 1.2045003578656677, 2.6061171717171723], [null, 1.1954674796909575, 2.6667222222222224], [null, 1.1866579681354805, 2.727327272727273], [null, 1.178052789840064, 2.7879323232323237], [null, 1.1696340779018408, 2.8485373737373743], [null, 1.161385032207639, 2.909142424242425], [null, 1.1532898254186559, 2.969747474747475], [null, 1.1453335144362191, 3.0303525252525256], [null, 1.1375019569865135, 3.0909575757575762], [null, 1.129781732862887, 3.151562626262627], [null, 1.1221600693730491, 3.212167676767677], [null, 1.1146247705606607, 3.2727727272727276], [null, 1.1071641496707187, 3.333377777777778], [null, 1.0997669643368264, 3.393982828282829], [null, 1.092422354047629, 3.4545878787878794], [null, 1.0851197792431677, 3.5151929292929296], [null, 1.077848961440722, 3.57579797979798], [null, 1.070599823791488, 3.636403030303031], [null, 1.063362431263455, 3.6970080808080814], [null, 1.0561269301862473, 3.7576131313131316], [null, 1.0488834847325932, 3.818218181818182], [null, 1.0416222118858327, 3.878823232323233], [null, 1.0343330979456768, 3.9394282828282834], [null, 1.0270059885711342, 4.0000333333333336], [null, 1.0196303765175427, 4.060638383838384], [null, 1.0121954365120422, 4.121243434343435], [null, 1.0046898601311458, 4.1818484848484845], [null, 0.9971017472631799, 4.242453535353535], [null, 0.9894184679939981, 4.303058585858586], [null, 0.9816264993039816, 4.363663636363636], [null, 0.9737112300359354, 4.424268686868687], [null, 0.9656567248261154, 4.4848737373737375], [null, 0.9574454342730342, 4.545478787878788], [null, 0.9490578335564375, 4.606083838383839], [null, 0.9404719699461758, 4.666688888888889], [null, 0.9316628704856443, 4.727293939393939], [null, 0.9226017839154268, 4.78789898989899], [null, 0.9132551582340295, 4.84850404040404], [null, 0.903583254094702, 4.909109090909091], [null, 0.8935382091070843, 4.9697141414141415], [null, 0.8830612574029428, 5.030319191919192], [null, 0.8720785992864173, 5.090924242424243], [null, 0.8604950052741999, 5.151529292929293], [null, 0.8481834030524327, 5.212134343434344], [null, 0.8349667896489562, 5.272739393939394], [null, 0.820584027192772, 5.333344444444444], [null, 0.8046170034006501, 5.393949494949495], [null, 0.7863048367842167, 5.454554545454545], [null, 0.7638897307736309, 5.515159595959596], [null, 0.7266957452122497, 5.575764646464647], [null, 0.637610282331387, 5.636369696969697], [null, 0.5338224672821321, 5.696974747474748], [null, 0.4041598982675947, 5.7575797979797985], [null, 0.20416445417787116, 5.818184848484849]]}