{"dim": 3, "delta": 0.5, "mu": 5.906055070328385, "dmu": 0.55, "g": -0.34628033163372, "k_c": 50, "data": [[0.16467229124851027, 0.23812116663394187, 0.0001], [0.16495984098451053, 0.2380777491757411, 0.01121010101010101], [0.16592211417915867, 0.23794849121064887, 0.02232020202020202], [0.16706319111283166, 0.23773177661918796, 0.03343030303030303], [0.16820718039884824, 0.23742480712490538, 0.04454040404040405], [0.1694085420682703, 0.23702342905045953, 0.05565050505050506], [0.1707071081804438, 0.23652185155442787, 0.06676060606060606], [0.17214090175608016, 0.23591221066439846, 0.07787070707070708], [0.17375236453568768, 0.2351838942365978, 0.08898080808080809], [0.17559355001569632, 0.23432247210655735, 0.1000909090909091], [0.1777325240217177, 0.23330793123050306, 0.11120101010101012], [0.18026312619411428, 0.2321115913691983, 0.12231111111111112], [0.18332179786553987, 0.23069026632036782, 0.1334212121212121], [0.18711973076387328, 0.22897394010692623, 0.14453131313131312], [0.19201189320990283, 0.22683488870842103, 0.15564141414141414], [0.1986721213135273, 0.22398558381970582, 0.16675151515151515], [0.20867347006075074, 0.2193169434441969, 0.17786161616161617], [0.03756273027557667, 0.0690525178341565, 0.46672424242424243], [0.02565123087858461, 0.07704772281284902, 0.47783434343434344], [0.025651230878607812, 0.0770477228128452, 0.47783434343434344], [0.017717296572781826, 0.08165091751315544, 0.48894444444444446], [null, 0.08480542411663518, 0.5000545454545455], [null, 0.08710483233682695, 0.5111646464646465], [null, 0.08882516092391055, 0.5222747474747476], [null, 0.09012065730169098, 0.5333848484848485], [null, 0.0910871440778502, 0.5444949494949495], [null, 0.09178835346066194, 0.5556050505050505], [null, 0.0922686701780779, 0.5667151515151515], [null, 0.0925599855116109, 0.5778252525252525], [null, 0.09268565641399001, 0.5889353535353535], [null, 0.09266292247138272, 0.6000454545454545], [null, 0.09250443384070138, 0.6111555555555556], [null, 0.09221923231863594, 0.6222656565656566], [null, 0.09181337186258984, 0.6333757575757576], [null, 0.0912902820164225, 0.6444858585858586], [null, 0.09065092363253537, 0.6555959595959596], [null, 0.0898937516511721, 0.6667060606060606], [null, 0.0890144628559283, 0.6778161616161616], [null, 0.08800546106841527, 0.6889262626262627], [null, 0.08685489551709646, 0.7000363636363637], [null, 0.08554497677372162, 0.7111464646464647], [null, 0.08404894746854953, 0.7222565656565657], [null, 0.08232524007425199, 0.7333666666666667], [null, 0.08030495227962504, 0.7444767676767677], [null, 0.07785995661882852, 0.7555868686868688], [null, 0.07469329238217598, 0.7666969696969698], [null, 0.06949478429413557, 0.7778070707070708]]}