{"dim": 3, "delta": 4, "mu": 5.906055070328385, "dmu": 4.5, "g": -0.39621214352165596, "k_c": 50, "data": [[0.3432280004070522, 0.47376761526055805, 3.7273313131313137], [0.2341277236935549, 0.5565130062494748, 3.818239393939394], [0.1675892234108059, 0.5982633200956309, 3.909147474747475], [null, 0.6271786994729478, 4.000055555555556], [null, 0.649056504472642, 4.090963636363636], [null, 0.666315950413352, 4.181871717171717], [null, 0.6663159504133759, 4.181871717171717], [null, 0.6802393600272221, 4.272779797979798], [null, 0.6802393600272199, 4.272779797979798], [null, 0.6916006181083747, 4.363687878787879], [null, 0.6916006181083653, 4.363687878787879], [null, 0.7009066426614118, 4.454595959595959], [null, 0.7085085351522741, 4.54550404040404], [null, 0.7146592420721092, 4.636412121212121], [null, 0.7195461322095607, 4.727320202020202], [null, 0.7233106004438786, 4.818228282828283], [null, 0.7260604226140046, 4.909136363636364], [null, 0.7278778811193625, 5.000044444444445], [null, 0.7288250159225622, 5.090952525252526], [null, 0.7289473168920159, 5.1818606060606065], [null, 0.728275976371839, 5.2727686868686865], [null, 0.7268292448575043, 5.363676767676767], [null, 0.7246129548915179, 5.454584848484848], [null, 0.7216202513045332, 5.545492929292929], [null, 0.7178304306928452, 5.63640101010101], [null, 0.7132066569107727, 5.727309090909091], [null, 0.7076919979136527, 5.818217171717172], [null, 0.7012029239270327, 5.909125252525253], [null, 0.6936183193132012, 6.0000333333333336], [null, 0.6847602080618771, 6.090941414141414], [null, 0.6743573749205546, 6.181849494949495], [null, 0.6743573749211329, 6.181849494949495], [null, 0.6619689427155564, 6.272757575757576], [null, 0.6619689427155336, 6.272757575757576], [null, 0.6467951584120897, 6.363665656565657], [null, 0.6467951584120881, 6.363665656565657], [null, 0.6270550451048208, 6.454573737373737], [null, 0.6270550451048222, 6.454573737373737], [null, 0.5957636243721036, 6.545481818181818], [null, 0.45157712421943036, 6.636389898989899], [null, 0.18394119404529216, 6.72729797979798]]}