{"dim": 3, "delta": 4, "mu": 5.906055070328385, "dmu": 5.5, "g": -0.4055663399760976, "k_c": 50, "data": [[0.8248317789058573, 1.0338025731028206, 3.3334030303030304], [0.7084639624818985, 1.1043760188796725, 3.444513131313131], [0.6244825670248599, 1.1437253767621194, 3.5556232323232324], [0.553068673430347, 1.171362161005095, 3.6667333333333336], [0.4630970588080524, 1.1923883041983765, 3.7778434343434344], [0.33362778625952977, 1.2090501148639714, 3.8889535353535356], [null, 1.2225679809264267, 4.000063636363636], [null, 1.2336892352207618, 4.111173737373737], [null, 1.233689235220753, 4.111173737373737], [null, 1.2429087403284356, 4.222283838383838], [null, 1.2505727793316237, 4.333393939393939], [null, 1.25693381040922, 4.44450404040404], [null, 1.262181779250532, 4.555614141414141], [null, 1.2664631961851427, 4.666724242424242], [null, 1.2698933266179666, 4.777834343434343], [null, 1.2725643125878496, 4.888944444444444], [null, 1.274550765818057, 5.000054545454545], [null, 1.275913712792011, 5.111164646464646], [null, 1.2767034569303097, 5.222274747474747], [null, 1.2769616871736535, 5.333384848484848], [null, 1.2767230596406394, 5.444494949494949], [null, 1.276016399489654, 5.55560505050505], [null, 1.2748656224729482, 5.6667151515151515], [null, 1.2732904471855426, 5.777825252525252], [null, 1.2713069463873101, 5.888935353535353], [null, 1.26892797266429, 6.000045454545454], [null, 1.2661634834591273, 6.1111555555555555], [null, 1.2630207833853417, 6.222265656565656], [null, 1.259504696570485, 6.333375757575757], [null, 1.2556176717693293, 6.444485858585858], [null, 1.2513598541067368, 6.555595959595959], [null, 1.2467290497294772, 6.66670606060606], [null, 1.2417206985739726, 6.777816161616161], [null, 1.2363277394325607, 6.888926262626262], [null, 1.2305404266658, 7.000036363636363], [null, 1.224346060974226, 7.111146464646464], [null, 1.2177286221483488, 7.222256565656565], [null, 1.2106682755865013, 7.333366666666667], [null, 1.2031407136091028, 7.444476767676767], [null, 1.19511627559266, 7.555586868686868], [null, 1.1865587615176396, 7.666696969696969], [null, 1.17742381115195, 7.777807070707071], [null, 1.167656651285308, 7.888917171717171], [null, 1.1571888681176812, 8.000027272727273], [null, 1.1571888681177132, 8.000027272727273], [null, 1.1459337230706186, 8.111137373737373], [null, 1.1459337230706412, 8.111137373737373], [null, 1.1337789595998091, 8.222247474747475], [null, 1.1337789595998276, 8.222247474747475], [null, 1.1205754303503825, 8.333357575757574], [null, 1.1205754303504663, 8.333357575757574], [null, 1.1061179279891156, 8.444467676767676], [null, 1.1061179279892843, 8.444467676767676], [null, 1.0901104631161924, 8.555577777777778], [null, 1.090110463116535, 8.555577777777778], [null, 1.0720966397423952, 8.666687878787878], [null, 1.07209663974268, 8.666687878787878], [null, 1.051297798097471, 8.77779797979798], [null, 1.0261330167981402, 8.888908080808081], [null, 0.9917781688420445, 9.00001818181818], [null, 0.9110256386473364, 9.111128282828282], [null, 0.8074606570078402, 9.222238383838384], [null, 0.6882110972883103, 9.333348484848484], [null, 0.5430446517449367, 9.444458585858586], [null, 0.3402732817599899, 9.555568686868686]]}