{"dim": 3, "delta": 0.75, "mu": 5.906055070328385, "dmu": 0.8, "g": -0.35316806390657185, "k_c": 50, "data": [[0.271166041091956, 0.28509370755469077, 0.0001], [0.2720936160930328, 0.28432279712250585, 0.016260606060606062], [0.2762792283874272, 0.28059860171765083, 0.03242121212121213], [0.028342639803236862, 0.06765660057598413, 0.7273272727272728], [0.01451264900472912, 0.07926246295752258, 0.7434878787878789], [null, 0.08622182122205595, 0.7596484848484849], [null, 0.09115019220331096, 0.775809090909091], [null, 0.0948480707077436, 0.7919696969696971], [null, 0.09769067955454726, 0.8081303030303031], [null, 0.09988926006793541, 0.8242909090909092], [null, 0.10157561120697864, 0.8404515151515153], [null, 0.10283727004809681, 0.8566121212121213], [null, 0.10373451907345757, 0.8727727272727274], [null, 0.10430952016210766, 0.8889333333333335], [null, 0.10459129788226847, 0.9050939393939395], [null, 0.10459877078709888, 0.9212545454545455], [null, 0.10434218519781667, 0.9374151515151516], [null, 0.10382354692352815, 0.9535757575757577], [null, 0.10303596761658489, 0.9697363636363637], [null, 0.10196157777039776, 0.9858969696969698], [null, 0.10056699821426013, 1.0020575757575758], [null, 0.09879376011626442, 1.018218181818182], [null, 0.09653615221111674, 1.034378787878788], [null, 0.09357925077921735, 1.050539393939394], [null, 0.0893435261646595, 1.0667000000000002]]}