{"dim": 3, "delta": 0.5, "mu": 5.906055070328385, "dmu": 0.85, "g": -0.36106492900815795, "k_c": 50, "data": [[0.17957052987690625, 0.5215014021796301, 0.0001], [0.17941710428368168, 0.521482692170154, 0.01727070707070707], [0.1789606073753682, 0.5214269636456678, 0.03444141414141414], [0.17820176515914088, 0.5213341347433521, 0.051612121212121206], [0.17714175090779655, 0.5212040677414067, 0.06878282828282828], [0.17578213183628272, 0.5210365683153952, 0.08595353535353535], [0.17412479208193457, 0.5208313838489105, 0.10312424242424241], [0.17217182942227685, 0.5205882044482056, 0.12029494949494948], [0.1699254221803982, 0.5203066545891947, 0.13746565656565654], [0.1673876616913727, 0.5199862962366475, 0.1546363636363636], [0.16456034407395345, 0.5196266224255885, 0.17180707070707069], [0.16144471396050694, 0.5192270538005129, 0.18897777777777774], [0.1580411493225927, 0.5187869337696417, 0.2061484848484848], [0.1543487754224205, 0.5183055228200593, 0.2233191919191919], [0.15036498948904467, 0.5177819920772977, 0.24048989898989895], [0.14608487220110167, 0.5172154155006635, 0.25766060606060603], [0.14150045016968885, 0.5166047608032783, 0.2748313131313131], [0.1365997551180936, 0.5159488793185623, 0.29200202020202015], [0.1313655923125628, 0.515246493465464, 0.3091727272727272], [0.12577387467052617, 0.5144961822844357, 0.3263434343434343], [0.11979127634773816, 0.5136963645594662, 0.3435141414141414], [0.1133717701767952, 0.512845278638241, 0.36068484848484844], [0.10645124363419851, 0.5119409583110247, 0.3778555555555555], [0.09893860592358406, 0.5109812041266716, 0.39502626262626256], [0.09070001110953012, 0.5099635484874401, 0.4121969696969696], [0.08152819277425358, 0.5088852117555044, 0.42936767676767673], [0.0710749427319747, 0.5077430582032186, 0.4465383838383838], [0.058671608485967926, 0.5065335157737118, 0.46370909090909085], [0.04266389291997764, 0.505252510559824, 0.4808797979797979], [0.013646407438196392, 0.503895356883209, 0.49805050505050497], [null, 0.5024566258947953, 0.5152212121212121], [null, 0.5009299727914805, 0.5323919191919191], [null, 0.4993079057299099, 0.5495626262626262], [null, 0.49758147106183453, 0.5667333333333333], [null, 0.4957398160843086, 0.5839040404040403], [null, 0.49376955471195183, 0.6010747474747474], [null, 0.4916538310964052, 0.6182454545454544], [null, 0.4893708590498293, 0.6354161616161615], [null, 0.48689152480060727, 0.6525868686868687], [null, 0.4841751727734552, 0.6697575757575757], [null, 0.481161443792126, 0.6869282828282828], [null, 0.47775213326570604, 0.7040989898989898], [null, 0.4737606231985265, 0.7212696969696969], [null, 0.4686818812721639, 0.738440404040404], [null, 0.46008890362321114, 0.755611111111111], [null, 0.45105470665794023, 0.7727818181818181], [null, 0.4424715147481352, 0.7899525252525251], [null, 0.4343061611678103, 0.8071232323232322], [null, 0.4265275917800387, 0.8242939393939392], [null, 0.41910672991868164, 0.8414646464646464], [null, 0.41201643415543426, 0.8586353535353535], [null, 0.40523137535931275, 0.8758060606060605], [null, 0.39872793414760976, 0.8929767676767676], [null, 0.39248409418641167, 0.9101474747474746], [null, 0.386479331883186, 0.9273181818181817], [null, 0.3806945101148269, 0.9444888888888888], [null, 0.3751117709736286, 0.9616595959595958], [null, 0.36971443342090077, 0.9788303030303029], [null, 0.36448689268006684, 0.9960010101010099], [null, 0.359414523850282, 1.0131717171717172], [null, 0.3544835890185439, 1.0303424242424242], [null, 0.349681147782687, 1.0475131313131312], [null, 0.3449949708182145, 1.0646838383838382], [null, 0.34041345599445594, 1.0818545454545454], [null, 0.3359255468680498, 1.0990252525252524], [null, 0.3315206518059457, 1.1161959595959594], [null, 0.3271885632691872, 1.1333666666666666], [null, 0.3229193765106252, 1.1505373737373736], [null, 0.3187034072846526, 1.1677080808080806], [null, 0.3145310989896719, 1.1848787878787876], [null, 0.31039293241691374, 1.2020494949494949], [null, 0.3062793169446311, 1.2192202020202019], [null, 0.30218047328871167, 1.2363909090909089], [null, 0.2980862945806776, 1.253561616161616], [null, 0.2939861810919983, 1.270732323232323], [null, 0.2898688381539426, 1.28790303030303], [null, 0.2857220220203058, 1.3050737373737373], [null, 0.28153221215743085, 1.3222444444444443], [null, 0.2772841772523776, 1.3394151515151513], [null, 0.2729603840274629, 1.3565858585858583], [null, 0.2685401675027183, 1.3737565656565656], [null, 0.2639985274772704, 1.3909272727272726], [null, 0.2593043080941836, 1.4080979797979796], [null, 0.25441732673661815, 1.4252686868686868], [null, 0.2492835669518942, 1.4424393939393938], [null, 0.24382653709607005, 1.4596101010101008], [null, 0.23793016677263384, 1.476780808080808], [null, 0.23139998388883282, 1.493951515151515], [null, 0.22385386386953884, 1.511122222222222], [null, 0.21425620258475261, 1.528292929292929], [null, 0.14403939794354156, 1.5454636363636363]]}