{"dim": 3, "delta": 2.0, "mu": 10, "dmu": 3.2, "g": -0.37591141300144654, "k_c": 50, "data": [[0.5880275000255932, 1.331357399237749, 0.0001], [0.587708372269697, 1.331318997750803, 0.05060404040404041], [0.5867544223161716, 1.331204038028207, 0.10110808080808081], [0.5851683790068697, 1.3310123449843594, 0.1516121212121212], [0.5829547449601463, 1.3307436253616383, 0.2021161616161616], [0.5801197323583919, 1.330397467449191, 0.252620202020202], [0.5766711735481244, 1.3299733335434931, 0.3031242424242424], [0.5726184066814982, 1.3294705611663602, 0.35362828282828285], [0.5679721365825962, 1.3288883539479575, 0.40413232323232323], [0.5627442698569192, 1.328225777676372, 0.4546363636363636], [0.556947723951286, 1.3274817517041044, 0.5051404040404041], [0.5505962065361302, 1.3266550388606178, 0.5556444444444445], [0.5437039626004769, 1.32574424238667, 0.6061484848484848], [0.5362854831747469, 1.3247477783501103, 0.6566525252525253], [0.5283551687073672, 1.3236638763944815, 0.7071565656565657], [0.5199269382995519, 1.322490555551995, 0.757660606060606], [0.5110137755171088, 1.321225605093154, 0.8081646464646465], [0.5016272015752515, 1.3198665622999703, 0.8586686868686869], [0.4917766721163854, 1.3184106846826598, 0.9091727272727272], [0.4814688958824739, 1.3168549182548115, 0.9596767676767677], [0.48146889588249653, 1.3168549182552038, 0.9596767676767677], [0.47070708603505074, 1.3151958591143798, 1.0101808080808081], [0.47070708603506484, 1.3151958591148456, 1.0101808080808081], [0.4594901588126147, 1.3134297087780622, 1.0606848484848486], [0.459490158812619, 1.3134297087786253, 1.0606848484848486], [0.44781189584758163, 1.311552219993222, 1.111188888888889], [0.4478118958475876, 1.3115522199928737, 1.111188888888889], [0.43566007701838316, 1.3095586317563972, 1.1616929292929292], [0.43566007701838455, 1.3095586317562409, 1.1616929292929292], [0.4230155649251089, 1.307443590524522, 1.2121969696969697], [0.4230155649251189, 1.3074435905246211, 1.2121969696969697], [0.4098512834169456, 1.305201053732587, 1.26270101010101], [0.40985128341694, 1.3052010537328131, 1.26270101010101], [0.39613098328686286, 1.3028241706910062, 1.3132050505050505], [0.3961309832868642, 1.3028241706912298, 1.3132050505050505], [0.38180762912630345, 1.3003051337109948, 1.363709090909091], [0.3818076291262984, 1.3003051337112939, 1.363709090909091], [0.36682116004640986, 1.297634991159194, 1.4142131313131314], [0.3668211600464072, 1.297634991159564, 1.4142131313131314], [0.35109527908583993, 1.2948034051163866, 1.4647171717171716], [0.3510952790858352, 1.2948034051168398, 1.4647171717171716], [0.3345326972671822, 1.2917983404209799, 1.515221212121212], [0.33453269726718765, 1.2917983404205158, 1.515221212121212], [0.31700793309016695, 1.288605650084796, 1.5657252525252525], [0.3170079330901679, 1.288605650084457, 1.5657252525252525], [0.29835604905753826, 1.2852085162078197, 1.616229292929293], [0.2983560490575294, 1.285208516207635, 1.616229292929293], [0.27835426641267363, 1.2815866771134827, 1.6667333333333334], [0.2566902504171981, 1.2777153294997918, 1.7172373737373738], [0.23290312307296104, 1.2735635140448864, 1.7677414141414143], [0.20626173719884353, 1.269091621510197, 1.8182454545454545], [0.17547266266434325, 1.2642475348903826, 1.868749494949495], [0.13778457768137647, 1.2589595598379542, 1.9192535353535354], [0.0844159361922124, 1.2531238465189412, 1.9697575757575758], [1.2465770133482386, null, 2.0202616161616165], [1.239025402362337, null, 2.0707656565656567], [1.229771614156859, null, 2.1212696969696974], [1.2153693513436725, null, 2.1717737373737376], [1.215369351343314, null, 2.1717737373737376], [1.199184707215349, null, 2.2222777777777782], [1.1991847072153743, null, 2.2222777777777782], [1.183643619880669, null, 2.2727818181818185], [1.1836436198806515, null, 2.2727818181818185], [1.1687133507074838, null, 2.3232858585858587], [1.1687133507074692, null, 2.3232858585858587], [1.1543621510042634, null, 2.3737898989898993], [1.1543621510042392, null, 2.3737898989898993], [1.1405593204504023, null, 2.4242939393939396], [1.1405593204504072, null, 2.4242939393939396], [1.127275244373289, null, 2.47479797979798], [1.1272752443733114, null, 2.47479797979798], [1.1144814216656846, null, 2.5253020202020204], [1.1144814216656935, null, 2.5253020202020204], [1.1021504913806137, null, 2.575806060606061], [1.1021504913805902, null, 2.575806060606061], [1.09025623331527, null, 2.6263101010101013], [1.0902562333152592, null, 2.6263101010101013], [1.0787735705332686, null, 2.6768141414141415], [1.0787735705332568, null, 2.6768141414141415], [1.0676785520475374, null, 2.727318181818182], [1.0676785520475385, null, 2.727318181818182], [1.0569483381381577, null, 2.7778222222222224], [1.0569483381381477, null, 2.7778222222222224], [1.0465611744084125, null, 2.828326262626263], [1.0465611744084284, null, 2.828326262626263], [1.0364963598898136, null, 2.8788303030303033], [1.0364963598898242, null, 2.8788303030303033], [1.0267342120765959, null, 2.9293343434343435], [1.017256028131059, null, 2.979838383838384], [1.0080440437922793, null, 3.0303424242424244], [0.999081389805598, null, 3.080846464646465], [0.9903520480814204, null, 3.1313505050505053], [0.9818408065451718, null, 3.181854545454546], [0.9735332143611134, null, 3.232358585858586], [0.9654155365901171, null, 3.2828626262626264], [0.9574747107411755, null, 3.333366666666667], [0.9496983017284584, null, 3.3838707070707073], [0.9420744613380629, null, 3.434374747474748], [0.9345918844467714, null, 3.484878787878788], [0.9272397694936881, null, 3.535382828282829], [0.9200077784948291, null, 3.585886868686869], [0.9128859984285796, null, 3.6363909090909092], [0.9058649037828304, null, 3.68689494949495], [0.8989353190730541, null, 3.73739898989899], [0.8920883834872709, null, 3.7879030303030308], [0.8853155143258745, null, 3.838407070707071], [0.8786083724248067, null, 3.888911111111111], [0.871958826142473, null, 3.939415151515152], [0.8653589194731581, null, 3.989919191919192], [0.858800828445174, null, 4.040423232323232], [0.8522768323750207, null, 4.0909272727272725], [0.8457792733138967, null, 4.141431313131313], [0.839300514359004, null, 4.191935353535354], [0.8328329007244392, null, 4.242439393939394], [0.8263687135378497, null, 4.292943434343434], [0.8199001213718008, null, 4.3434474747474745], [0.8134191269847006, null, 4.393951515151515], [0.8069175055236096, null, 4.444455555555556], [0.8003867505246239, null, 4.494959595959596], [0.7938179701800508, null, 4.545463636363636], [0.7872018300531133, null, 4.5959676767676765], [0.7805284331253584, null, 4.646471717171717], [0.7737871968299557, null, 4.696975757575758], [0.7669667166300365, null, 4.747479797979798], [0.7600545827229358, null, 4.797983838383838], [0.7530371642286302, null, 4.8484878787878785], [0.7458993385866886, null, 4.898991919191919], [0.738624149634593, null, 4.94949595959596], [0.7311923693766579, null, 5.0]]}