{"dim": 3, "delta": 2.0, "mu": 10, "dmu": 3.1, "g": -0.37460994738181336, "k_c": 50, "data": [[0.5823634430900069, 1.2834319278845416, 0.0001], [0.58203045382893, 1.283391237818645, 0.05060404040404041], [0.581035188609172, 1.283269420926524, 0.10110808080808081], [0.5793808659221974, 1.283066273765948, 0.1516121212121212], [0.5770727893757753, 1.2827814559191053, 0.2021161616161616], [0.5741183022837291, 1.282414486527245, 0.252620202020202], [0.5705266908049282, 1.2819647411464459, 0.3031242424242424], [0.5663090755144261, 1.2814314461660896, 0.35362828282828285], [0.5614782797207274, 1.2808136720675636, 0.40413232323232323], [0.5560486767157211, 1.2801103257254773, 0.4546363636363636], [0.5500360199865956, 1.2793201403865153, 0.5051404040404041], [0.5434572440566888, 1.2784416642683694, 0.5556444444444445], [0.536330249334098, 1.2774732465987406, 0.6061484848484848], [0.528673649773753, 1.2764130214751486, 0.6566525252525253], [0.5205064744460101, 1.2752588881702154, 0.7071565656565657], [0.511847806320392, 1.2740084911436171, 0.757660606060606], [0.5027163244501327, 1.2726591883300369, 0.8081646464646465], [0.49312970972284725, 1.271208024880473, 0.8586686868686869], [0.48310386653931375, 1.269651693303084, 0.9091727272727272], [0.4831038665393114, 1.2696516933035695, 0.9091727272727272], [0.4726519214828781, 1.2679864890579087, 0.9596767676767677], [0.4726519214828766, 1.2679864890584498, 0.9596767676767677], [0.4617830003852142, 1.2662082604127596, 1.0101808080808081], [0.4617830003852157, 1.2662082604124822, 1.0101808080808081], [0.4505008638479206, 1.2643123384747343, 1.0606848484848486], [0.45050086384792193, 1.2643123384746182, 1.0606848484848486], [0.43880257041326076, 1.2622934656935894, 1.111188888888889], [0.43880257041326265, 1.262293465693699, 1.111188888888889], [0.42667736053462196, 1.2601456976230487, 1.1616929292929292], [0.4266773605346199, 1.2601456976232963, 1.1616929292929292], [0.41410585154176094, 1.2578622866339553, 1.2121969696969697], [0.41410585154175733, 1.2578622866342375, 1.2121969696969697], [0.40105943961966645, 1.2554355356825662, 1.26270101010101], [0.4010594396196619, 1.2554355356829, 1.26270101010101], [0.38749963872228843, 1.2528566140067827, 1.3132050505050505], [0.38749963872228654, 1.2528566140071538, 1.3132050505050505], [0.3733770234824094, 1.2501153206821565, 1.363709090909091], [0.3733770234824124, 1.250115320681724, 1.363709090909091], [0.3586294379811886, 1.2471997799664418, 1.4142131313131314], [0.3586294379815587, 1.247199779965964, 1.4142131313131314], [0.3431791008733114, 1.2440960357077384, 1.4647171717171716], [0.34317910087332076, 1.2440960357074287, 1.4647171717171716], [0.3269280898433705, 1.2407875077213641, 1.515221212121212], [0.32692808984336635, 1.240787507721228, 1.515221212121212], [0.3097513505080414, 1.2372542433533602, 1.5657252525252525], [0.30975135050803687, 1.2372542433533673, 1.5657252525252525], [0.29148568595147284, 1.2334718522913448, 1.616229292929293], [0.2914856859514648, 1.2334718522913501, 1.616229292929293], [0.2719117761474614, 1.2294099608346252, 1.6667333333333334], [0.27191177614746226, 1.2294099608346267, 1.6667333333333334], [0.2507231681275434, 1.2250298547152723, 1.7172373737373738], [0.22746863645604007, 1.2202806976724052, 1.7677414141414143], [0.2014333198228215, 1.2150931637478035, 1.8182454545454545], [0.17135354283329232, 1.2093676318993705, 1.868749494949495], [0.13454238574666272, 1.2029497409756333, 1.9192535353535354], [0.08242543807701999, 1.1955696713016781, 1.9697575757575758], [1.1866309888127222, null, 2.0202616161616165], [1.1730506510050431, null, 2.0707656565656567], [1.173050651005083, null, 2.0707656565656567], [1.1559758855035547, null, 2.1212696969696974], [1.1559758855035676, null, 2.1212696969696974], [1.139637857478593, null, 2.1717737373737376], [1.1396378574786186, null, 2.1717737373737376], [1.1239973301410728, null, 2.2222777777777782], [1.1239973301411141, null, 2.2222777777777782], [1.1090162069202978, null, 2.2727818181818185], [1.109016206920311, null, 2.2727818181818185], [1.0946576290942187, null, 2.3232858585858587], [1.0946576290942311, null, 2.3232858585858587], [1.0808860541797454, null, 2.3737898989898993], [1.080886054179746, null, 2.3737898989898993], [1.0676673132121886, null, 2.4242939393939396], [1.0676673132121783, null, 2.4242939393939396], [1.0549686513552394, null, 2.47479797979798], [1.0549686513552525, null, 2.47479797979798], [1.0427587487831416, null, 2.5253020202020204], [1.0427587487831391, null, 2.5253020202020204], [1.0310077262349169, null, 2.575806060606061], [1.0310077262349107, null, 2.575806060606061], [1.0196871356667172, null, 2.6263101010101013], [1.0196871356667183, null, 2.6263101010101013], [1.0087699414622073, null, 2.6768141414141415], [1.0087699414622078, null, 2.6768141414141415], [0.9982304839927726, null, 2.727318181818182], [0.998230483992807, null, 2.727318181818182], [0.9880444439523739, null, 2.7778222222222224], [0.988044443952439, null, 2.7778222222222224], [0.9781887934249943, null, 2.828326262626263], [0.9686417440080516, null, 2.8788303030303033], [0.9593826903006074, null, 2.9293343434343435], [0.9503921529061358, null, 2.979838383838384], [0.9416517165880803, null, 3.0303424242424244], [0.933143970182439, null, 3.080846464646465], [0.9248524466629039, null, 3.1313505050505053], [0.9167615616059727, null, 3.181854545454546], [0.9088565550873147, null, 3.232358585858586], [0.9011234335357948, null, 3.2828626262626264], [0.8935489134518041, null, 3.333366666666667], [0.886120365947552, null, 3.3838707070707073], [0.8788257646405659, null, 3.434374747474748], [0.8716536344167141, null, 3.484878787878788], [0.8645930003993254, null, 3.535382828282829], [0.8576333394295399, null, 3.585886868686869], [0.8507645365062511, null, 3.6363909090909092], [0.8439768313289481, null, 3.68689494949495], [0.837260779936473, null, 3.73739898989899], [0.8306072061928146, null, 3.7879030303030308], [0.8240071575282121, null, 3.838407070707071], [0.8174518596863233, null, 3.888911111111111], [0.8109326706259142, null, 3.939415151515152], [0.8044410330178946, null, 3.989919191919192], [0.7979684248804861, null, 4.040423232323232], [0.7915063068677165, null, 4.0909272727272725], [0.7850460637488682, null, 4.141431313131313], [0.7785789571994234, null, 4.191935353535354], [0.7720960316062044, null, 4.242439393939394], [0.7655880637932317, null, 4.292943434343434], [0.7590454675241887, null, 4.3434474747474745], [0.7524581936026542, null, 4.393951515151515], [0.7458156213593602, null, 4.444455555555556], [0.7391064134022111, null, 4.494959595959596], [0.7323183672008584, null, 4.545463636363636], [0.725438196722446, null, 4.5959676767676765], [0.7184513063401362, null, 4.646471717171717], [0.7113414757337119, null, 4.696975757575758], [0.7040904725936974, null, 4.747479797979798], [0.6966775495722932, null, 4.797983838383838], [0.6890787819968606, null, 4.8484878787878785], [0.6812661781089573, null, 4.898991919191919], [0.673206456037324, null, 4.94949595959596], [0.6648593180679889, null, 5.0]]}