{"dim": 3, "delta": 2.0, "mu": 10, "dmu": 2.87, "g": -0.37135241542059677, "k_c": 50, "data": [[0.5689622579763793, 1.1657866734161795, 0.0001], [0.5685758823408774, 1.165738800004548, 0.05060404040404041], [0.5674210525560895, 1.1655954537462214, 0.10110808080808081], [0.5655014604207239, 1.1653563230115742, 0.1516121212121212], [0.5628230881603982, 1.1650208851912027, 0.2021161616161616], [0.5593939242789847, 1.1645884005039473, 0.252620202020202], [0.5552234770256108, 1.1640579062310707, 0.3031242424242424], [0.5503219152642521, 1.1634282025019476, 0.35362828282828285], [0.5446983773545924, 1.1626978427983061, 0.40413232323232323], [0.5383569028355042, 1.1618651133204272, 0.4546363636363636], [0.5312820344637552, 1.1609280159422353, 0.5051404040404041], [0.5233550716038045, 1.1598842434440741, 0.5556444444444445], [0.5149939617743863, 1.1587311452510993, 0.6061484848484848], [0.506368738320941, 1.1574656967526016, 0.6566525252525253], [0.4974543820370301, 1.1560844531350145, 0.7071565656565657], [0.48822812040207036, 1.15458349763844, 0.757660606060606], [0.47866921223730385, 1.1529583779264452, 0.8081646464646465], [0.46875892024403754, 1.1512040287678496, 0.8586686868686869], [0.4584806268927433, 1.1493146770708524, 0.9091727272727272], [0.4584806268925412, 1.149314677071141, 0.9091727272727272], [0.44782006297425053, 1.1472837236820137, 0.9596767676767677], [0.4478200629740385, 1.1472837236823579, 0.9596767676767677], [0.4367656256792247, 1.1451035969754102, 1.0101808080808081], [0.43676562567900257, 1.145103596975793, 1.0101808080808081], [0.4253087652824922, 1.1427655671918708, 1.0606848484848486], [0.4253087652822765, 1.1427655671923125, 1.0606848484848486], [0.41344441977540586, 1.1402595081633022, 1.111188888888889], [0.41344441977520013, 1.1402595081628426, 1.111188888888889], [0.40117147391671265, 1.1375735898167354, 1.1616929292929292], [0.40117147391651314, 1.1375735898163668, 1.1616929292929292], [0.3884932182381904, 1.1346938710732202, 1.2121969696969697], [0.3884932182379909, 1.1346938710730239, 1.2121969696969697], [0.3754177794391852, 1.1316037529019571, 1.26270101010101], [0.3754177794390527, 1.131603752901945, 1.26270101010101], [0.36195849473048397, 1.1282832259224769, 1.3132050505050505], [0.3619584947302947, 1.1282832259224898, 1.3132050505050505], [0.3481341973526114, 1.124707808690714, 1.363709090909091], [0.3481341973524267, 1.1247078086907278, 1.363709090909091], [0.3339693935744936, 1.1208470014894245, 1.4142131313131314], [0.3339693935743113, 1.1208470014894254, 1.4142131313131314], [0.3194943039073015, 1.116661948968461, 1.4647171717171716], [0.31949430390777356, 1.1166619489684502, 1.4647171717171716], [0.30474475773051735, 1.1121017327174039, 1.515221212121212], [0.3047447577305253, 1.1121017327174054, 1.515221212121212], [0.28914166219783116, 1.1070971527288218, 1.5657252525252525], [0.2891416621977992, 1.1070971527288267, 1.5657252525252525], [0.2723050393766141, 1.1015494263902015, 1.616229292929293], [0.27230503937661343, 1.1015494263902077, 1.616229292929293], [0.25416581598845145, 1.0953073324669016, 1.6667333333333334], [0.25416581598860094, 1.09530733246691, 1.6667333333333334], [0.234468146659929, 1.088112913400236, 1.7172373737373738], [0.23446814665992186, 1.0881129134003344, 1.7172373737373738], [0.2128033969762213, 1.0794305620684383, 1.7677414141414143], [0.18850943830371372, 1.0672012164358584, 1.8182454545454545], [0.1604067588618476, 1.0474328232977455, 1.868749494949495], [0.1259805320949555, 1.0287262793167176, 1.9192535353535354], [0.0771986897508382, 1.0110254440417146, 1.9697575757575758], [0.9942674460192057, null, 2.0202616161616165], [0.9783911858971475, null, 2.0707656565656567], [0.978391185897188, null, 2.0707656565656567], [0.9633376756907086, null, 2.1212696969696974], [0.9633376756907243, null, 2.1212696969696974], [0.9490503126763762, null, 2.1717737373737376], [0.9490503126763891, null, 2.1717737373737376], [0.9354750777845959, null, 2.2222777777777782], [0.9354750777845786, null, 2.2222777777777782], [0.9225606693692155, null, 2.2727818181818185], [0.9225606693692094, null, 2.2727818181818185], [0.9102585672101774, null, 2.3232858585858587], [0.9102585672102136, null, 2.3232858585858587], [0.8985230591455808, null, 2.3737898989898993], [0.8985230591455823, null, 2.3737898989898993], [0.8873112101746047, null, 2.4242939393939396], [0.8873112101745864, null, 2.4242939393939396], [0.8765827989486807, null, 2.47479797979798], [0.8765827989486598, null, 2.47479797979798], [0.8663002272417996, null, 2.5253020202020204], [0.8663002272417918, null, 2.5253020202020204], [0.8564284073089425, null, 2.575806060606061], [0.8469346345555027, null, 2.6263101010101013], [0.837788450806556, null, 2.6768141414141415], [0.8289615021540359, null, 2.727318181818182], [0.8204273952990115, null, 2.7778222222222224], [0.8121615415883412, null, 2.828326262626263], [0.8041410826050359, null, 2.8788303030303033], [0.7963446236846012, null, 2.9293343434343435], [0.7887522345734146, null, 2.979838383838384], [0.781345259359317, null, 3.0303424242424244], [0.7741062116679803, null, 3.080846464646465], [0.767018661231296, null, 3.1313505050505053], [0.7600671286089229, null, 3.181854545454546], [0.7532369827019444, null, 3.232358585858586], [0.7465143454487945, null, 3.2828626262626264], [0.7398859988634289, null, 3.333366666666667], [0.7333392976928963, null, 3.3838707070707073], [0.7268620831520693, null, 3.434374747474748], [0.7204425992809571, null, 3.484878787878788], [0.714069409840827, null, 3.535382828282829], [0.7077313171100722, null, 3.585886868686869], [0.7014172734020202, null, 3.6363909090909092], [0.6951162971790705, null, 3.68689494949495], [0.6888173787427466, null, 3.73739898989899], [0.6825093807988485, null, 3.7879030303030308], [0.6761809292186515, null, 3.838407070707071], [0.6698202904603311, null, 3.888911111111111], [0.6634152321600283, null, 3.939415151515152], [0.6569528591658653, null, 3.989919191919192], [0.6504194217983932, null, 4.040423232323232], [0.643800080384383, null, 4.0909272727272725], [0.6370786188804727, null, 4.141431313131313], [0.6302370832629325, null, 4.191935353535354], [0.6232553204858259, null, 4.242439393939394], [0.6161103770657197, null, 4.292943434343434], [0.6087756984891322, null, 4.3434474747474745], [0.6012200378110109, null, 4.393951515151515], [0.5934059289599234, null, 4.444455555555556], [0.5852874854901372, null, 4.494959595959596], [0.5768071137357451, null, 4.545463636363636], [0.5678903930156214, null, 4.5959676767676765], [0.5584376756770324, null, 4.646471717171717], [0.5483093688837452, null, 4.696975757575758], [0.5483093688837493, null, 4.696975757575758], [0.5372977917693522, null, 4.747479797979798], [0.5372977917693657, null, 4.747479797979798], [0.5250664405711274, null, 4.797983838383838], [0.525066440571124, null, 4.797983838383838], [0.510992373575279, null, 4.8484878787878785], [0.5109923735752836, null, 4.8484878787878785], [0.4935983635770677, null, 4.898991919191919], [0.4935983635770772, null, 4.898991919191919], [0.46443402022207764, null, 4.94949595959596], [0.25559078983856814, null, 5.0]]}