{"dim": 3, "delta": 2.0, "mu": 10, "dmu": 2.88, "g": -0.37150293425947395, "k_c": 50, "data": [[0.5695640828506442, 1.1711514369896585, 0.0001], [0.5691810040553215, 1.1711039523078037, 0.05060404040404041], [0.5680360565943985, 1.1709617713741671, 0.10110808080808081], [0.566132992165864, 1.17072458925585, 0.1516121212121212], [0.5634779168771885, 1.1703918943407419, 0.2021161616161616], [0.56007905243417, 1.1699629633989843, 0.252620202020202], [0.5559463387333856, 1.1694368534386868, 0.3031242424242424], [0.5510907605886868, 1.1688123913962645, 0.35362828282828285], [0.5455230977006349, 1.1680881633422797, 0.40413232323232323], [0.5392511691975088, 1.167262493778066, 0.4546363636363636], [0.5322716113230388, 1.166333430753152, 0.5051404040404041], [0.524505917674421, 1.1652987196887308, 0.5556444444444445], [0.5161062584095846, 1.1641557747866542, 0.6061484848484848], [0.507446015355669, 1.1629016449289487, 0.6566525252525253], [0.498500457589623, 1.1615329720036434, 0.7071565656565657], [0.48924714791670953, 1.1600459405501253, 0.757660606060606], [0.47966572382732503, 1.15843621723833, 0.8081646464646465], [0.4697378487137655, 1.1566988770878994, 0.8586686868686869], [0.4594473175672445, 1.1548283126482182, 0.9091727272727272], [0.45944731756703866, 1.1548283126484913, 0.9091727272727272], [0.4487802681462064, 1.152818122505239, 0.9596767676767677], [0.4487802681460127, 1.152818122505572, 0.9596767676767677], [0.437725480128119, 1.1506609718592005, 1.0101808080808081], [0.43772548012791435, 1.1506609718595733, 1.0101808080808081], [0.4262747404500798, 1.1483484173245222, 1.0606848484848486], [0.42627474044986885, 1.148348417324946, 1.0606848484848486], [0.4144232546404202, 1.1458706827235834, 1.111188888888889], [0.41442325464021923, 1.1458706827240879, 1.111188888888889], [0.40217008164419726, 1.143216370412797, 1.1616929292929292], [0.40217008164399104, 1.143216370412396, 1.1616929292929292], [0.38951856835019644, 1.1403720804994153, 1.2121969696969697], [0.3895185683499969, 1.1403720804991504, 1.2121969696969697], [0.3764767573791673, 1.1373219044497747, 1.26270101010101], [0.3764767573789757, 1.1373219044497007, 1.26270101010101], [0.36305774082123277, 1.1340467249552846, 1.3132050505050505], [0.36305774082105635, 1.1340467249552957, 1.3132050505050505], [0.3492799330409986, 1.1305232446110587, 1.363709090909091], [0.34927993304080796, 1.130523244611052, 1.363709090909091], [0.3351672377193465, 1.1267225743078613, 1.4142131313131314], [0.33516723771889856, 1.12672257430787, 1.4142131313131314], [0.3207490898933555, 1.12260812374799, 1.4647171717171716], [0.3207490898933559, 1.122608123747989, 1.4647171717171716], [0.30601463003665025, 1.1181322911395224, 1.515221212121212], [0.30601463003664886, 1.1181322911395353, 1.515221212121212], [0.2902274386109758, 1.1132309976782413, 1.5657252525252525], [0.2902274386109699, 1.1132309976782413, 1.5657252525252525], [0.27328819615178745, 1.1078139464179402, 1.616229292929293], [0.2732881961517839, 1.1078139464179417, 1.616229292929293], [0.25505986723416757, 1.1017454823003705, 1.6667333333333334], [0.25505986723424484, 1.1017454823003072, 1.6667333333333334], [0.23527691480945917, 1.0948010570522044, 1.7172373737373738], [0.23527691480945795, 1.0948010570522422, 1.7172373737373738], [0.21352601868719084, 1.0865410371612743, 1.7677414141414143], [0.18914127382590604, 1.0756672017610192, 1.8182454545454545], [0.16093844486652156, 1.056919409437322, 1.868749494949495], [0.126394072204692, 1.0381010043779082, 1.9192535353535354], [0.07744993004127869, 1.02028448749672, 1.9697575757575758], [1.0034081779948931, null, 2.0202616161616165], [0.9874120603357115, null, 2.0707656565656567], [0.9874120603357406, null, 2.0707656565656567], [0.9722381198490118, null, 2.1212696969696974], [0.972238119849242, null, 2.1212696969696974], [0.9578306128692312, null, 2.1717737373737376], [0.9578306128692886, null, 2.1717737373737376], [0.9441362659780632, null, 2.2222777777777782], [0.944136265978052, null, 2.2222777777777782], [0.9311044145554823, null, 2.2727818181818185], [0.9311044145554935, null, 2.2727818181818185], [0.9186870754636082, null, 2.3232858585858587], [0.9186870754636337, null, 2.3232858585858587], [0.9068389780869568, null, 2.3737898989898993], [0.9068389780869585, null, 2.3737898989898993], [0.8955175454372403, null, 2.4242939393939396], [0.8955175454372355, null, 2.4242939393939396], [0.8846828387861277, null, 2.47479797979798], [0.884682838786128, null, 2.47479797979798], [0.874297478277533, null, 2.5253020202020204], [0.8742974782775383, null, 2.5253020202020204], [0.864326537831907, null, 2.575806060606061], [0.8547374272286381, null, 2.6263101010101013], [0.8454997631828287, null, 2.6768141414141415], [0.8365852332251427, null, 2.727318181818182], [0.8279674632823116, null, 2.7778222222222224], [0.8196218710709594, null, 2.828326262626263], [0.8115255403573932, null, 2.8788303030303033], [0.803657085614129, null, 2.9293343434343435], [0.7959965252114396, null, 2.979838383838384], [0.7885251620905143, null, 3.0303424242424244], [0.7812254660179169, null, 3.080846464646465], [0.7740809652345473, null, 3.1313505050505053], [0.7670761421133301, null, 3.181854545454546], [0.7601963328006291, null, 3.232358585858586], [0.7534276338133002, null, 3.2828626262626264], [0.7467568117166536, null, 3.333366666666667], [0.7401712158300506, null, 3.3838707070707073], [0.7336586955804274, null, 3.434374747474748], [0.7272075179160657, null, 3.484878787878788], [0.7208062869940938, null, 3.535382828282829], [0.7144438634781424, null, 3.585886868686869], [0.7081092828047884, null, 3.6363909090909092], [0.7017916708881031, null, 3.68689494949495], [0.695480155650345, null, 3.73739898989899], [0.6891637724186982, null, 3.7879030303030308], [0.6828313606233402, null, 3.838407070707071], [0.6764714492757754, null, 3.888911111111111], [0.6700721265340676, null, 3.939415151515152], [0.6636208895882647, null, 3.989919191919192], [0.657104466925189, null, 4.040423232323232], [0.650508606113001, null, 4.0909272727272725], [0.6438178137631194, null, 4.141431313131313], [0.6370150320804403, null, 4.191935353535354], [0.6300812296427666, null, 4.242439393939394], [0.6229948718829181, null, 4.292943434343434], [0.6157312235549908, null, 4.3434474747474745], [0.6082614086673662, null, 4.393951515151515], [0.6005511115151149, null, 4.444455555555556], [0.5925587329751338, null, 4.494959595959596], [0.5842326808829412, null, 4.545463636363636], [0.5755072436217831, null, 4.5959676767676765], [0.5662959891602859, null, 4.646471717171717], [0.556480586580862, null, 4.696975757575758], [0.5458903541413928, null, 4.747479797979798], [0.5458903541413834, null, 4.747479797979798], [0.5342608512332122, null, 4.797983838383838], [0.5342608512332286, null, 4.797983838383838], [0.5211364898733103, null, 4.8484878787878785], [0.5211364898733076, null, 4.8484878787878785], [0.5055788022656302, null, 4.898991919191919], [0.5055788022656178, null, 4.898991919191919], [0.48470665547715475, null, 4.94949595959596], [0.37541445076360574, null, 5.0]]}