{"dim": 3, "delta": 2.0, "mu": 10, "dmu": 2.9, "g": -0.37180129714398263, "k_c": 50, "data": [[0.5707606954313137, 1.181805502680187, 0.0001], [0.5703838528269396, 1.181758769788622, 0.05060404040404041], [0.5692575860823256, 1.18161884246361, 0.10110808080808081], [0.5673857205864467, 1.181385428347757, 0.1516121212121212], [0.5647745207141054, 1.1810580370165513, 0.2021161616161616], [0.561432516266978, 1.1806359753156943, 0.252620202020202], [0.5573702285890793, 1.180118339828634, 0.3031242424242424], [0.5525997421092584, 1.1795040076453822, 0.35362828282828285], [0.5471339903881263, 1.1787916245114942, 0.40413232323232323], [0.5409854088020349, 1.1779795888004638, 0.4546363636363636], [0.5341627868709031, 1.1770660349218833, 0.5051404040404041], [0.5266605538920279, 1.17604880974207, 0.5556444444444445], [0.518385268974539, 1.1749254469111066, 0.6061484848484848], [0.5096579123098932, 1.1736931344464816, 0.6566525252525253], [0.5006527266535804, 1.1723486768390137, 0.7071565656565657], [0.4913479062742587, 1.1708884487720537, 0.757660606060606], [0.4817237849099707, 1.169308339433764, 0.8081646464646465], [0.4717627707915554, 1.1676036854165908, 0.8586686868686869], [0.461449420610606, 1.1657691865917887, 0.9091727272727272], [0.46144942061041816, 1.1657691865922772, 0.9091727272727272], [0.45077062024103404, 1.1637988132103594, 0.9596767676767677], [0.45077062024084363, 1.1637988132106478, 0.9596767676767677], [0.4397158484200353, 1.1616856640743531, 1.0101808080808081], [0.4397158484198418, 1.1616856640746744, 1.0101808080808081], [0.42827750265501624, 1.1594218259897104, 1.0606848484848486], [0.4282775026548171, 1.1594218259901072, 1.0606848484848486], [0.4164512677794576, 1.1569981659308226, 1.111188888888889], [0.41645126777925723, 1.1569981659312805, 1.111188888888889], [0.4042365062104203, 1.154404077481332, 1.1616929292929292], [0.4042365062102248, 1.1544040774808846, 1.1616929292929292], [0.39163664796200487, 1.1516271469634776, 1.2121969696969697], [0.39163664796180947, 1.1516271469630213, 1.2121969696969697], [0.37865955709467763, 1.1486527120041552, 1.26270101010101], [0.3786595570944966, 1.1486527120039778, 1.26270101010101], [0.36531784959485664, 1.145463262620289, 1.3132050505050505], [0.3653178495946742, 1.1454632626202972, 1.3132050505050505], [0.3516291396617196, 1.1420376103789254, 1.363709090909091], [0.3516291396614072, 1.1420376103789336, 1.363709090909091], [0.33761619231001094, 1.1383497100612834, 1.4142131313131314], [0.3376161923100104, 1.13834971006129, 1.4142131313131314], [0.3233069562616718, 1.134366921573943, 1.4647171717171716], [0.32330695626166644, 1.1343669215739374, 1.4647171717171716], [0.3083483896260161, 1.1300473419902557, 1.515221212121212], [0.30834838962587785, 1.1300473419902601, 1.515221212121212], [0.29232023868341217, 1.1253355165291672, 1.5657252525252525], [0.29232023868341134, 1.1253355165291643, 1.5657252525252525], [0.27519901046035095, 1.1201550840943733, 1.616229292929293], [0.2751990104603468, 1.1201550840943648, 1.616229292929293], [0.2568048683561048, 1.1143949590913262, 1.6667333333333334], [0.2568048683561221, 1.114394959091306, 1.6667333333333334], [0.23685973174332137, 1.1078802401158925, 1.7172373737373738], [0.23685973174338443, 1.1078802401159031, 1.7172373737373738], [0.21494299282575594, 1.1002978934424474, 1.7677414141414143], [0.19038206247236508, 1.0909253764259494, 1.8182454545454545], [0.16198379537018595, 1.0756893155826692, 1.868749494949495], [0.1272079261790369, 1.0566593889390192, 1.9192535353535354], [0.07794477964639274, 1.038623021086217, 1.9697575757575758], [1.0215218626488642, null, 2.0202616161616165], [1.0052969342080507, null, 2.0707656565656567], [1.005296934208093, null, 2.0707656565656567], [0.9898924646171768, null, 2.1212696969696974], [0.989892464617209, null, 2.1212696969696974], [0.9752543910624176, null, 2.1717737373737376], [0.9752543910624498, null, 2.1717737373737376], [0.9613309105819373, null, 2.2222777777777782], [0.9613309105819821, null, 2.2222777777777782], [0.9480726283747549, null, 2.2727818181818185], [0.948072628374787, null, 2.2727818181818185], [0.9354326350202756, null, 2.3232858585858587], [0.9354326350202823, null, 2.3232858585858587], [0.9233665582594066, null, 2.3737898989898993], [0.9233665582593977, null, 2.3737898989898993], [0.9118325559434531, null, 2.4242939393939396], [0.9118325559434352, null, 2.4242939393939396], [0.9007912805304413, null, 2.47479797979798], [0.9007912805304497, null, 2.47479797979798], [0.8902058153841462, null, 2.5253020202020204], [0.8902058153841279, null, 2.5253020202020204], [0.8800415876872785, null, 2.575806060606061], [0.8800415876872888, null, 2.575806060606061], [0.870266266188559, null, 2.6263101010101013], [0.8608496471352561, null, 2.6768141414141415], [0.8517635330284402, null, 2.727318181818182], [0.8429816046350205, null, 2.7778222222222224], [0.8344793092899716, null, 2.828326262626263], [0.8262337056670009, null, 2.8788303030303033], [0.8182233722652142, null, 2.9293343434343435], [0.8104282714719122, null, 2.979838383838384], [0.8028296387465915, null, 3.0303424242424244], [0.7954098725882872, null, 3.080846464646465], [0.7881524296911742, null, 3.1313505050505053], [0.7810417251418954, null, 3.181854545454546], [0.7740630367000056, null, 3.232358585858586], [0.7672024147162507, null, 3.2828626262626264], [0.7604465953818113, null, 3.333366666666667], [0.753782917029136, null, 3.3838707070707073], [0.747199240772101, null, 3.434374747474748], [0.7406838718022257, null, 3.484878787878788], [0.7342254829985684, null, 3.535382828282829], [0.7278130387198046, null, 3.585886868686869], [0.7214357182026666, null, 3.6363909090909092], [0.7150828372552469, null, 3.68689494949495], [0.7087437670794834, null, 3.73739898989899], [0.7024078481806, null, 3.7879030303030308], [0.6960642977879684, null, 3.838407070707071], [0.6897021083716972, null, 3.888911111111111], [0.6833099340827052, null, 3.939415151515152], [0.6768759609124828, null, 3.989919191919192], [0.6703877484164611, null, 4.040423232323232], [0.6638320931523765, null, 4.0909272727272725], [0.6571947312001793, null, 4.141431313131313], [0.6504601590567398, null, 4.191935353535354], [0.6436112654235685, null, 4.242439393939394], [0.6366289238536724, null, 4.292943434343434], [0.6294914553365171, null, 4.3434474747474745], [0.6221739189307203, null, 4.393951515151515], [0.6146471538662175, null, 4.444455555555556], [0.606876454579689, null, 4.494959595959596], [0.5988196852363482, null, 4.545463636363636], [0.5904245079012599, null, 4.5959676767676765], [0.5816241450539907, null, 4.646471717171717], [0.5723305954331694, null, 4.696975757575758], [0.5624230816858675, null, 4.747479797979798], [0.5517268655043939, null, 4.797983838383838], [0.5517268655043918, null, 4.797983838383838], [0.5399700427158578, null, 4.8484878787878785], [0.539970042715868, null, 4.8484878787878785], [0.5266810147230889, null, 4.898991919191919], [0.5266810147230923, null, 4.898991919191919], [0.5108762163731075, null, 4.94949595959596], [0.5108762163731169, null, 4.94949595959596], [0.489424908614986, null, 5.0]]}